predicate,n,n_obj,cp_strict,cp_broad,light_verb,obj_rate,omission_rate,transitive_5,transitive_10,transitive_20
شد,2026,27,False,False,,0.01332675222112537,0.9866732477788747,False,False,False
داشت,1802,1677,False,False,,0.9306326304106548,0.0693673695893452,True,True,True
آمد,613,1,False,False,,0.0016313213703099511,0.99836867862969,False,False,False
رفت,574,6,False,False,,0.010452961672473868,0.9895470383275261,False,False,False
داد,533,498,False,False,,0.9343339587242027,0.06566604127579734,True,True,True
گرفت,437,398,False,False,,0.9107551487414187,0.08924485125858128,True,True,True
رسید,403,2,False,False,,0.004962779156327543,0.9950372208436724,False,False,False
دید,317,267,False,False,,0.8422712933753943,0.1577287066246057,True,True,True
آورد,299,273,False,False,,0.9130434782608695,0.08695652173913049,True,True,True
پیدا کرد,247,240,True,True,کرد,0.97165991902834,0.028340080971659964,True,True,True
کرد,221,156,False,False,,0.7058823529411765,0.2941176470588235,True,True,True
خواند,209,180,False,False,,0.861244019138756,0.13875598086124397,True,True,True
گذاشت,203,177,False,False,,0.8719211822660099,0.1280788177339901,True,True,True
افتاد,201,1,False,False,,0.004975124378109453,0.9950248756218906,False,False,False
گفت,200,120,False,False,,0.6,0.4,True,True,True
بود,199,1,False,False,,0.005025125628140704,0.9949748743718593,False,False,False
گشت,192,4,False,False,,0.020833333333333332,0.9791666666666666,False,False,False
دانست,183,149,False,False,,0.8142076502732241,0.18579234972677594,True,True,True
نشست,182,9,False,False,,0.04945054945054945,0.9505494505494505,False,False,False
زد,169,143,False,False,,0.8461538461538461,0.15384615384615385,True,True,True
ماند,167,1,False,False,,0.005988023952095809,0.9940119760479041,False,False,False
خورد,158,93,False,False,,0.5886075949367089,0.4113924050632911,True,True,True
کشید,156,140,False,False,,0.8974358974358975,0.10256410256410253,True,True,True
برد,154,128,False,False,,0.8311688311688312,0.16883116883116878,True,True,True
انداخت,134,124,False,False,,0.9253731343283582,0.07462686567164178,True,True,True
انجام داد,132,98,True,True,داد,0.7424242424242424,0.25757575757575757,True,True,True
نوشت,130,87,False,False,,0.6692307692307692,0.3307692307692308,True,True,True
وجود داشت,129,4,True,True,داشت,0.031007751937984496,0.9689922480620154,False,False,False
قرار داد,125,114,True,True,داد,0.912,0.08799999999999997,True,True,True
یافت,114,107,False,False,,0.9385964912280702,0.06140350877192979,True,True,True
خواست,114,50,False,False,,0.43859649122807015,0.5614035087719298,True,True,True
وارد شد,109,1,True,True,شد,0.009174311926605505,0.9908256880733946,False,False,False
گذشت,103,0,False,False,,0.0,1.0,False,False,False
قرار گرفت,99,2,True,True,گرفت,0.020202020202020204,0.9797979797979798,False,False,False
پرداخت,97,10,False,False,,0.10309278350515463,0.8969072164948454,True,True,False
ایستاد,96,0,False,False,,0.0,1.0,False,False,False
رساند,91,87,False,False,,0.9560439560439561,0.04395604395604391,True,True,True
استفاده کرد,87,4,True,True,کرد,0.04597701149425287,0.9540229885057472,False,False,False
شناخت,87,81,False,False,,0.9310344827586207,0.06896551724137934,True,True,True
دوست داشت,83,65,True,True,داشت,0.7831325301204819,0.2168674698795181,True,True,True
ریخت,82,48,False,False,,0.5853658536585366,0.41463414634146345,True,True,True
بست,80,73,False,False,,0.9125,0.08750000000000002,True,True,True
نهاد,74,65,False,False,,0.8783783783783784,0.1216216216216216,True,True,True
شنید,72,52,False,False,,0.7222222222222222,0.2777777777777778,True,True,True
شروع کرد,72,18,True,True,کرد,0.25,0.75,True,True,True
نشان داد,67,61,True,True,داد,0.9104477611940298,0.08955223880597019,True,True,True
ساخت,67,55,False,False,,0.8208955223880597,0.17910447761194026,True,True,True
فرستاد,66,53,False,False,,0.803030303030303,0.19696969696969702,True,True,True
نگاه کرد,65,15,True,True,کرد,0.23076923076923078,0.7692307692307692,True,True,True
گذارد,62,56,False,False,,0.9032258064516129,0.09677419354838712,True,True,True
بخشید,59,47,False,False,,0.7966101694915254,0.2033898305084746,True,True,True
کشت,59,52,False,False,,0.8813559322033898,0.11864406779661019,True,True,True
رسانید,58,54,False,False,,0.9310344827586207,0.06896551724137934,True,True,True
عمل کرد,56,4,True,True,کرد,0.07142857142857142,0.9285714285714286,True,False,False
پذیرفت,55,45,False,False,,0.8181818181818182,0.18181818181818177,True,True,True
اقدام کرد,54,1,True,True,کرد,0.018518518518518517,0.9814814814814815,False,False,False
شکست,54,42,False,False,,0.7777777777777778,0.2222222222222222,True,True,True
دست داد,53,35,True,True,داد,0.660377358490566,0.339622641509434,True,True,True
حرف زد,53,0,True,True,زد,0.0,1.0,False,False,False
خاست,52,0,False,False,,0.0,1.0,False,False,False
گرداند,51,48,False,False,,0.9411764705882353,0.05882352941176472,True,True,True
زندگی کرد,48,2,True,True,کرد,0.041666666666666664,0.9583333333333334,False,False,False
باز کرد,47,46,False,True,کرد,0.9787234042553191,0.021276595744680882,True,True,True
برگزار شد,46,0,True,True,شد,0.0,1.0,False,False,False
خندید,46,0,False,False,,0.0,1.0,False,False,False
حرکت کرد,45,0,True,True,کرد,0.0,1.0,False,False,False
ایجاد کرد,41,28,True,True,کرد,0.6829268292682927,0.31707317073170727,True,True,True
شمرد,41,34,False,False,,0.8292682926829268,0.1707317073170732,True,True,True
کار کرد,41,0,True,True,کرد,0.0,1.0,False,False,False
گردید,40,1,False,False,,0.025,0.975,False,False,False
دست زد,40,0,True,True,زد,0.0,1.0,False,False,False
ترسید,40,0,False,False,,0.0,1.0,False,False,False
مرد,40,0,False,False,,0.0,1.0,False,False,False
قرار داشت,40,0,True,True,داشت,0.0,1.0,False,False,False
شرکت کرد,38,1,True,True,کرد,0.02631578947368421,0.9736842105263158,False,False,False
آفرید,38,34,False,False,,0.8947368421052632,0.10526315789473684,True,True,True
افکند,38,35,False,False,,0.9210526315789473,0.07894736842105265,True,True,True
سر زد,38,0,True,True,زد,0.0,1.0,False,False,False
گشود,37,36,False,False,,0.972972972972973,0.027027027027026973,True,True,True
دست آورد,36,31,True,True,آورد,0.8611111111111112,0.13888888888888884,True,True,True
گزید,36,34,False,False,,0.9444444444444444,0.05555555555555558,True,True,True
کمک کرد,36,3,True,True,کرد,0.08333333333333333,0.9166666666666666,True,False,False
ایمان آورد,35,0,True,True,آورد,0.0,1.0,False,False,False
جست,35,32,False,False,,0.9142857142857143,0.08571428571428574,True,True,True
احساس کرد,35,10,True,True,کرد,0.2857142857142857,0.7142857142857143,True,True,True
نگریست,35,6,False,False,,0.17142857142857143,0.8285714285714285,True,True,False
آموخت,35,27,False,False,,0.7714285714285715,0.22857142857142854,True,True,True
گوش داد,35,5,True,True,داد,0.14285714285714285,0.8571428571428572,True,True,False
توانست,35,0,False,False,,0.0,1.0,False,False,False
اندیشید,34,3,False,False,,0.08823529411764706,0.9117647058823529,True,False,False
سپرد,33,30,False,False,,0.9090909090909091,0.09090909090909094,True,True,True
جنگید,33,0,False,False,,0.0,1.0,False,False,False
کوبید,33,24,False,False,,0.7272727272727273,0.2727272727272727,True,True,True
شست,32,26,False,False,,0.8125,0.1875,True,True,True
نشاند,32,31,False,False,,0.96875,0.03125,True,True,True
فهمید,32,18,False,False,,0.5625,0.4375,True,True,True
بازی کرد,32,5,True,True,کرد,0.15625,0.84375,True,True,False
انتخاب کرد,31,28,True,True,کرد,0.9032258064516129,0.09677419354838712,True,True,True
وجود آمد,31,0,True,True,آمد,0.0,1.0,False,False,False
معرفی کرد,31,26,True,True,کرد,0.8387096774193549,0.16129032258064513,True,True,True
فراموش کرد,31,26,True,True,کرد,0.8387096774193549,0.16129032258064513,True,True,True
وارد کرد,31,26,True,True,کرد,0.8387096774193549,0.16129032258064513,True,True,True
انگیخت,31,31,False,False,,1.0,0.0,True,True,True
ادامه داد,31,10,True,True,داد,0.3225806451612903,0.6774193548387097,True,True,True
دریافت کرد,30,26,True,True,کرد,0.8666666666666667,0.1333333333333333,True,True,True
گذراند,30,27,False,False,,0.9,0.09999999999999998,True,True,True
خرید,30,22,False,False,,0.7333333333333333,0.2666666666666667,True,True,True
تغییر داد,29,18,True,True,داد,0.6206896551724138,0.3793103448275862,True,True,True
فکر کرد,29,0,True,True,کرد,0.0,1.0,False,False,False
فروخت,29,22,False,False,,0.7586206896551724,0.24137931034482762,True,True,True
اشاره کرد,29,1,True,True,کرد,0.034482758620689655,0.9655172413793104,False,False,False
صحبت کرد,28,0,True,True,کرد,0.0,1.0,False,False,False
اعلام کرد,28,21,True,True,کرد,0.75,0.25,True,True,True
نقل کرد,28,13,True,True,کرد,0.4642857142857143,0.5357142857142857,True,True,True
حل کرد,28,28,True,True,کرد,1.0,0.0,True,True,True
جمع کرد,28,24,True,True,کرد,0.8571428571428571,0.1428571428571429,True,True,True
آغاز شد,28,0,True,True,شد,0.0,1.0,False,False,False
تلاش کرد,28,0,True,True,کرد,0.0,1.0,False,False,False
پرید,28,0,False,False,,0.0,1.0,False,False,False
برید,27,26,False,False,,0.9629629629629629,0.03703703703703709,True,True,True
تغییر کرد,27,0,True,True,کرد,0.0,1.0,False,False,False
آغاز کرد,27,21,True,True,کرد,0.7777777777777778,0.2222222222222222,True,True,True
سخن گفت,27,0,True,True,گفت,0.0,1.0,False,False,False
رها کرد,27,20,False,True,کرد,0.7407407407407407,0.2592592592592593,True,True,True
تابید,27,15,False,False,,0.5555555555555556,0.4444444444444444,True,True,True
سوخت,27,0,False,False,,0.0,1.0,False,False,False
خوابید,26,0,False,False,,0.0,1.0,False,False,False
دوخت,26,22,False,False,,0.8461538461538461,0.15384615384615385,True,True,True
صرف کرد,26,13,True,True,کرد,0.5,0.5,True,True,True
باقی ماند,26,0,True,True,ماند,0.0,1.0,False,False,False
ارائه داد,26,21,True,True,داد,0.8076923076923077,0.1923076923076923,True,True,True
بیان کرد,26,22,True,True,کرد,0.8461538461538461,0.15384615384615385,True,True,True
چید,26,23,False,False,,0.8846153846153846,0.11538461538461542,True,True,True
کوشید,26,0,False,False,,0.0,1.0,False,False,False
صورت گرفت,25,0,True,True,گرفت,0.0,1.0,False,False,False
راه داد,25,24,True,True,داد,0.96,0.040000000000000036,True,True,True
ترک کرد,25,25,True,True,کرد,1.0,0.0,True,True,True
حمایت کرد,25,3,True,True,کرد,0.12,0.88,True,True,False
اصلاح کرد,25,20,True,True,کرد,0.8,0.19999999999999996,True,True,True
گریست,25,1,False,False,,0.04,0.96,False,False,False
پیچید,25,10,False,False,,0.4,0.6,True,True,True
نوشید,25,22,False,False,,0.88,0.12,True,True,True
امر کرد,24,10,True,True,کرد,0.4166666666666667,0.5833333333333333,True,True,True
کاشت,24,18,False,False,,0.75,0.25,True,True,True
بارید,24,1,False,False,,0.041666666666666664,0.9583333333333334,False,False,False
دوید,24,2,False,False,,0.08333333333333333,0.9166666666666666,False,False,False
بین رفت,24,0,True,True,رفت,0.0,1.0,False,False,False
نفوذ کرد,24,0,True,True,کرد,0.0,1.0,False,False,False
پوشید,24,18,False,False,,0.75,0.25,True,True,True
سر داد,24,21,True,True,داد,0.875,0.125,True,True,True
بررسی کرد,23,21,True,True,کرد,0.9130434782608695,0.08695652173913049,True,True,True
تن داد,23,0,True,True,داد,0.0,1.0,False,False,False
افراشت,23,22,False,False,,0.9565217391304348,0.04347826086956519,True,True,True
نامید,23,20,False,False,,0.8695652173913043,0.13043478260869568,True,True,True
نجات داد,23,21,True,True,داد,0.9130434782608695,0.08695652173913049,True,True,True
گریه کرد,22,0,True,True,کرد,0.0,1.0,False,False,False
درست کرد,22,20,False,True,کرد,0.9090909090909091,0.09090909090909094,True,True,True
اظهار کرد,22,4,True,True,کرد,0.18181818181818182,0.8181818181818181,True,True,False
تمام کرد,22,19,False,True,کرد,0.8636363636363636,0.13636363636363635,True,True,True
تجدید کرد,22,7,True,True,کرد,0.3181818181818182,0.6818181818181819,True,True,True
نگه داشت,22,21,True,True,داشت,0.9545454545454546,0.045454545454545414,True,True,True
راند,22,15,False,False,,0.6818181818181818,0.31818181818181823,True,True,True
یاد کرد,21,6,True,True,کرد,0.2857142857142857,0.7142857142857143,True,True,True
برخورد کرد,21,1,True,True,کرد,0.047619047619047616,0.9523809523809523,False,False,False
چرخید,21,0,False,False,,0.0,1.0,False,False,False
طلبید,21,18,False,False,,0.8571428571428571,0.1428571428571429,True,True,True
افروخت,21,18,False,False,,0.8571428571428571,0.1428571428571429,True,True,True
محسوب شد,21,0,True,True,شد,0.0,1.0,False,False,False
شکل گرفت,21,1,True,True,گرفت,0.047619047619047616,0.9523809523809523,False,False,False
تولید کرد,21,16,True,True,کرد,0.7619047619047619,0.23809523809523814,True,True,True
حمله کرد,21,0,True,True,کرد,0.0,1.0,False,False,False
فشرد,21,20,False,False,,0.9523809523809523,0.04761904761904767,True,True,True
آویخت,21,14,False,False,,0.6666666666666666,0.33333333333333337,True,True,True
کشاند,21,19,False,False,,0.9047619047619048,0.09523809523809523,True,True,True
دمید,21,4,False,False,,0.19047619047619047,0.8095238095238095,True,True,False
تکرار کرد,21,19,True,True,کرد,0.9047619047619048,0.09523809523809523,True,True,True
پیش آمد,21,0,True,True,آمد,0.0,1.0,False,False,False
راه رفت,21,0,True,True,رفت,0.0,1.0,False,False,False
مسالمت کرد,20,0,True,True,کرد,0.0,1.0,False,False,False
نمایاند,20,19,False,False,,0.95,0.050000000000000044,True,True,True
سجده کرد,20,1,True,True,کرد,0.05,0.95,False,False,False
تعریف کرد,20,10,True,True,کرد,0.5,0.5,True,True,True
خرید کرد,20,7,True,True,کرد,0.35,0.65,True,True,True
تنظیم کرد,20,19,True,True,کرد,0.95,0.050000000000000044,True,True,True
یاد افتاد,20,0,True,True,افتاد,0.0,1.0,False,False,False
پیوست,20,0,False,False,,0.0,1.0,False,False,False
دعوت کرد,20,17,True,True,کرد,0.85,0.15000000000000002,True,True,True
دفاع کرد,20,1,True,True,کرد,0.05,0.95,False,False,False
یاد گرفت,20,15,True,True,گرفت,0.75,0.25,True,True,True
تبدیل شد,19,1,True,True,شد,0.05263157894736842,0.9473684210526316,False,False,False
جمع شد,19,0,True,True,شد,0.0,1.0,False,False,False
ظهور کرد,19,0,True,True,کرد,0.0,1.0,False,False,False
قبول داشت,19,18,True,True,داشت,0.9473684210526315,0.052631578947368474,True,True,True
کار رفت,19,0,True,True,رفت,0.0,1.0,False,False,False
حفظ کرد,19,17,False,True,کرد,0.8947368421052632,0.10526315789473684,True,True,True
فرمود,19,11,False,False,,0.5789473684210527,0.42105263157894735,True,True,True
تاخت,19,0,False,False,,0.0,1.0,False,False,False
سوزاند,19,19,False,False,,1.0,0.0,True,True,True
تحقیق کرد,19,1,True,True,کرد,0.05263157894736842,0.9473684210526316,False,False,False
همراهی کرد,19,8,True,True,کرد,0.42105263157894735,0.5789473684210527,True,True,True
قیام کرد,19,0,True,True,کرد,0.0,1.0,False,False,False
مطالعه کرد,19,9,True,True,کرد,0.47368421052631576,0.5263157894736843,True,True,True
نالید,19,0,False,False,,0.0,1.0,False,False,False
استفاده شد,19,0,True,True,شد,0.0,1.0,False,False,False
درد کرد,19,0,True,True,کرد,0.0,1.0,False,False,False
هدایت کرد,19,18,True,True,کرد,0.9473684210526315,0.052631578947368474,True,True,True
افزود,19,7,False,False,,0.3684210526315789,0.631578947368421,True,True,True
نظر گرفت,19,16,True,True,گرفت,0.8421052631578947,0.1578947368421053,True,True,True
پوشاند,19,19,False,False,,1.0,0.0,True,True,True
مراجعه کرد,19,1,True,True,کرد,0.05263157894736842,0.9473684210526316,False,False,False
اتفاق افتاد,19,0,True,True,افتاد,0.0,1.0,False,False,False
باد داد,19,19,True,True,داد,1.0,0.0,True,True,True
رعایت کرد,19,17,True,True,کرد,0.8947368421052632,0.10526315789473684,True,True,True
نام داشت,18,2,True,True,داشت,0.1111111111111111,0.8888888888888888,False,False,False
پرس کرد,18,12,True,True,کرد,0.6666666666666666,0.33333333333333337,True,True,True
فراهم کرد,18,16,False,True,کرد,0.8888888888888888,0.11111111111111116,True,True,True
پر کرد,18,14,False,True,کرد,0.7777777777777778,0.2222222222222222,True,True,True
حذف کرد,18,16,True,True,کرد,0.8888888888888888,0.11111111111111116,True,True,True
کند,18,16,False,False,,0.8888888888888888,0.11111111111111116,True,True,True
استعفا داد,18,0,True,True,داد,0.0,1.0,False,False,False
پرسید,18,11,False,False,,0.6111111111111112,0.38888888888888884,True,True,True
پرستید,18,15,False,False,,0.8333333333333334,0.16666666666666663,True,True,True
خودداری کرد,18,0,True,True,کرد,0.0,1.0,False,False,False
کسب کرد,18,11,True,True,کرد,0.6111111111111112,0.38888888888888884,True,True,True
تصرف کرد,18,13,True,True,کرد,0.7222222222222222,0.2777777777777778,True,True,True
دست یافت,18,0,True,True,یافت,0.0,1.0,False,False,False
شکست داد,18,17,True,True,داد,0.9444444444444444,0.05555555555555558,True,True,True
ازدواج کرد,18,0,True,True,کرد,0.0,1.0,False,False,False
بلند شد,18,0,True,True,شد,0.0,1.0,False,False,False
دست داشت,18,7,True,True,داشت,0.3888888888888889,0.6111111111111112,True,True,True
بازتاب کرد,18,6,True,True,کرد,0.3333333333333333,0.6666666666666667,True,True,True
قطع کرد,18,17,True,True,کرد,0.9444444444444444,0.05555555555555558,True,True,True
تربیت کرد,18,14,True,True,کرد,0.7777777777777778,0.2222222222222222,True,True,True
تافت,18,13,False,False,,0.7222222222222222,0.2777777777777778,True,True,True
رفتار کرد,18,0,True,True,کرد,0.0,1.0,False,False,False
اختصاص داد,18,18,True,True,داد,1.0,0.0,True,True,True
ستاند,18,17,False,False,,0.9444444444444444,0.05555555555555558,True,True,True
تپید,18,0,False,False,,0.0,1.0,False,False,False
نمایش داد,17,16,True,True,داد,0.9411764705882353,0.05882352941176472,True,True,True
نظر آمد,17,0,True,True,آمد,0.0,1.0,False,False,False
نصب کرد,17,16,True,True,کرد,0.9411764705882353,0.05882352941176472,True,True,True
نفس کشید,17,0,True,True,کشید,0.0,1.0,False,False,False
مالید,17,17,False,False,,1.0,0.0,True,True,True
محبت کرد,17,0,True,True,کرد,0.0,1.0,False,False,False
لرزید,17,1,False,False,,0.058823529411764705,0.9411764705882353,False,False,False
بازتعریف کرد,17,16,True,True,کرد,0.9411764705882353,0.05882352941176472,True,True,True
رشد کرد,17,0,True,True,کرد,0.0,1.0,False,False,False
دستگیر شد,17,0,True,True,شد,0.0,1.0,False,False,False
بوسید,17,15,False,False,,0.8823529411764706,0.11764705882352944,True,True,True
شکایت کرد,17,0,True,True,کرد,0.0,1.0,False,False,False
دست کشید,17,0,True,True,کشید,0.0,1.0,False,False,False
دنیا آمد,17,0,True,True,آمد,0.0,1.0,False,False,False
دوری جست,17,0,True,True,جست,0.0,1.0,False,False,False
دیدار کرد,17,2,True,True,کرد,0.11764705882352941,0.8823529411764706,False,False,False
رخ داد,17,0,True,True,داد,0.0,1.0,False,False,False
رحم کرد,17,0,True,True,کرد,0.0,1.0,False,False,False
دم زد,17,0,True,True,زد,0.0,1.0,False,False,False
تراشید,17,14,False,False,,0.8235294117647058,0.17647058823529416,True,True,True
پیمود,17,15,False,False,,0.8823529411764706,0.11764705882352944,True,True,True
شرکت جست,17,0,True,True,جست,0.0,1.0,False,False,False
رنج برد,17,0,True,True,برد,0.0,1.0,False,False,False
دست آمد,17,0,True,True,آمد,0.0,1.0,False,False,False
مقابله کرد,17,0,True,True,کرد,0.0,1.0,False,False,False
ترساند,17,16,False,False,,0.9411764705882353,0.05882352941176472,True,True,True
پاشید,17,14,False,False,,0.8235294117647058,0.17647058823529416,True,True,True
فرار کرد,17,0,True,True,کرد,0.0,1.0,False,False,False
برداشت کرد,17,6,True,True,کرد,0.35294117647058826,0.6470588235294117,True,True,True
تشویق کرد,17,16,True,True,کرد,0.9411764705882353,0.05882352941176472,True,True,True
کشف کرد,17,15,True,True,کرد,0.8823529411764706,0.11764705882352944,True,True,True
تجربه کرد,16,14,True,True,کرد,0.875,0.125,True,True,True
دلجویی کرد,16,0,True,True,کرد,0.0,1.0,False,False,False
سفر کرد,16,0,True,True,کرد,0.0,1.0,False,False,False
پیدا شد,16,1,True,True,شد,0.0625,0.9375,False,False,False
تحمل کرد,16,13,True,True,کرد,0.8125,0.1875,True,True,True
راه انداخت,16,14,True,True,انداخت,0.875,0.125,True,True,True
استنشاق کرد,16,12,True,True,کرد,0.75,0.25,True,True,True
رقم زد,16,15,True,True,زد,0.9375,0.0625,True,True,True
تعلق گرفت,16,1,True,True,گرفت,0.0625,0.9375,False,False,False
پر زد,16,0,True,True,زد,0.0,1.0,False,False,False
عمل آمد,16,1,True,True,آمد,0.0625,0.9375,False,False,False
چسبید,16,2,False,False,,0.125,0.875,False,False,False
بستگی داشت,16,0,True,True,داشت,0.0,1.0,False,False,False
چلاند,16,13,False,False,,0.8125,0.1875,True,True,True
درجا زد,16,0,True,True,زد,0.0,1.0,False,False,False
تشکیل داد,16,14,True,True,داد,0.875,0.125,True,True,True
داد کرد,16,2,True,True,کرد,0.125,0.875,False,False,False
بحث کرد,16,0,True,True,کرد,0.0,1.0,False,False,False
صادر کرد,16,15,True,True,کرد,0.9375,0.0625,True,True,True
جهید,16,0,False,False,,0.0,1.0,False,False,False
فاصله گرفت,16,0,True,True,گرفت,0.0,1.0,False,False,False
عکس گرفت,16,0,True,True,گرفت,0.0,1.0,False,False,False
تلقی کرد,16,16,True,True,کرد,1.0,0.0,True,True,True
جنگ کرد,16,1,True,True,کرد,0.0625,0.9375,False,False,False
متهم کرد,16,16,False,True,کرد,1.0,0.0,True,True,True
افزایش داد,16,16,True,True,داد,1.0,0.0,True,True,True
رو آورد,16,0,True,True,آورد,0.0,1.0,False,False,False
گوش کرد,16,7,True,True,کرد,0.4375,0.5625,True,True,True
تهیه کرد,16,13,True,True,کرد,0.8125,0.1875,True,True,True
پا داشت,16,15,False,True,داشت,0.9375,0.0625,True,True,True
خطاب کرد,16,15,True,True,کرد,0.9375,0.0625,True,True,True
امتحان کرد,16,15,True,True,کرد,0.9375,0.0625,True,True,True
کتک زد,16,15,True,True,زد,0.9375,0.0625,True,True,True
دشمنی کرد,16,0,True,True,کرد,0.0,1.0,False,False,False
شعله کشید,16,0,True,True,کشید,0.0,1.0,False,False,False
گریخت,16,0,False,False,,0.0,1.0,False,False,False
آماده کرد,16,12,False,True,کرد,0.75,0.25,True,True,True
تعبیر کرد,16,13,True,True,کرد,0.8125,0.1875,True,True,True
راه افتاد,15,0,True,True,افتاد,0.0,1.0,False,False,False
شتاب کرد,15,0,True,True,کرد,0.0,1.0,False,False,False
پنداشت,15,9,False,False,,0.6,0.4,True,True,True
ارائه کرد,15,14,True,True,کرد,0.9333333333333333,0.06666666666666665,True,True,True
دستگیر کرد,15,14,True,True,کرد,0.9333333333333333,0.06666666666666665,True,True,True
مبارزه کرد,15,0,True,True,کرد,0.0,1.0,False,False,False
جا ماند,15,0,True,True,ماند,0.0,1.0,False,False,False
نظر رسید,15,0,True,True,رسید,0.0,1.0,False,False,False
اعتماد کرد,15,0,True,True,کرد,0.0,1.0,False,False,False
افشاند,15,12,False,False,,0.8,0.19999999999999996,True,True,True
نهی کرد,15,10,True,True,کرد,0.6666666666666666,0.33333333333333337,True,True,True
تأمل کرد,15,0,True,True,کرد,0.0,1.0,False,False,False
ثبت کرد,15,10,True,True,کرد,0.6666666666666666,0.33333333333333337,True,True,True
شتافت,15,0,False,False,,0.0,1.0,False,False,False
ایجاد شد,15,2,True,True,شد,0.13333333333333333,0.8666666666666667,False,False,False
پیشه کرد,15,15,True,True,کرد,1.0,0.0,True,True,True
تاباند,15,14,False,False,,0.9333333333333333,0.06666666666666665,True,True,True
مخالفت کرد,15,0,True,True,کرد,0.0,1.0,False,False,False
روا داشت,15,11,True,True,داشت,0.7333333333333333,0.2666666666666667,True,True,True
رو کرد,15,6,True,True,کرد,0.4,0.6,True,True,True
چاپ کرد,15,14,True,True,کرد,0.9333333333333333,0.06666666666666665,True,True,True
انجامید,15,0,False,False,,0.0,1.0,False,False,False
انتخاب شد,15,1,True,True,شد,0.06666666666666667,0.9333333333333333,False,False,False
چنگ کشید,15,0,True,True,کشید,0.0,1.0,False,False,False
کاهش داد,15,15,True,True,داد,1.0,0.0,True,True,True
کم آورد,15,3,True,True,آورد,0.2,0.8,True,True,True
وفات کرد,15,0,True,True,کرد,0.0,1.0,False,False,False
پدید آمد,15,0,True,True,آمد,0.0,1.0,False,False,False
بزرگ‌نمایی کرد,15,5,True,True,کرد,0.3333333333333333,0.6666666666666667,True,True,True
قبول کرد,15,9,True,True,کرد,0.6,0.4,True,True,True
طلب کرد,15,9,True,True,کرد,0.6,0.4,True,True,True
پسندید,15,10,False,False,,0.6666666666666666,0.33333333333333337,True,True,True
شلیک کرد,15,11,True,True,کرد,0.7333333333333333,0.2666666666666667,True,True,True
مقاومت کرد,15,0,True,True,کرد,0.0,1.0,False,False,False
دریغ کرد,15,8,True,True,کرد,0.5333333333333333,0.4666666666666667,True,True,True
کاست,15,2,False,False,,0.13333333333333333,0.8666666666666667,False,False,False
کنار زد,15,15,True,True,زد,1.0,0.0,True,True,True
نتیجه‌گیری کرد,15,0,True,True,کرد,0.0,1.0,False,False,False
کوفت,15,8,False,False,,0.5333333333333333,0.4666666666666667,True,True,True
خلق کرد,15,14,True,True,کرد,0.9333333333333333,0.06666666666666665,True,True,True
عهده داشت,15,15,True,True,داشت,1.0,0.0,True,True,True
پرداخت کرد,15,14,True,True,کرد,0.9333333333333333,0.06666666666666665,True,True,True
پرهیز,15,0,False,False,,0.0,1.0,False,False,False
پافشاری داشت,15,0,True,True,داشت,0.0,1.0,False,False,False
عرضه کرد,15,11,True,True,کرد,0.7333333333333333,0.2666666666666667,True,True,True
حکومت کرد,15,1,True,True,کرد,0.06666666666666667,0.9333333333333333,False,False,False
تعیین کرد,15,10,True,True,کرد,0.6666666666666666,0.33333333333333337,True,True,True
جلب کرد,15,14,True,True,کرد,0.9333333333333333,0.06666666666666665,True,True,True
آزار داد,15,15,True,True,داد,1.0,0.0,True,True,True
گماشت,15,15,False,False,,1.0,0.0,True,True,True
جنباند,15,14,False,False,,0.9333333333333333,0.06666666666666665,True,True,True
پخت کرد,15,7,True,True,کرد,0.4666666666666667,0.5333333333333333,True,True,True
توبه کرد,15,0,True,True,کرد,0.0,1.0,False,False,False
آرام گرفت,14,0,True,True,گرفت,0.0,1.0,False,False,False
یاد آمد,14,1,True,True,آمد,0.07142857142857142,0.9285714285714286,False,False,False
توضیح داد,14,7,True,True,داد,0.5,0.5,True,True,True
گلزنی کرد,14,0,True,True,کرد,0.0,1.0,False,False,False
غلبه کرد,14,0,True,True,کرد,0.0,1.0,False,False,False
توجه کرد,14,0,True,True,کرد,0.0,1.0,False,False,False
تمرین کرد,14,3,True,True,کرد,0.21428571428571427,0.7857142857142857,True,True,True
پرتاب کرد,14,12,True,True,کرد,0.8571428571428571,0.1428571428571429,True,True,True
عشق ورزید,14,0,True,True,ورزید,0.0,1.0,False,False,False
فایده کرد,14,0,True,True,کرد,0.0,1.0,False,False,False
پاس داشت,14,14,True,True,داشت,1.0,0.0,True,True,True
ظلم کرد,14,0,True,True,کرد,0.0,1.0,False,False,False
پدید آورد,14,14,True,True,آورد,1.0,0.0,True,True,True
پرهیز کرد,14,0,True,True,کرد,0.0,1.0,False,False,False
طول کشید,14,0,True,True,کشید,0.0,1.0,False,False,False
کنار گذاشت,14,14,True,True,گذاشت,1.0,0.0,True,True,True
کاوید,14,13,False,False,,0.9285714285714286,0.0714285714285714,True,True,True
آمیخت,14,6,False,False,,0.42857142857142855,0.5714285714285714,True,True,True
کوتاهی کرد,14,0,True,True,کرد,0.0,1.0,False,False,False
نگهداری کرد,14,12,True,True,کرد,0.8571428571428571,0.1428571428571429,True,True,True
صدا زد,14,14,True,True,زد,1.0,0.0,True,True,True
باقی گذاشت,14,14,True,True,گذاشت,1.0,0.0,True,True,True
فشار داد,14,14,True,True,داد,1.0,0.0,True,True,True
صبر کرد,14,0,True,True,کرد,0.0,1.0,False,False,False
سکوت کرد,14,0,True,True,کرد,0.0,1.0,False,False,False
شمار آمد,14,0,True,True,آمد,0.0,1.0,False,False,False
ادامه داشت,14,0,True,True,داشت,0.0,1.0,False,False,False
پروراند,14,12,False,False,,0.8571428571428571,0.1428571428571429,True,True,True
طلوع کرد,14,0,True,True,کرد,0.0,1.0,False,False,False
بیعت کرد,14,0,True,True,کرد,0.0,1.0,False,False,False
سلطه کرد,14,0,True,True,کرد,0.0,1.0,False,False,False
تبدیل کرد,14,11,True,True,کرد,0.7857142857142857,0.2142857142857143,True,True,True
ریشه کرد,14,0,True,True,کرد,0.0,1.0,False,False,False
اسکان کرد,14,0,True,True,کرد,0.0,1.0,False,False,False
اهانت کرد,14,0,True,True,کرد,0.0,1.0,False,False,False
مذاکره کرد,14,0,True,True,کرد,0.0,1.0,False,False,False
مداخله کرد,14,0,True,True,کرد,0.0,1.0,False,False,False
رست,14,0,False,False,,0.0,1.0,False,False,False
تحقیر کرد,14,14,True,True,کرد,1.0,0.0,True,True,True
واقع شد,14,0,True,True,شد,0.0,1.0,False,False,False
مؤاخذه کرد,14,11,True,True,کرد,0.7857142857142857,0.2142857142857143,True,True,True
تجلی کرد,14,1,True,True,کرد,0.07142857142857142,0.9285714285714286,False,False,False
سبقت جست,14,0,True,True,جست,0.0,1.0,False,False,False
مشاهده کرد,14,13,True,True,کرد,0.9285714285714286,0.0714285714285714,True,True,True
وادار کرد,14,13,False,True,کرد,0.9285714285714286,0.0714285714285714,True,True,True
ترقی کرد,14,0,True,True,کرد,0.0,1.0,False,False,False
دور کرد,14,10,False,True,کرد,0.7142857142857143,0.2857142857142857,True,True,True
ترک گفت,14,13,True,True,گفت,0.9285714285714286,0.0714285714285714,True,True,True
اجابت کرد,14,11,True,True,کرد,0.7857142857142857,0.2142857142857143,True,True,True
معراج کرد,14,0,True,True,کرد,0.0,1.0,False,False,False
امضا کرد,14,12,True,True,کرد,0.8571428571428571,0.1428571428571429,True,True,True
افزایش یافت,14,0,True,True,یافت,0.0,1.0,False,False,False
منعکس کرد,14,13,False,True,کرد,0.9285714285714286,0.0714285714285714,True,True,True
منتقل کرد,14,12,True,True,کرد,0.8571428571428571,0.1428571428571429,True,True,True
درخواست کرد,14,3,True,True,کرد,0.21428571428571427,0.7857142857142857,True,True,True
جلوگیری کرد,14,0,True,True,کرد,0.0,1.0,False,False,False
کنترل کرد,14,14,True,True,کرد,1.0,0.0,True,True,True
گروید,14,0,False,False,,0.0,1.0,False,False,False
برنامه‌ریزی کرد,13,0,True,True,کرد,0.0,1.0,False,False,False
توکل کرد,13,0,True,True,کرد,0.0,1.0,False,False,False
فتح کرد,13,9,True,True,کرد,0.6923076923076923,0.3076923076923077,True,True,True
تقلید کرد,13,3,True,True,کرد,0.23076923076923078,0.7692307692307692,True,True,True
گم کرد,13,11,True,True,کرد,0.8461538461538461,0.15384615384615385,True,True,True
سردبیری کرد,13,13,True,True,کرد,1.0,0.0,True,True,True
سر برد,13,2,True,True,برد,0.15384615384615385,0.8461538461538461,False,False,False
بازگو کرد,13,12,True,True,کرد,0.9230769230769231,0.07692307692307687,True,True,True
بازنگری کرد,13,7,True,True,کرد,0.5384615384615384,0.46153846153846156,True,True,True
شروع شد,13,0,True,True,شد,0.0,1.0,False,False,False
قصد کرد,13,0,True,True,کرد,0.0,1.0,False,False,False
شرح داد,13,11,True,True,داد,0.8461538461538461,0.15384615384615385,True,True,True
سپری کرد,13,12,True,True,کرد,0.9230769230769231,0.07692307692307687,True,True,True
شمار آورد,13,13,True,True,آورد,1.0,0.0,True,True,True
بهره گرفت,13,0,True,True,گرفت,0.0,1.0,False,False,False
شناسایی کرد,13,10,True,True,کرد,0.7692307692307693,0.23076923076923073,True,True,True
عطا کرد,13,11,True,True,کرد,0.8461538461538461,0.15384615384615385,True,True,True
صف‌بندی کرد,13,1,True,True,کرد,0.07692307692307693,0.9230769230769231,False,False,False
ارزید,13,0,False,False,,0.0,1.0,False,False,False
پاک کرد,13,10,False,True,کرد,0.7692307692307693,0.23076923076923073,True,True,True
عبور کرد,13,0,True,True,کرد,0.0,1.0,False,False,False
رهاند,13,13,False,False,,1.0,0.0,True,True,True
رنجید,13,2,False,False,,0.15384615384615385,0.8461538461538461,False,False,False
همکاری کرد,13,0,True,True,کرد,0.0,1.0,False,False,False
پیگیری کرد,13,12,True,True,کرد,0.9230769230769231,0.07692307692307687,True,True,True
هم پاشید,13,5,True,True,پاشید,0.38461538461538464,0.6153846153846154,True,True,True
مراقبت کرد,13,0,True,True,کرد,0.0,1.0,False,False,False
اختصاص داشت,13,0,True,True,داشت,0.0,1.0,False,False,False
اهدا کرد,13,11,True,True,کرد,0.8461538461538461,0.15384615384615385,True,True,True
مجازات کرد,13,9,True,True,کرد,0.6923076923076923,0.3076923076923077,True,True,True
مانور کرد,13,0,True,True,کرد,0.0,1.0,False,False,False
پیروی کرد,13,0,True,True,کرد,0.0,1.0,False,False,False
اختیار کرد,13,12,True,True,کرد,0.9230769230769231,0.07692307692307687,True,True,True
تأیید کرد,13,11,True,True,کرد,0.8461538461538461,0.15384615384615385,True,True,True
زوال کرد,13,0,True,True,کرد,0.0,1.0,False,False,False
سازماندهی کرد,13,8,True,True,کرد,0.6153846153846154,0.3846153846153846,True,True,True
ستود,13,13,False,False,,1.0,0.0,True,True,True
ایفا کرد,13,10,True,True,کرد,0.7692307692307693,0.23076923076923073,True,True,True
سلام کرد,13,0,True,True,کرد,0.0,1.0,False,False,False
فروگذار کرد,13,3,True,True,کرد,0.23076923076923078,0.7692307692307692,True,True,True
فعالیت کرد,13,0,True,True,کرد,0.0,1.0,False,False,False
مطابقت کرد,13,2,True,True,کرد,0.15384615384615385,0.8461538461538461,False,False,False
انجام گرفت,13,0,True,True,گرفت,0.0,1.0,False,False,False
مرور کرد,13,13,True,True,کرد,1.0,0.0,True,True,True
مطرح کرد,13,11,False,True,کرد,0.8461538461538461,0.15384615384615385,True,True,True
درمان کرد,13,13,True,True,کرد,1.0,0.0,True,True,True
اتخاذ کرد,13,12,True,True,کرد,0.9230769230769231,0.07692307692307687,True,True,True
معالجه کرد,13,12,True,True,کرد,0.9230769230769231,0.07692307692307687,True,True,True
اشتباه کرد,13,0,True,True,کرد,0.0,1.0,False,False,False
دنبال کرد,13,13,True,True,کرد,1.0,0.0,True,True,True
اجرا کرد,13,12,True,True,کرد,0.9230769230769231,0.07692307692307687,True,True,True
تداخل کرد,13,0,True,True,کرد,0.0,1.0,False,False,False
تحلیل کرد,13,13,True,True,کرد,1.0,0.0,True,True,True
اتحاد کرد,13,0,True,True,کرد,0.0,1.0,False,False,False
دخالت کرد,13,0,True,True,کرد,0.0,1.0,False,False,False
منتشر شد,13,0,True,True,شد,0.0,1.0,False,False,False
منتشر کرد,13,10,True,True,کرد,0.7692307692307693,0.23076923076923073,True,True,True
چشید,13,11,False,False,,0.8461538461538461,0.15384615384615385,True,True,True
دزدید,13,12,False,False,,0.9230769230769231,0.07692307692307687,True,True,True
اطاعت کرد,13,3,True,True,کرد,0.23076923076923078,0.7692307692307692,True,True,True
هدیه کرد,13,11,True,True,کرد,0.8461538461538461,0.15384615384615385,True,True,True
درک کرد,13,13,True,True,کرد,1.0,0.0,True,True,True
آمرزید,13,11,False,False,,0.8461538461538461,0.15384615384615385,True,True,True
خوش آمد,13,0,True,True,آمد,0.0,1.0,False,False,False
خواباند,13,13,False,False,,1.0,0.0,True,True,True
موافقت کرد,13,0,True,True,کرد,0.0,1.0,False,False,False
تشخیص داد,13,10,True,True,داد,0.7692307692307693,0.23076923076923073,True,True,True
خیانت کرد,13,0,True,True,کرد,0.0,1.0,False,False,False
تشدید کرد,13,9,True,True,کرد,0.6923076923076923,0.3076923076923077,True,True,True
خرج کرد,13,10,True,True,کرد,0.7692307692307693,0.23076923076923073,True,True,True
ناله کرد,13,1,True,True,کرد,0.07692307692307693,0.9230769230769231,False,False,False
میل کرد,13,9,True,True,کرد,0.6923076923076923,0.3076923076923077,True,True,True
حک کرد,13,13,True,True,کرد,1.0,0.0,True,True,True
تصور کرد,13,10,True,True,کرد,0.7692307692307693,0.23076923076923073,True,True,True
جهاد کرد,13,0,True,True,کرد,0.0,1.0,False,False,False
خارج کرد,13,11,False,True,کرد,0.8461538461538461,0.15384615384615385,True,True,True
خداحافظی کرد,13,0,True,True,کرد,0.0,1.0,False,False,False
حصول کرد,13,12,True,True,کرد,0.9230769230769231,0.07692307692307687,True,True,True
جوشید,13,0,False,False,,0.0,1.0,False,False,False
جمع‌آوری کرد,13,11,True,True,کرد,0.8461538461538461,0.15384615384615385,True,True,True
گنجاند,13,11,False,False,,0.8461538461538461,0.15384615384615385,True,True,True
نگاشت,13,11,False,False,,0.8461538461538461,0.15384615384615385,True,True,True
نشانید,13,13,False,False,,1.0,0.0,True,True,True
آتش زد,13,9,True,True,زد,0.6923076923076923,0.3076923076923077,True,True,True
یورش برد,13,0,True,True,برد,0.0,1.0,False,False,False
تازیانه زد,12,6,True,True,زد,0.5,0.5,True,True,True
روشن کرد,12,12,False,True,کرد,1.0,0.0,True,True,True
روی داد,12,0,True,True,داد,0.0,1.0,False,False,False
نازل کرد,12,10,True,True,کرد,0.8333333333333334,0.16666666666666663,True,True,True
پیشگویی کرد,12,8,True,True,کرد,0.6666666666666666,0.33333333333333337,True,True,True
کارگردانی کرد,12,7,True,True,کرد,0.5833333333333334,0.41666666666666663,True,True,True
پخش کرد,12,12,True,True,کرد,1.0,0.0,True,True,True
رواج کرد,12,2,True,True,کرد,0.16666666666666666,0.8333333333333334,False,False,False
احوال‌پرسی کرد,12,0,True,True,کرد,0.0,1.0,False,False,False
زیست,12,3,False,False,,0.25,0.75,True,True,True
زد کرد,12,0,True,True,کرد,0.0,1.0,False,False,False
تکیه داد,12,1,True,True,داد,0.08333333333333333,0.9166666666666666,False,False,False
نسبت داد,12,12,True,True,داد,1.0,0.0,True,True,True
تلاقی کرد,12,0,True,True,کرد,0.0,1.0,False,False,False
داد زد,12,1,True,True,زد,0.08333333333333333,0.9166666666666666,False,False,False
ملاقات کرد,12,5,True,True,کرد,0.4166666666666667,0.5833333333333333,True,True,True
هراسید,12,0,False,False,,0.0,1.0,False,False,False
سرما خورد,12,0,True,True,خورد,0.0,1.0,False,False,False
صعود کرد,12,1,True,True,کرد,0.08333333333333333,0.9166666666666666,False,False,False
گناه کرد,12,0,True,True,کرد,0.0,1.0,False,False,False
جا داد,12,12,True,True,داد,1.0,0.0,True,True,True
تا کرد,12,7,True,True,کرد,0.5833333333333334,0.41666666666666663,True,True,True
پیشی گرفت,12,0,True,True,گرفت,0.0,1.0,False,False,False
ستم کرد,12,0,True,True,کرد,0.0,1.0,False,False,False
ادامه یافت,12,0,True,True,یافت,0.0,1.0,False,False,False
ادراک کرد,12,8,True,True,کرد,0.6666666666666666,0.33333333333333337,True,True,True
تأثیر گذاشت,12,0,True,True,گذاشت,0.0,1.0,False,False,False
جابجا کرد,12,11,False,True,کرد,0.9166666666666666,0.08333333333333337,True,True,True
تقدیر کرد,12,0,True,True,کرد,0.0,1.0,False,False,False
نثار کرد,12,10,True,True,کرد,0.8333333333333334,0.16666666666666663,True,True,True
فریب داد,12,11,True,True,داد,0.9166666666666666,0.08333333333333337,True,True,True
ظاهر شد,12,0,True,True,شد,0.0,1.0,False,False,False
درخشید,12,0,False,False,,0.0,1.0,False,False,False
تسری کرد,12,0,True,True,کرد,0.0,1.0,False,False,False
علاج کرد,12,6,True,True,کرد,0.5,0.5,True,True,True
استناد جست,12,0,True,True,جست,0.0,1.0,False,False,False
ترک خورد,12,1,True,True,خورد,0.08333333333333333,0.9166666666666666,False,False,False
چسباند,12,12,False,False,,1.0,0.0,True,True,True
اجاره کرد,12,12,True,True,کرد,1.0,0.0,True,True,True
جدا کرد,12,8,False,True,کرد,0.6666666666666666,0.33333333333333337,True,True,True
آشامید,12,6,False,False,,0.5,0.5,True,True,True
دوره کرد,12,10,True,True,کرد,0.8333333333333334,0.16666666666666663,True,True,True
تدوین کرد,12,10,True,True,کرد,0.8333333333333334,0.16666666666666663,True,True,True
حرمت نهاد,12,3,True,True,نهاد,0.25,0.75,True,True,True
تعرض کرد,12,0,True,True,کرد,0.0,1.0,False,False,False
تحویل گرفت,12,11,True,True,گرفت,0.9166666666666666,0.08333333333333337,True,True,True
آشکارسازی کرد,12,12,True,True,کرد,1.0,0.0,True,True,True
جوید,12,10,False,False,,0.8333333333333334,0.16666666666666663,True,True,True
احترام گذارد,12,0,True,True,گذارد,0.0,1.0,False,False,False
تحویل داد,12,10,True,True,داد,0.8333333333333334,0.16666666666666663,True,True,True
لغزید,12,0,False,False,,0.0,1.0,False,False,False
ترکید,12,0,False,False,,0.0,1.0,False,False,False
توهین کرد,12,0,True,True,کرد,0.0,1.0,False,False,False
اتخاذ داشت,12,12,True,True,داشت,1.0,0.0,True,True,True
چشم‌پوشی کرد,12,0,True,True,کرد,0.0,1.0,False,False,False
پیش گرفت,12,9,True,True,گرفت,0.75,0.25,True,True,True
نقاشی کرد,12,7,True,True,کرد,0.5833333333333334,0.41666666666666663,True,True,True
افراط کرد,12,0,True,True,کرد,0.0,1.0,False,False,False
ترکیب کرد,12,12,True,True,کرد,1.0,0.0,True,True,True
تضمین کرد,12,12,True,True,کرد,1.0,0.0,True,True,True
وجود آورد,12,9,True,True,آورد,0.75,0.25,True,True,True
توطئه کرد,12,0,True,True,کرد,0.0,1.0,False,False,False
توقف کرد,12,0,True,True,کرد,0.0,1.0,False,False,False
شن‌ریزی کرد,12,4,True,True,کرد,0.3333333333333333,0.6666666666666667,True,True,True
حسرت کشید,12,0,True,True,کشید,0.0,1.0,False,False,False
احاطه کرد,12,12,True,True,کرد,1.0,0.0,True,True,True
شوخی کرد,12,0,True,True,کرد,0.0,1.0,False,False,False
تعمق کرد,12,1,True,True,کرد,0.08333333333333333,0.9166666666666666,False,False,False
تعلیق کرد,12,12,True,True,کرد,1.0,0.0,True,True,True
پناه برد,12,0,True,True,برد,0.0,1.0,False,False,False
شکنجه کرد,12,9,True,True,کرد,0.75,0.25,True,True,True
انعکاس کرد,12,2,True,True,کرد,0.16666666666666666,0.8333333333333334,False,False,False
بافت,12,12,False,False,,1.0,0.0,True,True,True
جیغ زد,12,0,True,True,زد,0.0,1.0,False,False,False
هم کوبید,12,12,True,True,کوبید,1.0,0.0,True,True,True
خطابه کرد,12,1,True,True,کرد,0.08333333333333333,0.9166666666666666,False,False,False
شخم زد,12,11,True,True,زد,0.9166666666666666,0.08333333333333337,True,True,True
محافظت کرد,12,4,True,True,کرد,0.3333333333333333,0.6666666666666667,True,True,True
تخطی کرد,12,0,True,True,کرد,0.0,1.0,False,False,False
کناره‌گیری کرد,12,0,True,True,کرد,0.0,1.0,False,False,False
قلمداد کرد,12,12,True,True,کرد,1.0,0.0,True,True,True
پنهان کرد,12,10,False,True,کرد,0.8333333333333334,0.16666666666666663,True,True,True
شکست خورد,12,0,True,True,خورد,0.0,1.0,False,False,False
بازرسی کرد,12,9,True,True,کرد,0.75,0.25,True,True,True
مشخص کرد,12,11,False,True,کرد,0.9166666666666666,0.08333333333333337,True,True,True
سرکوب کرد,12,11,True,True,کرد,0.9166666666666666,0.08333333333333337,True,True,True
جلوه کرد,12,0,True,True,کرد,0.0,1.0,False,False,False
خنداند,12,10,False,False,,0.8333333333333334,0.16666666666666663,True,True,True
دعوا کرد,12,0,True,True,کرد,0.0,1.0,False,False,False
مصرف کرد,12,7,True,True,کرد,0.5833333333333334,0.41666666666666663,True,True,True
مرقوم کرد,12,12,True,True,کرد,1.0,0.0,True,True,True
وقوف کرد,12,0,True,True,کرد,0.0,1.0,False,False,False
سر آمد,12,0,True,True,آمد,0.0,1.0,False,False,False
سخنرانی کرد,12,0,True,True,کرد,0.0,1.0,False,False,False
اجرا شد,12,1,True,True,شد,0.08333333333333333,0.9166666666666666,False,False,False
دعا کرد,12,2,True,True,کرد,0.16666666666666666,0.8333333333333334,False,False,False
تردید کرد,12,0,True,True,کرد,0.0,1.0,False,False,False
تردد کرد,12,0,True,True,کرد,0.0,1.0,False,False,False
میخ کرد,11,10,True,True,کرد,0.9090909090909091,0.09090909090909094,True,True,True
مطابقه کرد,11,7,True,True,کرد,0.6363636363636364,0.36363636363636365,True,True,True
انتشار داد,11,8,True,True,داد,0.7272727272727273,0.2727272727272727,True,True,True
معامله کرد,11,2,True,True,کرد,0.18181818181818182,0.8181818181818181,False,False,False
پیوند داد,11,10,True,True,داد,0.9090909090909091,0.09090909090909094,True,True,True
رسیدگی کرد,11,0,True,True,کرد,0.0,1.0,False,False,False
بالید,11,0,False,False,,0.0,1.0,False,False,False
استناد کرد,11,0,True,True,کرد,0.0,1.0,False,False,False
استناد داد,11,9,True,True,داد,0.8181818181818182,0.18181818181818177,True,True,True
نیت کرد,11,4,True,True,کرد,0.36363636363636365,0.6363636363636364,True,True,True
سرزنش کرد,11,11,True,True,کرد,1.0,0.0,True,True,True
نیکی کرد,11,0,True,True,کرد,0.0,1.0,False,False,False
وفق داد,11,11,True,True,داد,1.0,0.0,True,True,True
تشکر کرد,11,0,True,True,کرد,0.0,1.0,False,False,False
دامن زد,11,0,True,True,زد,0.0,1.0,False,False,False
جبران کرد,11,9,True,True,کرد,0.8181818181818182,0.18181818181818177,True,True,True
هم ریخت,11,11,True,True,ریخت,1.0,0.0,True,True,True
پارک کرد,11,4,True,True,کرد,0.36363636363636365,0.6363636363636364,True,True,True
طغیان کرد,11,0,True,True,کرد,0.0,1.0,False,False,False
کباب کرد,11,10,True,True,کرد,0.9090909090909091,0.09090909090909094,True,True,True
داوری کرد,11,4,True,True,کرد,0.36363636363636365,0.6363636363636364,True,True,True
ترویج کرد,11,6,True,True,کرد,0.5454545454545454,0.4545454545454546,True,True,True
ترمیم کرد,11,7,True,True,کرد,0.6363636363636364,0.36363636363636365,True,True,True
فریب خورد,11,0,True,True,خورد,0.0,1.0,False,False,False
فرق کرد,11,0,True,True,کرد,0.0,1.0,False,False,False
پذیرایی کرد,11,1,True,True,کرد,0.09090909090909091,0.9090909090909091,False,False,False
پرواز کرد,11,0,True,True,کرد,0.0,1.0,False,False,False
اخراج کرد,11,11,True,True,کرد,1.0,0.0,True,True,True
سان دید,11,0,True,True,دید,0.0,1.0,False,False,False
سازش کرد,11,0,True,True,کرد,0.0,1.0,False,False,False
تقلب کرد,11,0,True,True,کرد,0.0,1.0,False,False,False
تقدیم داشت,11,10,True,True,داشت,0.9090909090909091,0.09090909090909094,True,True,True
آزمایش کرد,11,8,True,True,کرد,0.7272727272727273,0.2727272727272727,True,True,True
فرود آورد,11,10,True,True,آورد,0.9090909090909091,0.09090909090909094,True,True,True
آزرد,11,10,False,False,,0.9090909090909091,0.09090909090909094,True,True,True
فریاد زد,11,3,True,True,زد,0.2727272727272727,0.7272727272727273,True,True,True
فریاد کرد,11,8,True,True,کرد,0.7272727272727273,0.2727272727272727,True,True,True
اعتراض کرد,11,0,True,True,کرد,0.0,1.0,False,False,False
اطلاع داد,11,9,True,True,داد,0.8181818181818182,0.18181818181818177,True,True,True
تلاوت کرد,11,10,True,True,کرد,0.9090909090909091,0.09090909090909094,True,True,True
تکیه کرد,11,0,True,True,کرد,0.0,1.0,False,False,False
نام برد,11,4,True,True,برد,0.36363636363636365,0.6363636363636364,True,True,True
پوشش داد,11,9,True,True,داد,0.8181818181818182,0.18181818181818177,True,True,True
نشانه گرفت,11,10,True,True,گرفت,0.9090909090909091,0.09090909090909094,True,True,True
تماس گرفت,11,0,True,True,گرفت,0.0,1.0,False,False,False
توسعه داد,11,11,True,True,داد,1.0,0.0,True,True,True
غلت زد,11,0,True,True,زد,0.0,1.0,False,False,False
پخت,11,8,False,False,,0.7272727272727273,0.2727272727272727,True,True,True
بدگویی کرد,11,0,True,True,کرد,0.0,1.0,False,False,False
تبلیغ کرد,11,9,True,True,کرد,0.8181818181818182,0.18181818181818177,True,True,True
چکید,11,0,False,False,,0.0,1.0,False,False,False
پرت کرد,11,10,True,True,کرد,0.9090909090909091,0.09090909090909094,True,True,True
تثبیت کرد,11,11,True,True,کرد,1.0,0.0,True,True,True
آراست,11,11,False,False,,1.0,0.0,True,True,True
رقصید,11,0,False,False,,0.0,1.0,False,False,False
برطرف کرد,11,11,True,True,کرد,1.0,0.0,True,True,True
عنایت کرد,11,4,True,True,کرد,0.36363636363636365,0.6363636363636364,True,True,True
اقامه کرد,11,9,True,True,کرد,0.8181818181818182,0.18181818181818177,True,True,True
اقامت کرد,11,1,True,True,کرد,0.09090909090909091,0.9090909090909091,False,False,False
گشایش کرد,11,5,True,True,کرد,0.45454545454545453,0.5454545454545454,True,True,True
انتقاد کرد,11,0,True,True,کرد,0.0,1.0,False,False,False
وصف کرد,11,9,True,True,کرد,0.8181818181818182,0.18181818181818177,True,True,True
پینه بست,11,0,True,True,بست,0.0,1.0,False,False,False
رخنه کرد,11,0,True,True,کرد,0.0,1.0,False,False,False
صدا کرد,11,8,True,True,کرد,0.7272727272727273,0.2727272727272727,True,True,True
آزمود,11,11,False,False,,1.0,0.0,True,True,True
تخلص کرد,11,4,True,True,کرد,0.36363636363636365,0.6363636363636364,True,True,True
چشم داشت,11,1,True,True,داشت,0.09090909090909091,0.9090909090909091,False,False,False
ربود,11,11,False,False,,1.0,0.0,True,True,True
دل بست,11,0,True,True,بست,0.0,1.0,False,False,False
شکفت,11,1,False,False,,0.09090909090909091,0.9090909090909091,False,False,False
خاطر آورد,11,11,True,True,آورد,1.0,0.0,True,True,True
دقت کرد,11,0,True,True,کرد,0.0,1.0,False,False,False
بنیان گذاشت,11,11,True,True,گذاشت,1.0,0.0,True,True,True
بازخواست کرد,11,9,True,True,کرد,0.8181818181818182,0.18181818181818177,True,True,True
لب بست,11,0,True,True,بست,0.0,1.0,False,False,False
بازسازی کرد,11,11,True,True,کرد,1.0,0.0,True,True,True
انکار کرد,11,10,True,True,کرد,0.9090909090909091,0.09090909090909094,True,True,True
انگاشت,11,11,False,False,,1.0,0.0,True,True,True
مشورت کرد,11,0,True,True,کرد,0.0,1.0,False,False,False
مدیریت کرد,11,9,True,True,کرد,0.8181818181818182,0.18181818181818177,True,True,True
لجبازی کرد,11,0,True,True,کرد,0.0,1.0,False,False,False
شکل داد,11,8,True,True,داد,0.7272727272727273,0.2727272727272727,True,True,True
ضبط کرد,11,9,True,True,کرد,0.8181818181818182,0.18181818181818177,True,True,True
بلند کرد,11,11,False,True,کرد,1.0,0.0,True,True,True
بندگی کرد,11,7,True,True,کرد,0.6363636363636364,0.36363636363636365,True,True,True
دشنام داد,11,2,True,True,داد,0.18181818181818182,0.8181818181818181,False,False,False
اجحاف کرد,11,0,True,True,کرد,0.0,1.0,False,False,False
تحریم کرد,11,10,True,True,کرد,0.9090909090909091,0.09090909090909094,True,True,True
بی‌احترامی کرد,11,0,True,True,کرد,0.0,1.0,False,False,False
بی‌حجابی کرد,11,0,True,True,کرد,0.0,1.0,False,False,False
تقسیم‌بندی کرد,11,10,True,True,کرد,0.9090909090909091,0.09090909090909094,True,True,True
گسترد,11,10,False,False,,0.9090909090909091,0.09090909090909094,True,True,True
مصادره کرد,11,9,True,True,کرد,0.8181818181818182,0.18181818181818177,True,True,True
چرخاند,11,11,False,False,,1.0,0.0,True,True,True
احترام گذاشت,11,0,True,True,گذاشت,0.0,1.0,False,False,False
دوستی کرد,11,0,True,True,کرد,0.0,1.0,False,False,False
شستشو داد,11,11,True,True,داد,1.0,0.0,True,True,True
گریاند,11,10,False,False,,0.9090909090909091,0.09090909090909094,True,True,True
دگرگون کرد,11,10,True,True,کرد,0.9090909090909091,0.09090909090909094,True,True,True
تعدیل کرد,11,7,True,True,کرد,0.6363636363636364,0.36363636363636365,True,True,True
شادی کرد,11,0,True,True,کرد,0.0,1.0,False,False,False
تعقیب کرد,11,11,True,True,کرد,1.0,0.0,True,True,True
تعظیم کرد,11,1,True,True,کرد,0.09090909090909091,0.9090909090909091,False,False,False
حساب آمد,11,0,True,True,آمد,0.0,1.0,False,False,False
گرو گذاشت,11,9,True,True,گذاشت,0.8181818181818182,0.18181818181818177,True,True,True
دوری کرد,11,0,True,True,کرد,0.0,1.0,False,False,False
محاسبه کرد,11,8,True,True,کرد,0.7272727272727273,0.2727272727272727,True,True,True
وزید,11,0,False,False,,0.0,1.0,False,False,False
خاموش کرد,11,11,False,True,کرد,1.0,0.0,True,True,True
تصویب کرد,11,10,True,True,کرد,0.9090909090909091,0.09090909090909094,True,True,True
ایستادگی کرد,11,0,True,True,کرد,0.0,1.0,False,False,False
شنا کرد,11,0,True,True,کرد,0.0,1.0,False,False,False
گیر افتاد,11,0,True,True,افتاد,0.0,1.0,False,False,False
توصیف کرد,11,10,True,True,کرد,0.9090909090909091,0.09090909090909094,True,True,True
تنفس کرد,11,7,True,True,کرد,0.6363636363636364,0.36363636363636365,True,True,True
اعمال کرد,11,10,True,True,کرد,0.9090909090909091,0.09090909090909094,True,True,True
بوسه زد,11,0,True,True,زد,0.0,1.0,False,False,False
حکومت‌داری کرد,11,0,True,True,کرد,0.0,1.0,False,False,False
حمله برد,11,0,True,True,برد,0.0,1.0,False,False,False
چکاند,11,11,False,False,,1.0,0.0,True,True,True
ابلاغ کرد,11,9,True,True,کرد,0.8181818181818182,0.18181818181818177,True,True,True
تهدید کرد,11,11,True,True,کرد,1.0,0.0,True,True,True
نصیحت کرد,11,10,True,True,کرد,0.9090909090909091,0.09090909090909094,True,True,True
نظاره کرد,11,11,True,True,کرد,1.0,0.0,True,True,True
اعدام کرد,11,10,True,True,کرد,0.9090909090909091,0.09090909090909094,True,True,True
تاب آورد,11,3,True,True,آورد,0.2727272727272727,0.7272727272727273,True,True,True
تنید,11,6,False,False,,0.5454545454545454,0.4545454545454546,True,True,True
تمرکز کرد,11,0,True,True,کرد,0.0,1.0,False,False,False
تمجید کرد,10,2,True,True,کرد,0.2,0.8,False,False,False
نهضت کرد,10,0,True,True,کرد,0.0,1.0,False,False,False
اعراض کرد,10,0,True,True,کرد,0.0,1.0,False,False,False
اعزام کرد,10,10,True,True,کرد,1.0,0.0,True,True,True
نظارت کرد,10,0,True,True,کرد,0.0,1.0,False,False,False
نماز خواند,10,0,True,True,خواند,0.0,1.0,False,False,False
تکبر کرد,10,0,True,True,کرد,0.0,1.0,False,False,False
دریافت داشت,10,8,True,True,داشت,0.8,0.19999999999999996,True,True,True
تکان داد,10,9,True,True,داد,0.9,0.09999999999999998,True,True,True
شمارش کرد,10,8,True,True,کرد,0.8,0.19999999999999996,True,True,True
استیفا کرد,10,10,True,True,کرد,1.0,0.0,True,True,True
اسلام آورد,10,0,True,True,آورد,0.0,1.0,False,False,False
له‌له زد,10,0,True,True,زد,0.0,1.0,False,False,False
شرکت داشت,10,0,True,True,داشت,0.0,1.0,False,False,False
شلاق زد,10,8,True,True,زد,0.8,0.19999999999999996,True,True,True
ارتقا داد,10,9,True,True,داد,0.9,0.09999999999999998,True,True,True
پلکید,10,0,False,False,,0.0,1.0,False,False,False
آشپزی کرد,10,0,True,True,کرد,0.0,1.0,False,False,False
حفاظت کرد,10,1,True,True,کرد,0.1,0.9,False,False,False
تعدی کرد,10,0,True,True,کرد,0.0,1.0,False,False,False
حمل کرد,10,8,True,True,کرد,0.8,0.19999999999999996,True,True,True
دوشید,10,6,False,False,,0.6,0.4,True,True,True
دچار کرد,10,6,False,True,کرد,0.6,0.4,True,True,True
دک کرد,10,9,True,True,کرد,0.9,0.09999999999999998,True,True,True
تعلل کرد,10,0,True,True,کرد,0.0,1.0,False,False,False
گردانید,10,9,False,False,,0.9,0.09999999999999998,True,True,True
وارد ساخت,10,10,True,True,ساخت,1.0,0.0,True,True,True
ذخیره کرد,10,8,True,True,کرد,0.8,0.19999999999999996,True,True,True
پشتیبانی کرد,10,2,True,True,کرد,0.2,0.8,False,False,False
پس رفت,10,0,True,True,رفت,0.0,1.0,False,False,False
خجالت کشید,10,0,True,True,کشید,0.0,1.0,False,False,False
خدمت کرد,10,0,True,True,کرد,0.0,1.0,False,False,False
گرایید,10,0,False,False,,0.0,1.0,False,False,False
گرد آمد,10,0,True,True,آمد,0.0,1.0,False,False,False
تدریس کرد,10,4,True,True,کرد,0.4,0.6,True,True,True
تعلیم داد,10,7,True,True,داد,0.7,0.30000000000000004,True,True,True
تعویض کرد,10,9,True,True,کرد,0.9,0.09999999999999998,True,True,True
بیرون زد,10,0,True,True,زد,0.0,1.0,False,False,False
سینه زد,10,0,True,True,زد,0.0,1.0,False,False,False
تخریب کرد,10,8,True,True,کرد,0.8,0.19999999999999996,True,True,True
تحمیل کرد,10,9,True,True,کرد,0.9,0.09999999999999998,True,True,True
رجعت کرد,10,0,True,True,کرد,0.0,1.0,False,False,False
شمار رفت,10,0,True,True,رفت,0.0,1.0,False,False,False
خروج کرد,10,1,True,True,کرد,0.1,0.9,False,False,False
خریداری کرد,10,10,True,True,کرد,1.0,0.0,True,True,True
خزید,10,0,False,False,,0.0,1.0,False,False,False
قورت داد,10,8,True,True,داد,0.8,0.19999999999999996,True,True,True
شکار کرد,10,5,True,True,کرد,0.5,0.5,True,True,True
سنگینی کرد,10,0,True,True,کرد,0.0,1.0,False,False,False
رخ کشید,10,10,True,True,کشید,1.0,0.0,True,True,True
گل زد,10,0,True,True,زد,0.0,1.0,False,False,False
تغذیه کرد,10,5,True,True,کرد,0.5,0.5,True,True,True
جوشاند,10,7,False,False,,0.7,0.30000000000000004,True,True,True
جیب زد,10,10,True,True,زد,1.0,0.0,True,True,True
جیغ کشید,10,0,True,True,کشید,0.0,1.0,False,False,False
پرورش داد,10,8,True,True,داد,0.8,0.19999999999999996,True,True,True
لجاجت کرد,10,0,True,True,کرد,0.0,1.0,False,False,False
قسم خورد,10,0,True,True,خورد,0.0,1.0,False,False,False
قضاوت کرد,10,0,True,True,کرد,0.0,1.0,False,False,False
قطع شد,10,0,True,True,شد,0.0,1.0,False,False,False
قفل کرد,10,9,True,True,کرد,0.9,0.09999999999999998,True,True,True
سر آورد,10,0,True,True,آورد,0.0,1.0,False,False,False
سرایید,10,8,False,False,,0.8,0.19999999999999996,True,True,True
انتظار کشید,10,2,True,True,کشید,0.2,0.8,False,False,False
اشاعه کرد,10,5,True,True,کرد,0.5,0.5,True,True,True
اشتقاق کرد,10,5,True,True,کرد,0.5,0.5,True,True,True
گسست,10,9,False,False,,0.9,0.09999999999999998,True,True,True
سفارش داد,10,7,True,True,داد,0.7,0.30000000000000004,True,True,True
سنجید,10,9,False,False,,0.9,0.09999999999999998,True,True,True
تجلیل کرد,10,1,True,True,کرد,0.1,0.9,False,False,False
تحریف کرد,10,8,True,True,کرد,0.8,0.19999999999999996,True,True,True
اضافه کرد,10,10,True,True,کرد,1.0,0.0,True,True,True
تقبل کرد,10,10,True,True,کرد,1.0,0.0,True,True,True
جنبید,10,0,False,False,,0.0,1.0,False,False,False
گسترش داد,10,10,True,True,داد,1.0,0.0,True,True,True
مشارکت کرد,10,0,True,True,کرد,0.0,1.0,False,False,False
تصاحب کرد,10,10,True,True,کرد,1.0,0.0,True,True,True
استمداد کرد,10,0,True,True,کرد,0.0,1.0,False,False,False
طراحی شد,10,0,True,True,شد,0.0,1.0,False,False,False
ترسیم کرد,10,8,True,True,کرد,0.8,0.19999999999999996,True,True,True
تفکر کرد,10,0,True,True,کرد,0.0,1.0,False,False,False
تفکیک کرد,10,10,True,True,کرد,1.0,0.0,True,True,True
تقابل کرد,10,0,True,True,کرد,0.0,1.0,False,False,False
معاشرت کرد,10,1,True,True,کرد,0.1,0.9,False,False,False
هجوم آورد,10,0,True,True,آورد,0.0,1.0,False,False,False
هدر داد,10,9,True,True,داد,0.9,0.09999999999999998,True,True,True
احداث کرد,10,9,True,True,کرد,0.9,0.09999999999999998,True,True,True
احسان کرد,10,1,True,True,کرد,0.1,0.9,False,False,False
پیکار کرد,10,0,True,True,کرد,0.0,1.0,False,False,False
رسوخ کرد,10,0,True,True,کرد,0.0,1.0,False,False,False
چشم آمد,10,0,True,True,آمد,0.0,1.0,False,False,False
اثر گذاشت,10,0,True,True,گذاشت,0.0,1.0,False,False,False
ویرایش کرد,10,9,True,True,کرد,0.9,0.09999999999999998,True,True,True
قدم زد,10,0,True,True,زد,0.0,1.0,False,False,False
فوت کرد,10,5,True,True,کرد,0.5,0.5,True,True,True
بال زد,10,0,True,True,زد,0.0,1.0,False,False,False
وقت گذاشت,10,0,True,True,گذاشت,0.0,1.0,False,False,False
بازپرداخت کرد,10,7,True,True,کرد,0.7,0.30000000000000004,True,True,True
تشریح کرد,10,9,True,True,کرد,0.9,0.09999999999999998,True,True,True
مهار کرد,10,9,True,True,کرد,0.9,0.09999999999999998,True,True,True
نیرنگ کرد,10,0,True,True,کرد,0.0,1.0,False,False,False
اطعام کرد,10,8,True,True,کرد,0.8,0.19999999999999996,True,True,True
هزینه کرد,10,9,True,True,کرد,0.9,0.09999999999999998,True,True,True
معاینه کرد,10,9,True,True,کرد,0.9,0.09999999999999998,True,True,True
امکان داشت,10,0,True,True,داشت,0.0,1.0,False,False,False
جایگزین کرد,10,9,True,True,کرد,0.9,0.09999999999999998,True,True,True
تفویض کرد,10,9,True,True,کرد,0.9,0.09999999999999998,True,True,True
خوش‌رفتاری کرد,10,0,True,True,کرد,0.0,1.0,False,False,False
چنگ زد,10,3,True,True,زد,0.3,0.7,True,True,True
طراحی کرد,10,8,True,True,کرد,0.8,0.19999999999999996,True,True,True
طرح کرد,10,8,True,True,کرد,0.8,0.19999999999999996,True,True,True
طواف کرد,10,1,True,True,کرد,0.1,0.9,False,False,False
جا گذاشت,10,10,True,True,گذاشت,1.0,0.0,True,True,True
جابه‌جا شد,10,0,True,True,شد,0.0,1.0,False,False,False
منتشر ساخت,10,10,True,True,ساخت,1.0,0.0,True,True,True
ادغام کرد,10,8,True,True,کرد,0.8,0.19999999999999996,True,True,True
سخن راند,10,0,True,True,راند,0.0,1.0,False,False,False
پیش‌بینی کرد,10,8,True,True,کرد,0.8,0.19999999999999996,True,True,True
زمین خورد,10,0,True,True,خورد,0.0,1.0,False,False,False
اداره کرد,10,10,True,True,کرد,1.0,0.0,True,True,True
جا افتاد,10,0,True,True,افتاد,0.0,1.0,False,False,False
گل کرد,10,3,True,True,کرد,0.3,0.7,True,True,True
اعتراف کرد,10,0,True,True,کرد,0.0,1.0,False,False,False
مهربانی کرد,10,0,True,True,کرد,0.0,1.0,False,False,False
فروش کرد,10,0,True,True,کرد,0.0,1.0,False,False,False
فساد کرد,10,0,True,True,کرد,0.0,1.0,False,False,False
بدرقه کرد,10,9,True,True,کرد,0.9,0.09999999999999998,True,True,True
بروز کرد,10,0,True,True,کرد,0.0,1.0,False,False,False
عبادت کرد,10,2,True,True,کرد,0.2,0.8,False,False,False
عبور داد,10,9,True,True,داد,0.9,0.09999999999999998,True,True,True
پراند,10,10,False,False,,1.0,0.0,True,True,True
اتمام کرد,10,0,True,True,کرد,0.0,1.0,False,False,False
پادرمیانی کرد,10,0,True,True,کرد,0.0,1.0,False,False,False
کفایت کرد,10,1,True,True,کرد,0.1,0.9,False,False,False
دراز کشید,10,0,True,True,کشید,0.0,1.0,False,False,False
تسریع کرد,10,5,True,True,کرد,0.5,0.5,True,True,True
چک کرد,10,10,True,True,کرد,1.0,0.0,True,True,True
عقوبت کرد,10,6,True,True,کرد,0.6,0.4,True,True,True
برش داد,10,9,True,True,داد,0.9,0.09999999999999998,True,True,True
برق زد,10,0,True,True,زد,0.0,1.0,False,False,False
برقرار کرد,10,10,True,True,کرد,1.0,0.0,True,True,True
پایان پذیرفت,10,0,True,True,پذیرفت,0.0,1.0,False,False,False
میان آمد,10,0,True,True,آمد,0.0,1.0,False,False,False
نادیده گرفت,10,10,True,True,گرفت,1.0,0.0,True,True,True
نارو زد,10,0,True,True,زد,0.0,1.0,False,False,False
الحاق کرد,10,5,True,True,کرد,0.5,0.5,True,True,True
پوزخند زد,10,0,True,True,زد,0.0,1.0,False,False,False
رنجاند,10,10,False,False,,1.0,0.0,True,True,True
تکلم کرد,10,1,True,True,کرد,0.1,0.9,False,False,False
احیا کرد,10,8,True,True,کرد,0.8,0.19999999999999996,True,True,True
تبعیت کرد,10,2,True,True,کرد,0.2,0.8,False,False,False
زانو زد,10,0,True,True,زد,0.0,1.0,False,False,False
زایید,10,7,False,False,,0.7,0.30000000000000004,True,True,True
پهن کرد,10,10,False,True,کرد,1.0,0.0,True,True,True
استخاره کرد,10,0,True,True,کرد,0.0,1.0,False,False,False
غارت کرد,10,9,True,True,کرد,0.9,0.09999999999999998,True,True,True
غلتید,10,0,False,False,,0.0,1.0,False,False,False
غوغا کرد,10,1,True,True,کرد,0.1,0.9,False,False,False
برآورد کرد,10,9,True,True,کرد,0.9,0.09999999999999998,True,True,True
فتوا داد,10,0,True,True,داد,0.0,1.0,False,False,False
پایداری کرد,10,0,True,True,کرد,0.0,1.0,False,False,False
غسل داد,10,10,True,True,داد,1.0,0.0,True,True,True
برانداز کرد,10,10,True,True,کرد,1.0,0.0,True,True,True
تنبیه کرد,10,10,True,True,کرد,1.0,0.0,True,True,True
آذین بست,10,9,True,True,بست,0.9,0.09999999999999998,True,True,True
تاول زد,10,0,True,True,زد,0.0,1.0,False,False,False
ریزش کرد,10,0,True,True,کرد,0.0,1.0,False,False,False
تواضع کرد,10,0,True,True,کرد,0.0,1.0,False,False,False
آتش گرفت,10,0,True,True,گرفت,0.0,1.0,False,False,False
توجیه کرد,10,8,True,True,کرد,0.8,0.19999999999999996,True,True,True
آب گرفت,10,9,True,True,گرفت,0.9,0.09999999999999998,True,True,True
آبسه کرد,9,0,True,True,کرد,0.0,1.0,False,False,False
تمایز گذاشت,9,0,True,True,گذاشت,0.0,1.0,False,False,False
ریاست کرد,9,1,True,True,کرد,0.1111111111111111,0.8888888888888888,False,False,False
تایپ کرد,9,6,True,True,کرد,0.6666666666666666,0.33333333333333337,True,True,True
تکریم کرد,9,7,True,True,کرد,0.7777777777777778,0.2222222222222222,True,True,True
تکفیر کرد,9,9,True,True,کرد,1.0,0.0,True,True,True
تلافی کرد,9,4,True,True,کرد,0.4444444444444444,0.5555555555555556,True,True,True
تک‌روی کرد,9,0,True,True,کرد,0.0,1.0,False,False,False
تیراندازی کرد,9,0,True,True,کرد,0.0,1.0,False,False,False
نتیجه گرفت,9,1,True,True,گرفت,0.1111111111111111,0.8888888888888888,False,False,False
اغفال کرد,9,9,True,True,کرد,1.0,0.0,True,True,True
تاب داد,9,9,True,True,داد,1.0,0.0,True,True,True
ریسک کرد,9,0,True,True,کرد,0.0,1.0,False,False,False
تاج‌گذاری کرد,9,1,True,True,کرد,0.1111111111111111,0.8888888888888888,False,False,False
زجر داد,9,9,True,True,داد,1.0,0.0,True,True,True
زدود,9,9,False,False,,1.0,0.0,True,True,True
نوشاند,9,8,False,False,,0.8888888888888888,0.11111111111111116,True,True,True
امان ماند,9,0,True,True,ماند,0.0,1.0,False,False,False
نافرمانی کرد,9,2,True,True,کرد,0.2222222222222222,0.7777777777777778,False,False,False
نام نهاد,9,8,True,True,نهاد,0.8888888888888888,0.11111111111111116,True,True,True
تسلی داد,9,6,True,True,داد,0.6666666666666666,0.33333333333333337,True,True,True
درد گرفت,9,0,True,True,گرفت,0.0,1.0,False,False,False
درس داد,9,1,True,True,داد,0.1111111111111111,0.8888888888888888,False,False,False
پارو زد,9,2,True,True,زد,0.2222222222222222,0.7777777777777778,False,False,False
اتو کشید,9,5,True,True,کشید,0.5555555555555556,0.4444444444444444,True,True,True
عفونت کرد,9,0,True,True,کرد,0.0,1.0,False,False,False
عقب‌گرد کرد,9,0,True,True,کرد,0.0,1.0,False,False,False
برش زد,9,8,True,True,زد,0.8888888888888888,0.11111111111111116,True,True,True
استخراج کرد,9,9,True,True,کرد,1.0,0.0,True,True,True
غیبت کرد,9,0,True,True,کرد,0.0,1.0,False,False,False
بذرپاشی کرد,9,3,True,True,کرد,0.3333333333333333,0.6666666666666667,True,True,True
فحش داد,9,0,True,True,داد,0.0,1.0,False,False,False
فداکاری کرد,9,0,True,True,کرد,0.0,1.0,False,False,False
استعمار کرد,9,8,True,True,کرد,0.8888888888888888,0.11111111111111116,True,True,True
پا زد,9,1,True,True,زد,0.1111111111111111,0.8888888888888888,False,False,False
غروب کرد,9,0,True,True,کرد,0.0,1.0,False,False,False
فرمان راند,9,0,True,True,راند,0.0,1.0,False,False,False
بدعت گذاشت,9,2,True,True,گذاشت,0.2222222222222222,0.7777777777777778,False,False,False
خوراند,9,6,False,False,,0.6666666666666666,0.33333333333333337,True,True,True
عذرخواهی کرد,9,1,True,True,کرد,0.1111111111111111,0.8888888888888888,False,False,False
عرضه داشت,9,8,True,True,داشت,0.8888888888888888,0.11111111111111116,True,True,True
عزاداری کرد,9,1,True,True,کرد,0.1111111111111111,0.8888888888888888,False,False,False
بروز داد,9,8,True,True,داد,0.8888888888888888,0.11111111111111116,True,True,True
پروا کرد,9,0,True,True,کرد,0.0,1.0,False,False,False
پرواز داد,9,9,True,True,داد,1.0,0.0,True,True,True
پراکند,9,9,False,False,,1.0,0.0,True,True,True
اثبات کرد,9,9,True,True,کرد,1.0,0.0,True,True,True
پا گرفت,9,0,True,True,گرفت,0.0,1.0,False,False,False
پارس کرد,9,0,True,True,کرد,0.0,1.0,False,False,False
ابراز کرد,9,2,True,True,کرد,0.2222222222222222,0.7777777777777778,False,False,False
تساهل کرد,9,0,True,True,کرد,0.0,1.0,False,False,False
تسخیر کرد,9,9,True,True,کرد,1.0,0.0,True,True,True
تشبیه کرد,9,8,True,True,کرد,0.8888888888888888,0.11111111111111116,True,True,True
کالبدشکافی کرد,9,9,True,True,کرد,1.0,0.0,True,True,True
کتک خورد,9,0,True,True,خورد,0.0,1.0,False,False,False
کشتی گرفت,9,0,True,True,گرفت,0.0,1.0,False,False,False
کشمکش کرد,9,0,True,True,کرد,0.0,1.0,False,False,False
دست انداخت,9,9,True,True,انداخت,1.0,0.0,True,True,True
طلاق داد,9,8,True,True,داد,0.8888888888888888,0.11111111111111116,True,True,True
طول داد,9,6,True,True,داد,0.6666666666666666,0.33333333333333337,True,True,True
پردازش کرد,9,9,True,True,کرد,1.0,0.0,True,True,True
اسباب‌کشی کرد,9,0,True,True,کرد,0.0,1.0,False,False,False
استتار کرد,9,7,True,True,کرد,0.7777777777777778,0.2222222222222222,True,True,True
پرهیزگاری کرد,9,0,True,True,کرد,0.0,1.0,False,False,False
عدول کرد,9,0,True,True,کرد,0.0,1.0,False,False,False
استقبال کرد,9,0,True,True,کرد,0.0,1.0,False,False,False
فروکش کرد,9,1,True,True,کرد,0.1111111111111111,0.8888888888888888,False,False,False
فراهم آورد,9,9,True,True,آورد,1.0,0.0,True,True,True
اجتهاد کرد,9,1,True,True,کرد,0.1111111111111111,0.8888888888888888,False,False,False
دستگیری کرد,9,1,True,True,کرد,0.1111111111111111,0.8888888888888888,False,False,False
ترمز کرد,9,0,True,True,کرد,0.0,1.0,False,False,False
چشاند,9,7,False,False,,0.7777777777777778,0.2222222222222222,True,True,True
صدد آمد,9,0,True,True,آمد,0.0,1.0,False,False,False
صله کرد,9,0,True,True,کرد,0.0,1.0,False,False,False
صورت پذیرفت,9,0,True,True,پذیرفت,0.0,1.0,False,False,False
قد کشید,9,0,True,True,کشید,0.0,1.0,False,False,False
بازی خورد,9,0,True,True,خورد,0.0,1.0,False,False,False
فوران کرد,9,1,True,True,کرد,0.1111111111111111,0.8888888888888888,False,False,False
بال‌بال زد,9,0,True,True,زد,0.0,1.0,False,False,False
آه کشید,9,1,True,True,کشید,0.1111111111111111,0.8888888888888888,False,False,False
کم‌کاری کرد,9,0,True,True,کرد,0.0,1.0,False,False,False
تشریف آورد,9,0,True,True,آورد,0.0,1.0,False,False,False
خون‌ریزی کرد,9,0,True,True,کرد,0.0,1.0,False,False,False
خیساند,9,8,False,False,,0.8888888888888888,0.11111111111111116,True,True,True
آمپول زد,9,0,True,True,زد,0.0,1.0,False,False,False
خلاف کرد,9,0,True,True,کرد,0.0,1.0,False,False,False
خمیازه کشید,9,0,True,True,کشید,0.0,1.0,False,False,False
تشکیک کرد,9,0,True,True,کرد,0.0,1.0,False,False,False
تصادف کرد,9,0,True,True,کرد,0.0,1.0,False,False,False
کلید خورد,9,0,True,True,خورد,0.0,1.0,False,False,False
کمین کرد,9,0,True,True,کرد,0.0,1.0,False,False,False
آنالیز کرد,9,8,True,True,کرد,0.8888888888888888,0.11111111111111116,True,True,True
بازجویی کرد,9,2,True,True,کرد,0.2222222222222222,0.7777777777777778,False,False,False
بلعید,9,8,False,False,,0.8888888888888888,0.11111111111111116,True,True,True
ضمیمه کرد,9,9,False,True,کرد,1.0,0.0,True,True,True
ارسال داشت,9,8,True,True,داشت,0.8888888888888888,0.11111111111111116,True,True,True
شکوه کرد,9,0,True,True,کرد,0.0,1.0,False,False,False
شیهه کشید,9,0,True,True,کشید,0.0,1.0,False,False,False
بند آورد,9,9,True,True,آورد,1.0,0.0,True,True,True
بنیاد کرد,9,9,True,True,کرد,1.0,0.0,True,True,True
قیاس کرد,9,8,True,True,کرد,0.8888888888888888,0.11111111111111116,True,True,True
لانه کرد,9,1,True,True,کرد,0.1111111111111111,0.8888888888888888,False,False,False
چشمک زد,9,0,True,True,زد,0.0,1.0,False,False,False
دل گرفت,9,9,True,True,گرفت,1.0,0.0,True,True,True
دلگرم کرد,9,9,True,True,کرد,1.0,0.0,True,True,True
شورید,9,1,False,False,,0.1111111111111111,0.8888888888888888,False,False,False
شکنجه داد,9,8,True,True,داد,0.8888888888888888,0.11111111111111116,True,True,True
پرورد,9,6,False,False,,0.6666666666666666,0.33333333333333337,True,True,True
بغل زد,9,9,True,True,زد,1.0,0.0,True,True,True
بازدید کرد,9,0,True,True,کرد,0.0,1.0,False,False,False
بازشماری کرد,9,8,True,True,کرد,0.8888888888888888,0.11111111111111116,True,True,True
لبخند زد,9,0,True,True,زد,0.0,1.0,False,False,False
قرض گرفت,9,5,True,True,گرفت,0.5555555555555556,0.4444444444444444,True,True,True
قصور کرد,9,0,True,True,کرد,0.0,1.0,False,False,False
بازگردانی کرد,9,7,True,True,کرد,0.7777777777777778,0.2222222222222222,True,True,True
قلم افتاد,9,0,True,True,افتاد,0.0,1.0,False,False,False
وسوسه کرد,9,8,True,True,کرد,0.8888888888888888,0.11111111111111116,True,True,True
لینک کرد,9,7,True,True,کرد,0.7777777777777778,0.2222222222222222,True,True,True
تراش داد,9,9,True,True,داد,1.0,0.0,True,True,True
ترحم کرد,9,0,True,True,کرد,0.0,1.0,False,False,False
دنبال داشت,9,9,True,True,داشت,1.0,0.0,True,True,True
دهن‌کجی کرد,9,0,True,True,کرد,0.0,1.0,False,False,False
تداعی کرد,9,8,True,True,کرد,0.8888888888888888,0.11111111111111116,True,True,True
تدبیر کرد,9,5,True,True,کرد,0.5555555555555556,0.4444444444444444,True,True,True
پناه آورد,9,0,True,True,آورد,0.0,1.0,False,False,False
پناه گرفت,9,0,True,True,گرفت,0.0,1.0,False,False,False
گرد آورد,9,9,True,True,آورد,1.0,0.0,True,True,True
خشم گرفت,9,0,True,True,گرفت,0.0,1.0,False,False,False
خشکید,9,0,False,False,,0.0,1.0,False,False,False
تصدیق کرد,9,8,True,True,کرد,0.8888888888888888,0.11111111111111116,True,True,True
کناره گرفت,9,0,True,True,گرفت,0.0,1.0,False,False,False
آماس کرد,9,0,True,True,کرد,0.0,1.0,False,False,False
وصیت کرد,9,2,True,True,کرد,0.2222222222222222,0.7777777777777778,False,False,False
لو رفت,9,0,True,True,رفت,0.0,1.0,False,False,False
شهوت‌رانی کرد,9,0,True,True,کرد,0.0,1.0,False,False,False
شوراند,9,9,False,False,,1.0,0.0,True,True,True
شفاعت کرد,9,3,True,True,کرد,0.3333333333333333,0.6666666666666667,True,True,True
بهره‌گیری کرد,9,0,True,True,کرد,0.0,1.0,False,False,False
پسند آمد,9,1,True,True,آمد,0.1111111111111111,0.8888888888888888,False,False,False
پس‌انداز کرد,9,6,True,True,کرد,0.6666666666666666,0.33333333333333337,True,True,True
پشتک زد,9,0,True,True,زد,0.0,1.0,False,False,False
پلک زد,9,1,True,True,زد,0.1111111111111111,0.8888888888888888,False,False,False
خرج داد,9,7,True,True,داد,0.7777777777777778,0.2222222222222222,True,True,True
کینه ورزید,9,0,True,True,ورزید,0.0,1.0,False,False,False
گداخت,9,5,False,False,,0.5555555555555556,0.4444444444444444,True,True,True
بارگیری کرد,9,6,True,True,کرد,0.6666666666666666,0.33333333333333337,True,True,True
بازبینی کرد,9,8,True,True,کرد,0.8888888888888888,0.11111111111111116,True,True,True
لعنت کرد,9,9,True,True,کرد,1.0,0.0,True,True,True
اهتمام کرد,9,0,True,True,کرد,0.0,1.0,False,False,False
پمپ کرد,9,7,True,True,کرد,0.7777777777777778,0.2222222222222222,True,True,True
پمپاژ کرد,9,8,True,True,کرد,0.8888888888888888,0.11111111111111116,True,True,True
تخلف ورزید,9,0,True,True,ورزید,0.0,1.0,False,False,False
تخلف کرد,9,0,True,True,کرد,0.0,1.0,False,False,False
دیدن کرد,9,0,True,True,کرد,0.0,1.0,False,False,False
چادر زد,9,0,True,True,زد,0.0,1.0,False,False,False
شانه زد,9,7,True,True,زد,0.7777777777777778,0.2222222222222222,True,True,True
بو کشید,9,7,True,True,کشید,0.7777777777777778,0.2222222222222222,True,True,True
بوس کرد,9,6,True,True,کرد,0.6666666666666666,0.33333333333333337,True,True,True
مانست,9,0,False,False,,0.0,1.0,False,False,False
تطهیر کرد,9,9,True,True,کرد,1.0,0.0,True,True,True
تظاهر کرد,9,0,True,True,کرد,0.0,1.0,False,False,False
حکایت داشت,9,0,True,True,داشت,0.0,1.0,False,False,False
حکمرانی کرد,9,0,True,True,کرد,0.0,1.0,False,False,False
اسراف کرد,9,2,True,True,کرد,0.2222222222222222,0.7777777777777778,False,False,False
مجالست کرد,9,0,True,True,کرد,0.0,1.0,False,False,False
مجامعت کرد,9,0,True,True,کرد,0.0,1.0,False,False,False
شرط‌بندی کرد,9,0,True,True,کرد,0.0,1.0,False,False,False
چرت زد,9,0,True,True,زد,0.0,1.0,False,False,False
چرخ زد,9,0,True,True,زد,0.0,1.0,False,False,False
دیکته کرد,9,9,True,True,کرد,1.0,0.0,True,True,True
راز کرد,9,0,True,True,کرد,0.0,1.0,False,False,False
ارتفاع گرفت,9,0,True,True,گرفت,0.0,1.0,False,False,False
پند گرفت,9,0,True,True,گرفت,0.0,1.0,False,False,False
حلقه زد,9,0,True,True,زد,0.0,1.0,False,False,False
تعجب کرد,9,0,True,True,کرد,0.0,1.0,False,False,False
حلقه کرد,9,8,True,True,کرد,0.8888888888888888,0.11111111111111116,True,True,True
باد کرد,9,6,True,True,کرد,0.6666666666666666,0.33333333333333337,True,True,True
بار آورد,9,8,True,True,آورد,0.8888888888888888,0.11111111111111116,True,True,True
لکه‌زدایی کرد,9,4,True,True,کرد,0.4444444444444444,0.5555555555555556,True,True,True
لگد زد,9,1,True,True,زد,0.1111111111111111,0.8888888888888888,False,False,False
ورانداز کرد,9,8,True,True,کرد,0.8888888888888888,0.11111111111111116,True,True,True
ورزید,9,6,False,False,,0.6666666666666666,0.33333333333333337,True,True,True
ورق زد,9,9,True,True,زد,1.0,0.0,True,True,True
مجاهده کرد,9,0,True,True,کرد,0.0,1.0,False,False,False
انگشت‌نگاری کرد,9,1,True,True,کرد,0.1111111111111111,0.8888888888888888,False,False,False
سکته کرد,9,0,True,True,کرد,0.0,1.0,False,False,False
بیداد کرد,9,0,True,True,کرد,0.0,1.0,False,False,False
راهنمایی کرد,9,9,True,True,کرد,1.0,0.0,True,True,True
رجوع کرد,9,0,True,True,کرد,0.0,1.0,False,False,False
سوق داد,9,8,True,True,داد,0.8888888888888888,0.11111111111111116,True,True,True
سوگواری کرد,9,0,True,True,کرد,0.0,1.0,False,False,False
سپاسگزاری کرد,9,0,True,True,کرد,0.0,1.0,False,False,False
حاصل شد,9,0,True,True,شد,0.0,1.0,False,False,False
حبس کرد,9,9,True,True,کرد,1.0,0.0,True,True,True
تعصب ورزید,9,0,True,True,ورزید,0.0,1.0,False,False,False
متوجه کرد,9,6,False,True,کرد,0.6666666666666666,0.33333333333333337,True,True,True
اصرار داشت,9,0,True,True,داشت,0.0,1.0,False,False,False
بی‌ادبی کرد,9,0,True,True,کرد,0.0,1.0,False,False,False
اراده کرد,9,3,True,True,کرد,0.3333333333333333,0.6666666666666667,True,True,True
ارتباط داد,9,9,True,True,داد,1.0,0.0,True,True,True
ارتحال کرد,9,0,True,True,کرد,0.0,1.0,False,False,False
سرپیچی کرد,9,0,True,True,کرد,0.0,1.0,False,False,False
سستی ورزید,9,0,True,True,ورزید,0.0,1.0,False,False,False
سلطنت کرد,9,0,True,True,کرد,0.0,1.0,False,False,False
سوء کرد,9,0,True,True,کرد,0.0,1.0,False,False,False
آشتی داد,9,8,True,True,داد,0.8888888888888888,0.11111111111111116,True,True,True
تفاوت گذاشت,9,0,True,True,گذاشت,0.0,1.0,False,False,False
انقلاب کرد,9,1,True,True,کرد,0.1111111111111111,0.8888888888888888,False,False,False
مراعات کرد,9,9,True,True,کرد,1.0,0.0,True,True,True
جواب کرد,9,9,True,True,کرد,1.0,0.0,True,True,True
جوسازی کرد,9,0,True,True,کرد,0.0,1.0,False,False,False
حاصل آورد,9,8,True,True,آورد,0.8888888888888888,0.11111111111111116,True,True,True
مشق کرد,9,5,True,True,کرد,0.5555555555555556,0.4444444444444444,True,True,True
تحریک کرد,9,9,True,True,کرد,1.0,0.0,True,True,True
ردیابی کرد,9,9,True,True,کرد,1.0,0.0,True,True,True
پیوند خورد,9,0,True,True,خورد,0.0,1.0,False,False,False
سر خورد,9,0,True,True,خورد,0.0,1.0,False,False,False
سر رسید,9,0,True,True,رسید,0.0,1.0,False,False,False
سر رفت,9,0,True,True,رفت,0.0,1.0,False,False,False
سر کرد,9,1,True,True,کرد,0.1111111111111111,0.8888888888888888,False,False,False
سرخ کرد,9,7,True,True,کرد,0.7777777777777778,0.2222222222222222,True,True,True
بین برد,9,9,True,True,برد,1.0,0.0,True,True,True
مصاحبه کرد,9,0,True,True,کرد,0.0,1.0,False,False,False
اشاره داشت,9,0,True,True,داشت,0.0,1.0,False,False,False
مرحمت کرد,9,5,True,True,کرد,0.5555555555555556,0.4444444444444444,True,True,True
مسافرت کرد,9,0,True,True,کرد,0.0,1.0,False,False,False
مست کرد,9,3,True,True,کرد,0.3333333333333333,0.6666666666666667,True,True,True
اندازه‌گیری کرد,9,8,True,True,کرد,0.8888888888888888,0.11111111111111116,True,True,True
جدال کرد,9,0,True,True,کرد,0.0,1.0,False,False,False
اصابت کرد,9,0,True,True,کرد,0.0,1.0,False,False,False
امتناع ورزید,9,0,True,True,ورزید,0.0,1.0,False,False,False
پیوند زد,9,8,True,True,زد,0.8888888888888888,0.11111111111111116,True,True,True
پیچ خورد,9,0,True,True,خورد,0.0,1.0,False,False,False
پیچاند,9,8,False,False,,0.8888888888888888,0.11111111111111116,True,True,True
تجمع کرد,9,0,True,True,کرد,0.0,1.0,False,False,False
تجویز کرد,9,9,True,True,کرد,1.0,0.0,True,True,True
رقصاند,9,9,False,False,,1.0,0.0,True,True,True
پک زد,9,0,True,True,زد,0.0,1.0,False,False,False
اصرار ورزید,9,0,True,True,ورزید,0.0,1.0,False,False,False
اصرار کرد,9,0,True,True,کرد,0.0,1.0,False,False,False
جریمه کرد,9,9,True,True,کرد,1.0,0.0,True,True,True
تفریح کرد,9,0,True,True,کرد,0.0,1.0,False,False,False
جمع‌بندی کرد,9,8,True,True,کرد,0.8888888888888888,0.11111111111111116,True,True,True
گستراند,9,9,False,False,,1.0,0.0,True,True,True
جاسوسی کرد,9,0,True,True,کرد,0.0,1.0,False,False,False
تقدیم کرد,9,8,True,True,کرد,0.8888888888888888,0.11111111111111116,True,True,True
منشأ گرفت,9,0,True,True,گرفت,0.0,1.0,False,False,False
منفجر کرد,9,8,True,True,کرد,0.8888888888888888,0.11111111111111116,True,True,True
تأثیر کرد,9,0,True,True,کرد,0.0,1.0,False,False,False
سخن رفت,9,0,True,True,رفت,0.0,1.0,False,False,False
سؤال کرد,9,1,True,True,کرد,0.1111111111111111,0.8888888888888888,False,False,False
سازمان داد,9,9,True,True,داد,1.0,0.0,True,True,True
سبقت گرفت,9,0,True,True,گرفت,0.0,1.0,False,False,False
تألیف کرد,9,8,True,True,کرد,0.8888888888888888,0.11111111111111116,True,True,True
سجده برد,9,0,True,True,برد,0.0,1.0,False,False,False
امتناع کرد,9,0,True,True,کرد,0.0,1.0,False,False,False
مهاجرت کرد,9,0,True,True,کرد,0.0,1.0,False,False,False
نیکویی کرد,9,0,True,True,کرد,0.0,1.0,False,False,False
تقریر کرد,9,7,True,True,کرد,0.7777777777777778,0.2222222222222222,True,True,True
موج زد,9,0,True,True,زد,0.0,1.0,False,False,False
نظر آورد,9,9,True,True,آورد,1.0,0.0,True,True,True
اختلاط کرد,9,0,True,True,کرد,0.0,1.0,False,False,False
زمزمه کرد,9,7,True,True,کرد,0.7777777777777778,0.2222222222222222,True,True,True
زنجیر کرد,9,9,True,True,کرد,1.0,0.0,True,True,True
زیارت کرد,9,8,True,True,کرد,0.8888888888888888,0.11111111111111116,True,True,True
تا زد,9,8,True,True,زد,0.8888888888888888,0.11111111111111116,True,True,True
تقلیل داد,9,8,True,True,داد,0.8888888888888888,0.11111111111111116,True,True,True
تقیه کرد,9,0,True,True,کرد,0.0,1.0,False,False,False
جا خورد,9,0,True,True,خورد,0.0,1.0,False,False,False
جا زد,9,8,True,True,زد,0.8888888888888888,0.11111111111111116,True,True,True
گله کرد,9,0,True,True,کرد,0.0,1.0,False,False,False
اطلاق کرد,9,8,True,True,کرد,0.8888888888888888,0.11111111111111116,True,True,True
هبوط کرد,9,0,True,True,کرد,0.0,1.0,False,False,False
موضع گرفت,9,0,True,True,گرفت,0.0,1.0,False,False,False
موعظه کرد,9,3,True,True,کرد,0.3333333333333333,0.6666666666666667,True,True,True
الگوبرداری کرد,9,0,True,True,کرد,0.0,1.0,False,False,False
رژه رفت,9,0,True,True,رفت,0.0,1.0,False,False,False
آذین کرد,9,7,True,True,کرد,0.7777777777777778,0.2222222222222222,True,True,True
تمیز داد,9,9,True,True,داد,1.0,0.0,True,True,True
تنبلی کرد,9,0,True,True,کرد,0.0,1.0,False,False,False
تنزل کرد,9,0,True,True,کرد,0.0,1.0,False,False,False
تمدید کرد,9,7,True,True,کرد,0.7777777777777778,0.2222222222222222,True,True,True
یاری داد,9,7,True,True,داد,0.7777777777777778,0.2222222222222222,True,True,True
یورش آورد,9,0,True,True,آورد,0.0,1.0,False,False,False
نوازش داد,9,9,True,True,داد,1.0,0.0,True,True,True
افتتاح کرد,9,9,True,True,کرد,1.0,0.0,True,True,True
اعطا کرد,9,7,True,True,کرد,0.7777777777777778,0.2222222222222222,True,True,True
نکوهش کرد,9,9,True,True,کرد,1.0,0.0,True,True,True
نطق کرد,9,0,True,True,کرد,0.0,1.0,False,False,False
افطار کرد,9,1,True,True,کرد,0.1111111111111111,0.8888888888888888,False,False,False
نمایندگی کرد,9,9,True,True,کرد,1.0,0.0,True,True,True
تکثیر کرد,9,6,True,True,کرد,0.6666666666666666,0.33333333333333337,True,True,True
غفلت کرد,9,0,True,True,کرد,0.0,1.0,False,False,False
اتراق کرد,9,0,True,True,کرد,0.0,1.0,False,False,False
اتصالی کرد,9,0,False,True,کرد,0.0,1.0,False,False,False
درنگ کرد,9,0,True,True,کرد,0.0,1.0,False,False,False
درید,9,9,False,False,,1.0,0.0,True,True,True
یاری کرد,9,7,True,True,کرد,0.7777777777777778,0.2222222222222222,True,True,True
آب‌گیری کرد,9,5,True,True,کرد,0.5555555555555556,0.4444444444444444,True,True,True
تهاجم کرد,9,0,True,True,کرد,0.0,1.0,False,False,False
گیر کرد,9,0,True,True,کرد,0.0,1.0,False,False,False
توقیف کرد,9,9,True,True,کرد,1.0,0.0,True,True,True
تلقین کرد,9,9,True,True,کرد,1.0,0.0,True,True,True
اعلام شد,9,0,True,True,شد,0.0,1.0,False,False,False
تورق کرد,9,7,True,True,کرد,0.7777777777777778,0.2222222222222222,True,True,True
پیشرفت کرد,9,0,True,True,کرد,0.0,1.0,False,False,False
روزه گرفت,9,0,True,True,گرفت,0.0,1.0,False,False,False
رویید,9,0,False,False,,0.0,1.0,False,False,False
آب آمد,8,0,True,True,آمد,0.0,1.0,False,False,False
آب‌بازی کرد,8,0,True,True,کرد,0.0,1.0,False,False,False
یادداشت کرد,8,7,True,True,کرد,0.875,0.125,True,True,True
تمسخر کرد,8,8,True,True,کرد,1.0,0.0,True,True,True
تنفیذ کرد,8,8,True,True,کرد,1.0,0.0,True,True,True
تنزل داد,8,8,True,True,داد,1.0,0.0,True,True,True
گیج خورد,8,0,True,True,خورد,0.0,1.0,False,False,False
گچ گرفت,8,8,True,True,گرفت,1.0,0.0,True,True,True
آرایش کرد,8,6,True,True,کرد,0.75,0.25,True,True,True
گول خورد,8,0,True,True,خورد,0.0,1.0,False,False,False
توزیع کرد,8,7,True,True,کرد,0.875,0.125,True,True,True
تلوتلو خورد,8,0,True,True,خورد,0.0,1.0,False,False,False
نعره زد,8,0,True,True,زد,0.0,1.0,False,False,False
افت کرد,8,0,True,True,کرد,0.0,1.0,False,False,False
افتخارآفرینی کرد,8,0,True,True,کرد,0.0,1.0,False,False,False
نفرین کرد,8,7,True,True,کرد,0.875,0.125,True,True,True
نقش بست,8,1,True,True,بست,0.125,0.875,False,False,False
تملک کرد,8,7,True,True,کرد,0.875,0.125,True,True,True
نشست کرد,8,0,True,True,کرد,0.0,1.0,False,False,False
افشا کرد,8,5,True,True,کرد,0.625,0.375,True,True,True
نقشه کشید,8,0,True,True,کشید,0.0,1.0,False,False,False
تکاند,8,7,False,False,,0.875,0.125,True,True,True
تکفل کرد,8,8,True,True,کرد,1.0,0.0,True,True,True
تلفن کرد,8,0,True,True,کرد,0.0,1.0,False,False,False
تکوین کرد,8,4,True,True,کرد,0.5,0.5,True,True,True
نتیجه داد,8,0,True,True,داد,0.0,1.0,False,False,False
نجات کرد,8,0,True,True,کرد,0.0,1.0,False,False,False
نزول کرد,8,0,True,True,کرد,0.0,1.0,False,False,False
پیش‌داوری کرد,8,0,True,True,کرد,0.0,1.0,False,False,False
پیش‌دستی کرد,8,0,True,True,کرد,0.0,1.0,False,False,False
پیله کرد,8,0,True,True,کرد,0.0,1.0,False,False,False
احضار کرد,8,8,True,True,کرد,1.0,0.0,True,True,True
ادا کرد,8,6,True,True,کرد,0.75,0.25,True,True,True
پیشوایی کرد,8,1,True,True,کرد,0.125,0.875,False,False,False
پیشکش کرد,8,8,True,True,کرد,1.0,0.0,True,True,True
زیاده‌روی کرد,8,0,True,True,کرد,0.0,1.0,False,False,False
زیان داد,8,0,True,True,داد,0.0,1.0,False,False,False
اخاذی کرد,8,0,True,True,کرد,0.0,1.0,False,False,False
پیمانه کرد,8,8,True,True,کرد,1.0,0.0,True,True,True
پیمایش کرد,8,7,True,True,کرد,0.875,0.125,True,True,True
رواج گرفت,8,0,True,True,گرفت,0.0,1.0,False,False,False
روانه کرد,8,7,False,True,کرد,0.875,0.125,True,True,True
تبری کرد,8,0,True,True,کرد,0.0,1.0,False,False,False
تبسم کرد,8,1,True,True,کرد,0.125,0.875,False,False,False
تأثیر نهاد,8,0,True,True,نهاد,0.0,1.0,False,False,False
تأثیرگذاری کرد,8,0,True,True,کرد,0.0,1.0,False,False,False
تأخیر کرد,8,0,True,True,کرد,0.0,1.0,False,False,False
سخن کرد,8,0,True,True,کرد,0.0,1.0,False,False,False
سابید,8,5,False,False,,0.625,0.375,True,True,True
تأسی کرد,8,0,True,True,کرد,0.0,1.0,False,False,False
ستایش کرد,8,6,True,True,کرد,0.75,0.25,True,True,True
پهلو گرفت,8,0,True,True,گرفت,0.0,1.0,False,False,False
پوست گرفت,8,6,True,True,گرفت,0.75,0.25,True,True,True
رم داد,8,8,True,True,داد,1.0,0.0,True,True,True
رنگ کرد,8,8,True,True,کرد,1.0,0.0,True,True,True
تجسس کرد,8,1,True,True,کرد,0.125,0.875,False,False,False
تجسم کرد,8,8,True,True,کرد,1.0,0.0,True,True,True
رهنمود داد,8,2,True,True,داد,0.25,0.75,False,False,False
پیشگیری کرد,8,0,True,True,کرد,0.0,1.0,False,False,False
پیش‌خرید کرد,8,8,True,True,کرد,1.0,0.0,True,True,True
رخت بست,8,0,True,True,بست,0.0,1.0,False,False,False
رد کرد,8,8,False,True,کرد,1.0,0.0,True,True,True
ردیف کرد,8,6,True,True,کرد,0.75,0.25,True,True,True
رزرو کرد,8,7,True,True,کرد,0.875,0.125,True,True,True
پینه زد,8,2,True,True,زد,0.25,0.75,False,False,False
سرایت کرد,8,0,True,True,کرد,0.0,1.0,False,False,False
سرقت کرد,8,3,True,True,کرد,0.375,0.625,True,True,True
سرنگون کرد,8,8,True,True,کرد,1.0,0.0,True,True,True
سرود,8,7,False,False,,0.875,0.125,True,True,True
سرپرستی کرد,8,7,True,True,کرد,0.875,0.125,True,True,True
احتیاط ورزید,8,0,True,True,ورزید,0.0,1.0,False,False,False
تجهیز کرد,8,7,True,True,کرد,0.875,0.125,True,True,True
تحرک کرد,8,0,True,True,کرد,0.0,1.0,False,False,False
پی افکند,8,7,True,True,افکند,0.875,0.125,True,True,True
پی گرفت,8,8,True,True,گرفت,1.0,0.0,True,True,True
سجود کرد,8,1,True,True,کرد,0.125,0.875,False,False,False
سوت زد,8,1,True,True,زد,0.125,0.875,False,False,False
سوخت‌گیری کرد,8,0,True,True,کرد,0.0,1.0,False,False,False
پنجه انداخت,8,0,True,True,انداخت,0.0,1.0,False,False,False
پنجه زد,8,1,True,True,زد,0.125,0.875,False,False,False
اذیت کرد,8,6,True,True,کرد,0.75,0.25,True,True,True
ارائه شد,8,0,True,True,شد,0.0,1.0,False,False,False
سلاخی کرد,8,8,True,True,کرد,1.0,0.0,True,True,True
سلام داد,8,0,True,True,داد,0.0,1.0,False,False,False
سمپاشی کرد,8,8,True,True,کرد,1.0,0.0,True,True,True
سنتز کرد,8,8,True,True,کرد,1.0,0.0,True,True,True
سنجاق کرد,8,5,True,True,کرد,0.625,0.375,True,True,True
سنگر گرفت,8,0,True,True,گرفت,0.0,1.0,False,False,False
سنگسار کرد,8,6,True,True,کرد,0.75,0.25,True,True,True
رحلت کرد,8,0,True,True,کرد,0.0,1.0,False,False,False
تحصن کرد,8,0,True,True,کرد,0.0,1.0,False,False,False
تحقق پذیرفت,8,0,True,True,پذیرفت,0.0,1.0,False,False,False
پنچرگیری کرد,8,6,True,True,کرد,0.75,0.25,True,True,True
سکسکه کرد,8,0,True,True,کرد,0.0,1.0,False,False,False
سیاست کرد,8,3,True,True,کرد,0.375,0.625,True,True,True
بیان داشت,8,7,True,True,داشت,0.875,0.125,True,True,True
بیتوته کرد,8,1,True,True,کرد,0.125,0.875,False,False,False
بیدار کرد,8,5,False,True,کرد,0.625,0.375,True,True,True
سینه‌پهلو کرد,8,0,True,True,کرد,0.0,1.0,False,False,False
تخته کرد,8,8,True,True,کرد,1.0,0.0,True,True,True
تخطئه کرد,8,8,True,True,کرد,1.0,0.0,True,True,True
راه برد,8,1,True,True,برد,0.125,0.875,False,False,False
راهپیمایی کرد,8,1,True,True,کرد,0.125,0.875,False,False,False
راه‌اندازی کرد,8,8,True,True,کرد,1.0,0.0,True,True,True
تحلیل رفت,8,0,True,True,رفت,0.0,1.0,False,False,False
تحمیل شد,8,0,True,True,شد,0.0,1.0,False,False,False
رایزنی کرد,8,0,True,True,کرد,0.0,1.0,False,False,False
سواری گرفت,8,0,True,True,گرفت,0.0,1.0,False,False,False
چتربازی کرد,8,0,True,True,کرد,0.0,1.0,False,False,False
شاهد آورد,8,1,True,True,آورد,0.125,0.875,False,False,False
شاهکار کرد,8,0,True,True,کرد,0.0,1.0,False,False,False
شبیخون زد,8,0,True,True,زد,0.0,1.0,False,False,False
شبیه‌سازی کرد,8,8,True,True,کرد,1.0,0.0,True,True,True
بو گرفت,8,0,True,True,گرفت,0.0,1.0,False,False,False
بوق زد,8,0,True,True,زد,0.0,1.0,False,False,False
بویید,8,8,False,False,,1.0,0.0,True,True,True
بچه‌داری کرد,8,0,True,True,کرد,0.0,1.0,False,False,False
شراکت کرد,8,0,True,True,کرد,0.0,1.0,False,False,False
چربید,8,0,False,False,,0.0,1.0,False,False,False
احتساب کرد,8,8,True,True,کرد,1.0,0.0,True,True,True
رأی‌گیری کرد,8,0,True,True,کرد,0.0,1.0,False,False,False
رؤیت کرد,8,7,True,True,کرد,0.875,0.125,True,True,True
تحکم کرد,8,2,True,True,کرد,0.25,0.75,False,False,False
ارث برد,8,6,True,True,برد,0.75,0.25,True,True,True
پناه جست,8,0,True,True,جست,0.0,1.0,False,False,False
پنجه افکند,8,0,True,True,افکند,0.0,1.0,False,False,False
شهرت گرفت,8,0,True,True,گرفت,0.0,1.0,False,False,False
بهره کشید,8,0,True,True,کشید,0.0,1.0,False,False,False
شوت زد,8,0,True,True,زد,0.0,1.0,False,False,False
شورش کرد,8,0,True,True,کرد,0.0,1.0,False,False,False
شفاف‌سازی کرد,8,2,True,True,کرد,0.25,0.75,False,False,False
پسروی کرد,8,0,True,True,کرد,0.0,1.0,False,False,False
ارزشیابی کرد,8,5,True,True,کرد,0.625,0.375,True,True,True
دوچرخه‌سواری کرد,8,1,True,True,کرد,0.125,0.875,False,False,False
تخم‌ریزی کرد,8,0,True,True,کرد,0.0,1.0,False,False,False
چاره اندیشید,8,0,True,True,اندیشید,0.0,1.0,False,False,False
چاره کرد,8,8,True,True,کرد,1.0,0.0,True,True,True
چاره‌جویی کرد,8,0,True,True,کرد,0.0,1.0,False,False,False
چانه‌زنی کرد,8,0,True,True,کرد,0.0,1.0,False,False,False
چاپلوسی کرد,8,0,True,True,کرد,0.0,1.0,False,False,False
اجتناب داشت,8,0,True,True,داشت,0.0,1.0,False,False,False
اجتناب کرد,8,0,True,True,کرد,0.0,1.0,False,False,False
دل باخت,8,0,True,True,باخت,0.0,1.0,False,False,False
دل برد,8,0,True,True,برد,0.0,1.0,False,False,False
دلالت کرد,8,1,True,True,کرد,0.125,0.875,False,False,False
دلسوزی کرد,8,0,True,True,کرد,0.0,1.0,False,False,False
شکافت,8,7,False,False,,0.875,0.125,True,True,True
شکرک زد,8,0,True,True,زد,0.0,1.0,False,False,False
پرپر زد,8,0,True,True,زد,0.0,1.0,False,False,False
پس آورد,8,8,True,True,آورد,1.0,0.0,True,True,True
پس زد,8,6,True,True,زد,0.75,0.25,True,True,True
ترجیح داد,8,8,True,True,داد,1.0,0.0,True,True,True
دوبله کرد,8,8,True,True,کرد,1.0,0.0,True,True,True
تدفین کرد,8,6,True,True,کرد,0.75,0.25,True,True,True
دورخیز کرد,8,0,True,True,کرد,0.0,1.0,False,False,False
دوری گرفت,8,0,True,True,گرفت,0.0,1.0,False,False,False
صدرنشینی کرد,8,1,True,True,کرد,0.125,0.875,False,False,False
صف کشید,8,0,True,True,کشید,0.0,1.0,False,False,False
صیانت کرد,8,2,True,True,کرد,0.25,0.75,False,False,False
بلغور کرد,8,7,True,True,کرد,0.875,0.125,True,True,True
ضدعفونی کرد,8,8,True,True,کرد,1.0,0.0,True,True,True
ضمانت کرد,8,8,True,True,کرد,1.0,0.0,True,True,True
ارسال کرد,8,8,True,True,کرد,1.0,0.0,True,True,True
ارضا کرد,8,8,True,True,کرد,1.0,0.0,True,True,True
ارفاق کرد,8,1,True,True,کرد,0.125,0.875,False,False,False
ازدحام کرد,8,0,True,True,کرد,0.0,1.0,False,False,False
پسرفت کرد,8,0,True,True,کرد,0.0,1.0,False,False,False
شکوفه زد,8,0,True,True,زد,0.0,1.0,False,False,False
شیرجه رفت,8,0,True,True,رفت,0.0,1.0,False,False,False
صادر شد,8,2,True,True,شد,0.25,0.75,False,False,False
صدا داد,8,0,True,True,داد,0.0,1.0,False,False,False
اجتماع کرد,8,0,True,True,کرد,0.0,1.0,False,False,False
چپاند,8,8,False,False,,1.0,0.0,True,True,True
چپاول کرد,8,8,True,True,کرد,1.0,0.0,True,True,True
ترمز گرفت,8,0,True,True,گرفت,0.0,1.0,False,False,False
ترنم کرد,8,7,True,True,کرد,0.875,0.125,True,True,True
ترویج داد,8,8,True,True,داد,1.0,0.0,True,True,True
دسته‌بندی کرد,8,8,True,True,کرد,1.0,0.0,True,True,True
طمع برد,8,0,True,True,برد,0.0,1.0,False,False,False
بسته‌بندی کرد,8,5,True,True,کرد,0.625,0.375,True,True,True
بسیج کرد,8,7,True,True,کرد,0.875,0.125,True,True,True
بشکن زد,8,0,True,True,زد,0.0,1.0,False,False,False
پرستاری کرد,8,0,True,True,کرد,0.0,1.0,False,False,False
استجابت کرد,8,7,True,True,کرد,0.875,0.125,True,True,True
دست‌درازی کرد,8,1,True,True,کرد,0.125,0.875,False,False,False
ترشح کرد,8,8,True,True,کرد,1.0,0.0,True,True,True
ترغیب کرد,8,8,True,True,کرد,1.0,0.0,True,True,True
چرید,8,2,False,False,,0.25,0.75,False,False,False
پرخاشگری کرد,8,0,True,True,کرد,0.0,1.0,False,False,False
عذاب کرد,8,8,True,True,کرد,1.0,0.0,True,True,True
عذر آورد,8,0,True,True,آورد,0.0,1.0,False,False,False
عروج کرد,8,0,True,True,کرد,0.0,1.0,False,False,False
عزیمت کرد,8,0,True,True,کرد,0.0,1.0,False,False,False
عطسه کرد,8,0,True,True,کرد,0.0,1.0,False,False,False
طی کرد,8,7,True,True,کرد,0.875,0.125,True,True,True
بزرگواری کرد,8,0,True,True,کرد,0.0,1.0,False,False,False
بست نشست,8,0,True,True,نشست,0.0,1.0,False,False,False
عادت داد,8,8,True,True,داد,1.0,0.0,True,True,True
عادت کرد,8,0,True,True,کرد,0.0,1.0,False,False,False
پر کشید,8,0,True,True,کشید,0.0,1.0,False,False,False
استحمام کرد,8,1,True,True,کرد,0.125,0.875,False,False,False
اتکا کرد,8,0,True,True,کرد,0.0,1.0,False,False,False
اثر گذارد,8,0,True,True,گذارد,0.0,1.0,False,False,False
اثر گرفت,8,0,True,True,گرفت,0.0,1.0,False,False,False
استشمام کرد,8,7,True,True,کرد,0.875,0.125,True,True,True
استعمال کرد,8,8,True,True,کرد,1.0,0.0,True,True,True
استغاثه کرد,8,0,True,True,کرد,0.0,1.0,False,False,False
پدری کرد,8,0,True,True,کرد,0.0,1.0,False,False,False
عیب‌جویی کرد,8,0,True,True,کرد,0.0,1.0,False,False,False
غربال کرد,8,6,True,True,کرد,0.75,0.25,True,True,True
غلبه داد,8,7,True,True,داد,0.875,0.125,True,True,True
دروید,8,4,False,False,,0.5,0.5,True,True,True
تزئین کرد,8,8,True,True,کرد,1.0,0.0,True,True,True
اتو زد,8,6,True,True,زد,0.75,0.25,True,True,True
علامت‌گذاری کرد,8,6,True,True,کرد,0.75,0.25,True,True,True
عهدشکنی کرد,8,0,True,True,کرد,0.0,1.0,False,False,False
عوض کرد,8,7,True,True,کرد,0.875,0.125,True,True,True
پالایش کرد,8,7,True,True,کرد,0.875,0.125,True,True,True
پانسمان کرد,8,7,True,True,کرد,0.875,0.125,True,True,True
استدعا کرد,8,4,True,True,کرد,0.5,0.5,True,True,True
فزونی گرفت,8,0,True,True,گرفت,0.0,1.0,False,False,False
فراری داد,8,8,True,True,داد,1.0,0.0,True,True,True
فرسود,8,4,False,False,,0.5,0.5,True,True,True
فرمان برد,8,1,True,True,برد,0.125,0.875,False,False,False
بدجنسی کرد,8,0,True,True,کرد,0.0,1.0,False,False,False
فرود آمد,8,0,True,True,آمد,0.0,1.0,False,False,False
پادشاهی کرد,8,0,True,True,کرد,0.0,1.0,False,False,False
پادویی کرد,8,0,True,True,کرد,0.0,1.0,False,False,False
درج کرد,8,6,True,True,کرد,0.75,0.25,True,True,True
تسری داد,8,8,True,True,داد,1.0,0.0,True,True,True
غلت داد,8,6,True,True,داد,0.75,0.25,True,True,True
غلطانید,8,7,False,False,,0.875,0.125,True,True,True
غلغلک داد,8,8,True,True,داد,1.0,0.0,True,True,True
غواصی کرد,8,0,True,True,کرد,0.0,1.0,False,False,False
بدل‌کاری کرد,8,1,True,True,کرد,0.125,0.875,False,False,False
بر داشت,8,8,True,True,داشت,1.0,0.0,True,True,True
آهنگسازی کرد,8,3,True,True,کرد,0.375,0.625,True,True,True
آواز داد,8,6,True,True,داد,0.75,0.25,True,True,True
کم‌لطفی کرد,8,0,True,True,کرد,0.0,1.0,False,False,False
خواستگاری کرد,8,3,True,True,کرد,0.375,0.625,True,True,True
تشریف برد,8,0,True,True,برد,0.0,1.0,False,False,False
تشنج کرد,8,0,True,True,کرد,0.0,1.0,False,False,False
خوش کرد,8,1,False,True,کرد,0.125,0.875,False,False,False
خیال‌پردازی کرد,8,0,True,True,کرد,0.0,1.0,False,False,False
خیس کرد,8,6,False,True,کرد,0.75,0.25,True,True,True
تسهیل کرد,8,8,True,True,کرد,1.0,0.0,True,True,True
دار زد,8,8,True,True,زد,1.0,0.0,True,True,True
داغ کرد,8,8,True,True,کرد,1.0,0.0,True,True,True
استغفار کرد,8,0,True,True,کرد,0.0,1.0,False,False,False
پاس کرد,8,6,True,True,کرد,0.75,0.25,True,True,True
پاسداری کرد,8,1,True,True,کرد,0.125,0.875,False,False,False
فریفت,8,8,False,False,,1.0,0.0,True,True,True
استنتاج کرد,8,5,True,True,کرد,0.625,0.375,True,True,True
پا آورد,8,8,True,True,آورد,1.0,0.0,True,True,True
پا افتاد,8,0,True,True,افتاد,0.0,1.0,False,False,False
پا خاست,8,0,True,True,خاست,0.0,1.0,False,False,False
قدردانی کرد,8,0,True,True,کرد,0.0,1.0,False,False,False
بخشود,8,7,False,False,,0.875,0.125,True,True,True
فضاسازی کرد,8,1,True,True,کرد,0.125,0.875,False,False,False
فیلم‌برداری کرد,8,0,True,True,کرد,0.0,1.0,False,False,False
بالا آورد,8,2,True,True,آورد,0.25,0.75,False,False,False
بالا گرفت,8,0,True,True,گرفت,0.0,1.0,False,False,False
بالانس زد,8,0,True,True,زد,0.0,1.0,False,False,False
بانگ زد,8,3,True,True,زد,0.375,0.625,True,True,True
قاپید,8,8,False,False,,1.0,0.0,True,True,True
وعده کرد,8,3,True,True,کرد,0.375,0.625,True,True,True
آنتن داد,8,0,True,True,داد,0.0,1.0,False,False,False
آهار زد,8,6,True,True,زد,0.75,0.25,True,True,True
لابی زد,8,0,True,True,زد,0.0,1.0,False,False,False
لایی کشید,8,1,True,True,کشید,0.125,0.875,False,False,False
قربان رفت,8,0,True,True,رفت,0.0,1.0,False,False,False
قرض داد,8,8,True,True,داد,1.0,0.0,True,True,True
قرقره کرد,8,5,True,True,کرد,0.625,0.375,True,True,True
قشلاق کرد,8,0,True,True,کرد,0.0,1.0,False,False,False
بازشناسی کرد,8,8,True,True,کرد,1.0,0.0,True,True,True
بازگشایی کرد,8,8,True,True,کرد,1.0,0.0,True,True,True
آموزش داد,8,5,True,True,داد,0.625,0.375,True,True,True
آمیزش کرد,8,0,True,True,کرد,0.0,1.0,False,False,False
خلوت کرد,8,0,True,True,کرد,0.0,1.0,False,False,False
تشییع کرد,8,7,True,True,کرد,0.875,0.125,True,True,True
تصادم کرد,8,0,True,True,کرد,0.0,1.0,False,False,False
تصحیح کرد,8,7,True,True,کرد,0.875,0.125,True,True,True
وول خورد,8,0,True,True,خورد,0.0,1.0,False,False,False
استمهال کرد,8,1,True,True,کرد,0.125,0.875,False,False,False
آغوش کشید,8,8,True,True,کشید,1.0,0.0,True,True,True
آفتاب گرفت,8,0,True,True,گرفت,0.0,1.0,False,False,False
لحاظ داشت,8,8,True,True,داشت,1.0,0.0,True,True,True
لشگر کشید,8,0,True,True,کشید,0.0,1.0,False,False,False
بازاندیشی کرد,8,0,True,True,کرد,0.0,1.0,False,False,False
لغزاند,8,8,False,False,,1.0,0.0,True,True,True
لغزش کرد,8,0,True,True,کرد,0.0,1.0,False,False,False
لقب داد,8,7,True,True,داد,0.875,0.125,True,True,True
لقمه کرد,8,5,True,True,کرد,0.625,0.375,True,True,True
وزارت کرد,8,0,True,True,کرد,0.0,1.0,False,False,False
وزاند,8,8,False,False,,1.0,0.0,True,True,True
خروشید,8,0,False,False,,0.0,1.0,False,False,False
تصدی کرد,8,8,True,True,کرد,1.0,0.0,True,True,True
تصفیه کرد,8,7,True,True,کرد,0.875,0.125,True,True,True
تصمیم گرفت,8,0,True,True,گرفت,0.0,1.0,False,False,False
تصمیم‌گیری کرد,8,0,True,True,کرد,0.0,1.0,False,False,False
حکاکی کرد,8,7,True,True,کرد,0.875,0.125,True,True,True
خاطر آمد,8,1,True,True,آمد,0.125,0.875,False,False,False
وصله زد,8,5,True,True,زد,0.625,0.375,True,True,True
وصله کرد,8,7,True,True,کرد,0.875,0.125,True,True,True
استنطاق کرد,8,4,True,True,کرد,0.5,0.5,True,True,True
استهزا کرد,8,7,True,True,کرد,0.875,0.125,True,True,True
اسم برد,8,1,True,True,برد,0.125,0.875,False,False,False
وضو گرفت,8,0,True,True,گرفت,0.0,1.0,False,False,False
لنگر گرفت,8,0,True,True,گرفت,0.0,1.0,False,False,False
لنگید,8,1,False,False,,0.125,0.875,False,False,False
لودگی کرد,8,0,True,True,کرد,0.0,1.0,False,False,False
لوطی‌گری کرد,8,0,True,True,کرد,0.0,1.0,False,False,False
خاک کرد,8,7,True,True,کرد,0.875,0.125,True,True,True
تصویر کشید,8,8,True,True,کشید,1.0,0.0,True,True,True
کوچ داد,8,8,True,True,داد,1.0,0.0,True,True,True
کپی‌برداری کرد,8,1,True,True,کرد,0.125,0.875,False,False,False
لولید,8,1,False,False,,0.125,0.875,False,False,False
بادکش کرد,8,7,True,True,کرد,0.875,0.125,True,True,True
بارکشی کرد,8,0,True,True,کرد,0.0,1.0,False,False,False
لگدمال کرد,8,8,True,True,کرد,1.0,0.0,True,True,True
لیز خورد,8,1,True,True,خورد,0.125,0.875,False,False,False
لیزر کرد,8,4,True,True,کرد,0.5,0.5,True,True,True
ماجراجویی کرد,8,0,True,True,کرد,0.0,1.0,False,False,False
مارش زد,8,0,True,True,زد,0.0,1.0,False,False,False
ایمیل زد,8,0,True,True,زد,0.0,1.0,False,False,False
حمله آورد,8,0,True,True,آورد,0.0,1.0,False,False,False
تضییع کرد,8,8,True,True,کرد,1.0,0.0,True,True,True
تطبیق داد,8,8,True,True,داد,1.0,0.0,True,True,True
تطمیع کرد,8,8,True,True,کرد,1.0,0.0,True,True,True
تظاهرات کرد,8,0,True,True,کرد,0.0,1.0,False,False,False
تعارض کرد,8,0,True,True,کرد,0.0,1.0,False,False,False
حواله کرد,8,8,True,True,کرد,1.0,0.0,True,True,True
ماهیگیری کرد,8,0,True,True,کرد,0.0,1.0,False,False,False
مایه‌کوبی کرد,8,8,True,True,کرد,1.0,0.0,True,True,True
مبادرت کرد,8,0,True,True,کرد,0.0,1.0,False,False,False
مبالغه کرد,8,0,True,True,کرد,0.0,1.0,False,False,False
مبذول داشت,8,8,True,True,داشت,1.0,0.0,True,True,True
مثله کرد,8,7,True,True,کرد,0.875,0.125,True,True,True
مجادله کرد,8,0,True,True,کرد,0.0,1.0,False,False,False
اکرام کرد,8,8,True,True,کرد,1.0,0.0,True,True,True
ایثار کرد,8,0,True,True,کرد,0.0,1.0,False,False,False
ایثارگری کرد,8,0,True,True,کرد,0.0,1.0,False,False,False
واکنش داد,8,0,True,True,داد,0.0,1.0,False,False,False
آشنایی‌زدایی کرد,8,0,True,True,کرد,0.0,1.0,False,False,False
حقیقت داشت,8,0,True,True,داشت,0.0,1.0,False,False,False
حق‌شناسی کرد,8,1,True,True,کرد,0.125,0.875,False,False,False
تعبیه کرد,8,8,True,True,کرد,1.0,0.0,True,True,True
تعجیل کرد,8,0,True,True,کرد,0.0,1.0,False,False,False
جوش آمد,8,0,True,True,آمد,0.0,1.0,False,False,False
جوش زد,8,0,True,True,زد,0.0,1.0,False,False,False
حاصل آمد,8,0,True,True,آمد,0.0,1.0,False,False,False
اسکن کرد,8,6,True,True,کرد,0.75,0.25,True,True,True
اسکی کرد,8,0,True,True,کرد,0.0,1.0,False,False,False
وحشت کرد,8,0,True,True,کرد,0.0,1.0,False,False,False
وداع کرد,8,1,True,True,کرد,0.125,0.875,False,False,False
مجاهدت کرد,8,0,True,True,کرد,0.0,1.0,False,False,False
محاکمه کرد,8,7,True,True,کرد,0.875,0.125,True,True,True
محبت ورزید,8,0,True,True,ورزید,0.0,1.0,False,False,False
اهتمام ورزید,8,0,True,True,ورزید,0.0,1.0,False,False,False
تعقل کرد,8,2,True,True,کرد,0.25,0.75,False,False,False
حسودی کرد,8,0,True,True,کرد,0.0,1.0,False,False,False
حفاری کرد,8,6,True,True,کرد,0.75,0.25,True,True,True
گردن گذاشت,8,0,True,True,گذاشت,0.0,1.0,False,False,False
گرم گرفت,8,0,True,True,گرفت,0.0,1.0,False,False,False
آشفت,8,1,False,False,,0.125,0.875,False,False,False
تفاخر کرد,8,0,True,True,کرد,0.0,1.0,False,False,False
تفاهم کرد,8,0,True,True,کرد,0.0,1.0,False,False,False
تفاوت کرد,8,0,True,True,کرد,0.0,1.0,False,False,False
جهاند,8,6,False,False,,0.75,0.25,True,True,True
جهت‌گیری کرد,8,0,True,True,کرد,0.0,1.0,False,False,False
اوقات‌تلخی کرد,8,0,True,True,کرد,0.0,1.0,False,False,False
محشر کرد,8,1,True,True,کرد,0.125,0.875,False,False,False
مخابره کرد,8,7,True,True,کرد,0.875,0.125,True,True,True
مد گرفت,8,8,True,True,گرفت,1.0,0.0,True,True,True
مداحی کرد,8,0,True,True,کرد,0.0,1.0,False,False,False
مدل‌سازی کرد,8,5,True,True,کرد,0.625,0.375,True,True,True
مراجعت کرد,8,0,True,True,کرد,0.0,1.0,False,False,False
هماهنگی کرد,8,0,True,True,کرد,0.0,1.0,False,False,False
همذات‌پنداری کرد,8,0,True,True,کرد,0.0,1.0,False,False,False
جوانه زد,8,0,True,True,زد,0.0,1.0,False,False,False
مسترد کرد,8,7,True,True,کرد,0.875,0.125,True,True,True
مسواک کرد,8,5,True,True,کرد,0.625,0.375,True,True,True
مشابه‌سازی کرد,8,4,True,True,کرد,0.5,0.5,True,True,True
مشایعت کرد,8,6,True,True,کرد,0.75,0.25,True,True,True
مشت زد,8,0,True,True,زد,0.0,1.0,False,False,False
مضایقه کرد,8,2,True,True,کرد,0.25,0.75,False,False,False
همفکری کرد,8,0,True,True,کرد,0.0,1.0,False,False,False
اشاره شد,8,0,True,True,شد,0.0,1.0,False,False,False
اشتغال داشت,8,0,True,True,داشت,0.0,1.0,False,False,False
وارد آورد,8,8,True,True,آورد,1.0,0.0,True,True,True
مردانگی کرد,8,0,True,True,کرد,0.0,1.0,False,False,False
مرقوم داشت,8,5,True,True,داشت,0.625,0.375,True,True,True
اندازه کرد,8,6,True,True,کرد,0.75,0.25,True,True,True
اندوخته کرد,8,6,True,True,کرد,0.75,0.25,True,True,True
گفتمان کرد,8,0,True,True,کرد,0.0,1.0,False,False,False
آسیاب کرد,8,8,True,True,کرد,1.0,0.0,True,True,True
جدی گرفت,8,6,False,True,گرفت,0.75,0.25,True,True,True
جدیت کرد,8,0,True,True,کرد,0.0,1.0,False,False,False
جذب کرد,8,7,False,True,کرد,0.875,0.125,True,True,True
مطابقت داد,8,7,True,True,داد,0.875,0.125,True,True,True
معاشقه کرد,8,0,True,True,کرد,0.0,1.0,False,False,False
معاهده کرد,8,0,True,True,کرد,0.0,1.0,False,False,False
معاونت کرد,8,5,True,True,کرد,0.625,0.375,True,True,True
هجمه کرد,8,0,True,True,کرد,0.0,1.0,False,False,False
تقبیح کرد,8,8,True,True,کرد,1.0,0.0,True,True,True
جرقه زد,8,0,True,True,زد,0.0,1.0,False,False,False
جفت کرد,8,8,False,True,کرد,1.0,0.0,True,True,True
جمع زد,8,7,True,True,زد,0.875,0.125,True,True,True
تفهیم کرد,8,8,True,True,کرد,1.0,0.0,True,True,True
تفوق داد,8,6,True,True,داد,0.75,0.25,True,True,True
جنبش کرد,8,0,True,True,کرد,0.0,1.0,False,False,False
مسترد داشت,8,6,True,True,داشت,0.75,0.25,True,True,True
مناقشه کرد,8,0,True,True,کرد,0.0,1.0,False,False,False
مهر ورزید,8,0,True,True,ورزید,0.0,1.0,False,False,False
نیایش کرد,8,2,True,True,کرد,0.25,0.75,False,False,False
نیش زد,8,5,True,True,زد,0.625,0.375,True,True,True
معجزه کرد,8,0,True,True,کرد,0.0,1.0,False,False,False
معذرت‌خواهی کرد,8,0,True,True,کرد,0.0,1.0,False,False,False
معرفی شد,8,0,True,True,شد,0.0,1.0,False,False,False
معرکه گرفت,8,1,True,True,گرفت,0.125,0.875,False,False,False
معنی داد,8,0,True,True,داد,0.0,1.0,False,False,False
معنی کرد,8,7,True,True,کرد,0.875,0.125,True,True,True
مغلطه کرد,8,1,True,True,کرد,0.125,0.875,False,False,False
ملاحظه کرد,8,3,True,True,کرد,0.375,0.625,True,True,True
منازعه کرد,8,0,True,True,کرد,0.0,1.0,False,False,False
جان‌فشانی کرد,8,0,True,True,کرد,0.0,1.0,False,False,False
جای ماند,8,0,True,True,ماند,0.0,1.0,False,False,False
جدا افتاد,8,0,True,True,افتاد,0.0,1.0,False,False,False
گلگی کرد,8,0,True,True,کرد,0.0,1.0,False,False,False
گل‌کاری کرد,8,5,True,True,کرد,0.625,0.375,True,True,True
اطمینان کرد,8,0,True,True,کرد,0.0,1.0,False,False,False
مونتاژ کرد,8,8,True,True,کرد,1.0,0.0,True,True,True
مکاشفه کرد,8,4,True,True,کرد,0.5,0.5,True,True,True
الگو گرفت,8,0,True,True,گرفت,0.0,1.0,False,False,False
الگوسازی کرد,8,0,True,True,کرد,0.0,1.0,False,False,False
امامت کرد,8,3,True,True,کرد,0.375,0.625,True,True,True
گنجید,8,0,False,False,,0.0,1.0,False,False,False
آروغ زد,8,0,True,True,زد,0.0,1.0,False,False,False
گوش نهاد,8,0,True,True,نهاد,0.0,1.0,False,False,False
جاخالی داد,8,1,True,True,داد,0.125,0.875,False,False,False
جار کشید,8,2,True,True,کشید,0.25,0.75,False,False,False
جارو کرد,8,7,True,True,کرد,0.875,0.125,True,True,True
جانب‌داری کرد,8,0,True,True,کرد,0.0,1.0,False,False,False
مناظره کرد,8,0,True,True,کرد,0.0,1.0,False,False,False
اقتدا کرد,8,0,True,True,کرد,0.0,1.0,False,False,False
نوحه‌خوانی کرد,8,0,True,True,کرد,0.0,1.0,False,False,False
نوحه‌سرایی کرد,8,0,True,True,کرد,0.0,1.0,False,False,False
اعتصاب کرد,8,0,True,True,کرد,0.0,1.0,False,False,False
اعتنا کرد,8,0,True,True,کرد,0.0,1.0,False,False,False
اعجاز کرد,8,0,True,True,کرد,0.0,1.0,False,False,False
امانت‌داری کرد,8,0,True,True,کرد,0.0,1.0,False,False,False
ناخنک زد,8,1,True,True,زد,0.125,0.875,False,False,False
نازید,8,0,False,False,,0.0,1.0,False,False,False
التماس کرد,8,0,True,True,کرد,0.0,1.0,False,False,False
التیام کرد,8,4,True,True,کرد,0.5,0.5,True,True,True
نام‌گذاری کرد,8,7,True,True,کرد,0.875,0.125,True,True,True
تیک‌تاک کرد,8,0,True,True,کرد,0.0,1.0,False,False,False
تقطیع کرد,8,7,True,True,کرد,0.875,0.125,True,True,True
تقلا کرد,8,0,True,True,کرد,0.0,1.0,False,False,False
جا آورد,8,8,True,True,آورد,1.0,0.0,True,True,True
تهیه شد,8,0,True,True,شد,0.0,1.0,False,False,False
آب آورد,8,0,True,True,آورد,0.0,1.0,False,False,False
یخ بست,8,0,True,True,بست,0.0,1.0,False,False,False
آبروداری کرد,8,0,True,True,کرد,0.0,1.0,False,False,False
آب‌کشی کرد,8,5,True,True,کرد,0.625,0.375,True,True,True
آب‌پاشی کرد,8,5,True,True,کرد,0.625,0.375,True,True,True
آب‌تنی کرد,8,0,True,True,کرد,0.0,1.0,False,False,False
گیج رفت,8,0,True,True,رفت,0.0,1.0,False,False,False
یاد داد,8,7,True,True,داد,0.875,0.125,True,True,True
یاد داشت,8,6,True,True,داشت,0.75,0.25,True,True,True
توسل کرد,8,0,True,True,کرد,0.0,1.0,False,False,False
توفیر کرد,8,0,True,True,کرد,0.0,1.0,False,False,False
توقف داشت,8,0,True,True,داشت,0.0,1.0,False,False,False
تکافو کرد,8,5,True,True,کرد,0.625,0.375,True,True,True
نمونه‌برداری کرد,8,1,True,True,کرد,0.125,0.875,False,False,False
اغراق کرد,8,0,True,True,کرد,0.0,1.0,False,False,False
تبیین کرد,8,8,True,True,کرد,1.0,0.0,True,True,True
روبید,8,7,False,False,,0.875,0.125,True,True,True
روخوانی کرد,8,8,True,True,کرد,1.0,0.0,True,True,True
تاب‌بازی کرد,8,1,True,True,کرد,0.125,0.875,False,False,False
تاخت آورد,8,0,True,True,آورد,0.0,1.0,False,False,False
تاخت زد,8,8,True,True,زد,1.0,0.0,True,True,True
تاریخ زد,8,0,True,True,زد,0.0,1.0,False,False,False
پیراست,8,8,False,False,,1.0,0.0,True,True,True
پیشتازی کرد,8,0,True,True,کرد,0.0,1.0,False,False,False
پیشروی کرد,8,0,True,True,کرد,0.0,1.0,False,False,False
رونمایی کرد,8,1,True,True,کرد,0.125,0.875,False,False,False
رونویسی کرد,8,6,True,True,کرد,0.75,0.25,True,True,True
رژیم گرفت,8,0,True,True,گرفت,0.0,1.0,False,False,False
تاکسیدرمی کرد,8,8,True,True,کرد,1.0,0.0,True,True,True
تبانی کرد,8,0,True,True,کرد,0.0,1.0,False,False,False
تبدیل ساخت,8,8,True,True,ساخت,1.0,0.0,True,True,True
آب افتاد,7,0,True,True,افتاد,0.0,1.0,False,False,False
یکه‌تازی کرد,7,0,True,True,کرد,0.0,1.0,False,False,False
عکاسی کرد,7,0,True,True,کرد,0.0,1.0,False,False,False
عوض شد,7,0,True,True,شد,0.0,1.0,False,False,False
عصیان کرد,7,0,True,True,کرد,0.0,1.0,False,False,False
عمل آورد,7,6,True,True,آورد,0.8571428571428571,0.1428571428571429,True,True,True
گواهی داد,7,0,True,True,داد,0.0,1.0,False,False,False
گویندگی کرد,7,0,True,True,کرد,0.0,1.0,False,False,False
تمکین کرد,7,1,True,True,کرد,0.14285714285714285,0.8571428571428572,False,False,False
غبطه خورد,7,0,True,True,خورد,0.0,1.0,False,False,False
عقب‌نشینی کرد,7,0,True,True,کرد,0.0,1.0,False,False,False
عطرافشانی کرد,7,3,True,True,کرد,0.42857142857142855,0.5714285714285714,True,True,True
عیادت کرد,7,0,True,True,کرد,0.0,1.0,False,False,False
برابری کرد,7,0,True,True,کرد,0.0,1.0,False,False,False
غرید,7,0,False,False,,0.0,1.0,False,False,False
غلت خورد,7,0,True,True,خورد,0.0,1.0,False,False,False
برنامه‌نویسی کرد,7,1,True,True,کرد,0.14285714285714285,0.8571428571428572,False,False,False
غژغژ کرد,7,0,True,True,کرد,0.0,1.0,False,False,False
غوطه خورد,7,0,True,True,خورد,0.0,1.0,False,False,False
عزا گرفت,7,2,True,True,گرفت,0.2857142857142857,0.7142857142857143,False,False,False
عروسی کرد,7,0,True,True,کرد,0.0,1.0,False,False,False
عرض کرد,7,5,True,True,کرد,0.7142857142857143,0.2857142857142857,True,True,True
عربده کشید,7,0,True,True,کشید,0.0,1.0,False,False,False
عربده زد,7,0,True,True,زد,0.0,1.0,False,False,False
گلوله‌باران کرد,7,7,True,True,کرد,1.0,0.0,True,True,True
گله‌گذاری کرد,7,0,True,True,کرد,0.0,1.0,False,False,False
گلدوزی کرد,7,4,True,True,کرد,0.5714285714285714,0.4285714285714286,True,True,True
گلایه کرد,7,0,True,True,کرد,0.0,1.0,False,False,False
تمرد کرد,7,0,True,True,کرد,0.0,1.0,False,False,False
تمدن‌سازی کرد,7,0,True,True,کرد,0.0,1.0,False,False,False
گل‌سازی کرد,7,0,True,True,کرد,0.0,1.0,False,False,False
آرزو کرد,7,2,True,True,کرد,0.2857142857142857,0.7142857142857143,False,False,False
بدعت‌گذاری کرد,7,0,True,True,کرد,0.0,1.0,False,False,False
بع‌بع کرد,7,0,True,True,کرد,0.0,1.0,False,False,False
عبرت گرفت,7,0,True,True,گرفت,0.0,1.0,False,False,False
عایق‌کاری کرد,7,7,True,True,کرد,1.0,0.0,True,True,True
گزینش کرد,7,7,True,True,کرد,1.0,0.0,True,True,True
آستر کرد,7,6,True,True,کرد,0.8571428571428571,0.1428571428571429,True,True,True
تمثیل کرد,7,5,True,True,کرد,0.7142857142857143,0.2857142857142857,True,True,True
تنقیه کرد,7,5,True,True,کرد,0.7142857142857143,0.2857142857142857,True,True,True
تهویه کرد,7,6,True,True,کرد,0.8571428571428571,0.1428571428571429,True,True,True
تهذیب کرد,7,1,True,True,کرد,0.14285714285714285,0.8571428571428572,False,False,False
گفت کرد,7,0,True,True,کرد,0.0,1.0,False,False,False
گشت‌زنی کرد,7,0,True,True,کرد,0.0,1.0,False,False,False
گشت کرد,7,0,True,True,کرد,0.0,1.0,False,False,False
فاصله داد,7,6,True,True,داد,0.8571428571428571,0.1428571428571429,True,True,True
فرافکنی کرد,7,1,True,True,کرد,0.14285714285714285,0.8571428571428572,False,False,False
فراخوانی کرد,7,6,True,True,کرد,0.8571428571428571,0.1428571428571429,True,True,True
فرمان داد,7,0,True,True,داد,0.0,1.0,False,False,False
فرض کرد,7,7,True,True,کرد,1.0,0.0,True,True,True
فرصت‌سوزی کرد,7,0,True,True,کرد,0.0,1.0,False,False,False
طرفداری کرد,7,0,True,True,کرد,0.0,1.0,False,False,False
طرح‌ریزی کرد,7,6,True,True,کرد,0.8571428571428571,0.1428571428571429,True,True,True
طبقه‌بندی کرد,7,7,True,True,کرد,1.0,0.0,True,True,True
گزارش داد,7,2,True,True,داد,0.2857142857142857,0.7142857142857143,False,False,False
تنگ‌نظری کرد,7,0,True,True,کرد,0.0,1.0,False,False,False
تمسک کرد,7,0,True,True,کرد,0.0,1.0,False,False,False
تلگراف کرد,7,2,True,True,کرد,0.2857142857142857,0.7142857142857143,False,False,False
تله‌گذاری کرد,7,1,True,True,کرد,0.14285714285714285,0.8571428571428572,False,False,False
آشیانه کرد,7,1,True,True,کرد,0.14285714285714285,0.8571428571428572,False,False,False
گشت زد,7,2,True,True,زد,0.2857142857142857,0.7142857142857143,False,False,False
گسیخت,7,4,False,False,,0.5714285714285714,0.4285714285714286,True,True,True
بدرفتاری کرد,7,0,True,True,کرد,0.0,1.0,False,False,False
ضجه زد,7,0,True,True,زد,0.0,1.0,False,False,False
صیقل زد,7,6,True,True,زد,0.8571428571428571,0.1428571428571429,True,True,True
بمب‌گذاری کرد,7,1,True,True,کرد,0.14285714285714285,0.8571428571428572,False,False,False
بمباران کرد,7,7,True,True,کرد,1.0,0.0,True,True,True
طلسم کرد,7,7,True,True,کرد,1.0,0.0,True,True,True
طلاق گرفت,7,0,True,True,گرفت,0.0,1.0,False,False,False
طفره رفت,7,0,True,True,رفت,0.0,1.0,False,False,False
صیقل داد,7,7,True,True,داد,1.0,0.0,True,True,True
گردن نهاد,7,0,True,True,نهاد,0.0,1.0,False,False,False
گردن زد,7,7,True,True,زد,1.0,0.0,True,True,True
گردآوری کرد,7,6,True,True,کرد,0.8571428571428571,0.1428571428571429,True,True,True
توبیخ کرد,7,7,True,True,کرد,1.0,0.0,True,True,True
گزند دید,7,0,True,True,دید,0.0,1.0,False,False,False
گزارش کرد,7,7,True,True,کرد,1.0,0.0,True,True,True
بخیه زد,7,4,True,True,زد,0.5714285714285714,0.4285714285714286,True,True,True
بخیه خورد,7,0,True,True,خورد,0.0,1.0,False,False,False
فرمان‌برداری کرد,7,0,True,True,کرد,0.0,1.0,False,False,False
فرهنگ‌سازی کرد,7,2,True,True,کرد,0.2857142857142857,0.7142857142857143,False,False,False
فرمت کرد,7,7,True,True,کرد,1.0,0.0,True,True,True
بخش کرد,7,6,True,True,کرد,0.8571428571428571,0.1428571428571429,True,True,True
بخار کرد,7,3,True,True,کرد,0.42857142857142855,0.5714285714285714,True,True,True
بخار داد,7,4,True,True,داد,0.5714285714285714,0.4285714285714286,True,True,True
صفا داد,7,7,True,True,داد,1.0,0.0,True,True,True
صرفه‌جویی کرد,7,0,True,True,کرد,0.0,1.0,False,False,False
فزونی داد,7,6,True,True,داد,0.8571428571428571,0.1428571428571429,True,True,True
فضولی کرد,7,0,True,True,کرد,0.0,1.0,False,False,False
آغازید,7,3,False,False,,0.42857142857142855,0.5714285714285714,True,True,True
تودیع کرد,7,6,True,True,کرد,0.8571428571428571,0.1428571428571429,True,True,True
تمام شد,7,0,True,True,شد,0.0,1.0,False,False,False
تلقیح کرد,7,6,True,True,کرد,0.8571428571428571,0.1428571428571429,True,True,True
تلفیق کرد,7,7,True,True,کرد,1.0,0.0,True,True,True
گدایی کرد,7,4,True,True,کرد,0.5714285714285714,0.4285714285714286,True,True,True
گره داد,7,7,True,True,داد,1.0,0.0,True,True,True
گردن گرفت,7,7,True,True,گرفت,1.0,0.0,True,True,True
صحافی کرد,7,7,True,True,کرد,1.0,0.0,True,True,True
بندبازی کرد,7,0,True,True,کرد,0.0,1.0,False,False,False
صورت داد,7,5,True,True,داد,0.7142857142857143,0.2857142857142857,True,True,True
صف‌آرایی کرد,7,0,True,True,کرد,0.0,1.0,False,False,False
صفحه‌آرایی کرد,7,5,True,True,کرد,0.7142857142857143,0.2857142857142857,True,True,True
فشاند,7,7,False,False,,1.0,0.0,True,True,True
فشار آورد,7,0,True,True,آورد,0.0,1.0,False,False,False
بخشندگی کرد,7,0,True,True,کرد,0.0,1.0,False,False,False
فکس زد,7,0,True,True,زد,0.0,1.0,False,False,False
گارد گرفت,7,0,True,True,گرفت,0.0,1.0,False,False,False
آلود,7,7,False,False,,1.0,0.0,True,True,True
آقایی کرد,7,0,True,True,کرد,0.0,1.0,False,False,False
فواره کرد,7,0,True,True,کرد,0.0,1.0,False,False,False
صافکاری کرد,7,6,True,True,کرد,0.8571428571428571,0.1428571428571429,True,True,True
صدقه کرد,7,4,True,True,کرد,0.5714285714285714,0.4285714285714286,True,True,True
صدابرداری کرد,7,5,True,True,کرد,0.7142857142857143,0.2857142857142857,True,True,True
صحنه‌آرایی کرد,7,2,True,True,کرد,0.2857142857142857,0.7142857142857143,False,False,False
فهرست‌بندی کرد,7,7,True,True,کرد,1.0,0.0,True,True,True
فهرست‌برداری کرد,7,2,True,True,کرد,0.2857142857142857,0.7142857142857143,False,False,False
فهرست کرد,7,6,True,True,کرد,0.8571428571428571,0.1428571428571429,True,True,True
کهیر زد,7,0,True,True,زد,0.0,1.0,False,False,False
تلمبه کرد,7,5,True,True,کرد,0.7142857142857143,0.2857142857142857,True,True,True
تلطیف کرد,7,7,True,True,کرد,1.0,0.0,True,True,True
گام زد,7,0,True,True,زد,0.0,1.0,False,False,False
گازرسانی کرد,7,2,True,True,کرد,0.2857142857142857,0.7142857142857143,False,False,False
گاز گرفت,7,5,True,True,گرفت,0.7142857142857143,0.2857142857142857,True,True,True
بانگ کرد,7,2,True,True,کرد,0.2857142857142857,0.7142857142857143,False,False,False
شکیبایی کرد,7,0,True,True,کرد,0.0,1.0,False,False,False
شکوفه کرد,7,0,True,True,کرد,0.0,1.0,False,False,False
بهانه گرفت,7,0,True,True,گرفت,0.0,1.0,False,False,False
بهانه کرد,7,7,True,True,کرد,1.0,0.0,True,True,True
بهانه جست,7,0,True,True,جست,0.0,1.0,False,False,False
شکرگزاری کرد,7,2,True,True,کرد,0.2857142857142857,0.7142857142857143,False,False,False
شیرین‌کاری کرد,7,0,True,True,کرد,0.0,1.0,False,False,False
شیرجه زد,7,0,True,True,زد,0.0,1.0,False,False,False
فیلترگذاری کرد,7,5,True,True,کرد,0.7142857142857143,0.2857142857142857,True,True,True
قانون‌گذاری کرد,7,0,True,True,کرد,0.0,1.0,False,False,False
قالب‌گیری کرد,7,3,True,True,کرد,0.42857142857142855,0.5714285714285714,True,True,True
قالب‌بندی کرد,7,7,True,True,کرد,1.0,0.0,True,True,True
شوهر داد,7,6,True,True,داد,0.8571428571428571,0.1428571428571429,True,True,True
تکمیل کرد,7,7,True,True,کرد,1.0,0.0,True,True,True
تکلف کرد,7,0,True,True,کرد,0.0,1.0,False,False,False
تیغ زد,7,7,True,True,زد,1.0,0.0,True,True,True
تیرباران کرد,7,6,True,True,کرد,0.8571428571428571,0.1428571428571429,True,True,True
تک‌نوازی کرد,7,2,True,True,کرد,0.2857142857142857,0.7142857142857143,False,False,False
کنایه زد,7,0,True,True,زد,0.0,1.0,False,False,False
کناره جست,7,0,True,True,جست,0.0,1.0,False,False,False
کوشش کرد,7,0,True,True,کرد,0.0,1.0,False,False,False
شوره زد,7,0,True,True,زد,0.0,1.0,False,False,False
شوت کرد,7,4,True,True,کرد,0.5714285714285714,0.4285714285714286,True,True,True
شهود کرد,7,4,True,True,کرد,0.5714285714285714,0.4285714285714286,True,True,True
بهانه آورد,7,0,True,True,آورد,0.0,1.0,False,False,False
بنیان‌گذاری کرد,7,7,True,True,کرد,1.0,0.0,True,True,True
بنیان کرد,7,6,True,True,کرد,0.8571428571428571,0.1428571428571429,True,True,True
بنیان نهاد,7,7,True,True,نهاد,1.0,0.0,True,True,True
قارقار کرد,7,0,True,True,کرد,0.0,1.0,False,False,False
قاب کرد,7,7,True,True,کرد,1.0,0.0,True,True,True
تکیه زد,7,0,True,True,زد,0.0,1.0,False,False,False
تکه کرد,7,7,False,True,کرد,1.0,0.0,True,True,True
تلفیق داد,7,7,True,True,داد,1.0,0.0,True,True,True
تلفظ کرد,7,7,True,True,کرد,1.0,0.0,True,True,True
ثبات گرفت,7,0,True,True,گرفت,0.0,1.0,False,False,False
ثانیه‌شماری کرد,7,0,True,True,کرد,0.0,1.0,False,False,False
ثابت کرد,7,4,True,True,کرد,0.5714285714285714,0.4285714285714286,True,True,True
کمانه کرد,7,1,True,True,کرد,0.14285714285714285,0.8571428571428572,False,False,False
قتل کرد,7,6,True,True,کرد,0.8571428571428571,0.1428571428571429,True,True,True
شوهر کرد,7,0,True,True,کرد,0.0,1.0,False,False,False
قایق‌سواری کرد,7,0,True,True,کرد,0.0,1.0,False,False,False
تیمار کرد,7,6,True,True,کرد,0.8571428571428571,0.1428571428571429,True,True,True
ثواب کرد,7,0,True,True,کرد,0.0,1.0,False,False,False
کفران کرد,7,1,True,True,کرد,0.14285714285714285,0.8571428571428572,False,False,False
کم‌فروشی کرد,7,0,True,True,کرد,0.0,1.0,False,False,False
کمک‌رسانی کرد,7,1,True,True,کرد,0.14285714285714285,0.8571428571428572,False,False,False
بازی داد,7,6,True,True,داد,0.8571428571428571,0.1428571428571429,True,True,True
شفقت کرد,7,0,True,True,کرد,0.0,1.0,False,False,False
بهبود داد,7,6,True,True,داد,0.8571428571428571,0.1428571428571429,True,True,True
قدرشناسی کرد,7,0,True,True,کرد,0.0,1.0,False,False,False
قدرت‌نمایی کرد,7,0,True,True,کرد,0.0,1.0,False,False,False
قسم داد,7,7,True,True,داد,1.0,0.0,True,True,True
قرض کرد,7,5,True,True,کرد,0.7142857142857143,0.2857142857142857,True,True,True
بهره‌کشی کرد,7,0,True,True,کرد,0.0,1.0,False,False,False
شفقت ورزید,7,0,True,True,ورزید,0.0,1.0,False,False,False
شنود کرد,7,7,True,True,کرد,1.0,0.0,True,True,True
شناساند,7,7,False,False,,1.0,0.0,True,True,True
شماره‌گذاری کرد,7,7,True,True,کرد,1.0,0.0,True,True,True
شماره کرد,7,7,True,True,کرد,1.0,0.0,True,True,True
شماره زد,7,0,True,True,زد,0.0,1.0,False,False,False
تلألؤ کرد,7,0,True,True,کرد,0.0,1.0,False,False,False
تقویم کرد,7,6,True,True,کرد,0.8571428571428571,0.1428571428571429,True,True,True
جارو کشید,7,6,True,True,کشید,0.8571428571428571,0.1428571428571429,True,True,True
کلیک کرد,7,1,True,True,کرد,0.14285714285714285,0.8571428571428572,False,False,False
کلید زد,7,7,True,True,زد,1.0,0.0,True,True,True
بازنمایی کرد,7,6,True,True,کرد,0.8571428571428571,0.1428571428571429,True,True,True
قصور ورزید,7,0,True,True,ورزید,0.0,1.0,False,False,False
قصاص کرد,7,5,True,True,کرد,0.7142857142857143,0.2857142857142857,True,True,True
قل‌قل کرد,7,0,True,True,کرد,0.0,1.0,False,False,False
شایعه‌سازی کرد,7,0,True,True,کرد,0.0,1.0,False,False,False
شعله زد,7,0,True,True,زد,0.0,1.0,False,False,False
شعبه زد,7,0,True,True,زد,0.0,1.0,False,False,False
شریک کرد,7,6,False,True,کرد,0.8571428571428571,0.1428571428571429,True,True,True
قید کرد,7,6,True,True,کرد,0.8571428571428571,0.1428571428571429,True,True,True
جارو زد,7,7,True,True,زد,1.0,0.0,True,True,True
جادوگری کرد,7,0,True,True,کرد,0.0,1.0,False,False,False
تقسیم شد,7,0,True,True,شد,0.0,1.0,False,False,False
ابراز داشت,7,5,True,True,داشت,0.7142857142857143,0.2857142857142857,True,True,True
قول‌نامه کرد,7,6,True,True,کرد,0.8571428571428571,0.1428571428571429,True,True,True
قهقهه زد,7,0,True,True,زد,0.0,1.0,False,False,False
قناعت کرد,7,0,True,True,کرد,0.0,1.0,False,False,False
شخصیت‌پردازی کرد,7,2,True,True,کرد,0.2857142857142857,0.7142857142857143,False,False,False
لاف زد,7,0,True,True,زد,0.0,1.0,False,False,False
قیمت‌گذاری کرد,7,6,True,True,کرد,0.8571428571428571,0.1428571428571429,True,True,True
قیمت گذاشت,7,2,True,True,گذاشت,0.2857142857142857,0.7142857142857143,False,False,False
لحظه‌شماری کرد,7,0,True,True,کرد,0.0,1.0,False,False,False
لحاظ کرد,7,6,True,True,کرد,0.8571428571428571,0.1428571428571429,True,True,True
لجام زد,7,1,True,True,زد,0.14285714285714285,0.8571428571428572,False,False,False
سیلی خورد,7,0,True,True,خورد,0.0,1.0,False,False,False
سیطره کرد,7,1,True,True,کرد,0.14285714285714285,0.8571428571428572,False,False,False
سیاسی‌کاری کرد,7,0,True,True,کرد,0.0,1.0,False,False,False
شاگردی کرد,7,0,True,True,کرد,0.0,1.0,False,False,False
شانه کرد,7,7,True,True,کرد,1.0,0.0,True,True,True
لاک زد,7,5,True,True,زد,0.7142857142857143,0.2857142857142857,True,True,True
بارگذاری کرد,7,5,True,True,کرد,0.7142857142857143,0.2857142857142857,True,True,True
کدگذاری کرد,7,7,True,True,کرد,1.0,0.0,True,True,True
کتک‌کاری کرد,7,1,True,True,کرد,0.14285714285714285,0.8571428571428572,False,False,False
کشیک داد,7,1,True,True,داد,0.14285714285714285,0.8571428571428572,False,False,False
لشگرکشی کرد,7,0,True,True,کرد,0.0,1.0,False,False,False
سکنی داد,7,7,True,True,داد,1.0,0.0,True,True,True
بی‌اعتنایی کرد,7,0,True,True,کرد,0.0,1.0,False,False,False
بگومگو کرد,7,0,True,True,کرد,0.0,1.0,False,False,False
سیمان کرد,7,7,True,True,کرد,1.0,0.0,True,True,True
لرزاند,7,7,False,False,,1.0,0.0,True,True,True
لقب گرفت,7,0,True,True,گرفت,0.0,1.0,False,False,False
جدول‌بندی کرد,7,5,True,True,کرد,0.7142857142857143,0.2857142857142857,True,True,True
کاهش کرد,7,0,True,True,کرد,0.0,1.0,False,False,False
جانبازی کرد,7,0,True,True,کرد,0.0,1.0,False,False,False
سپارد,7,7,False,False,,1.0,0.0,True,True,True
سیاست ورزید,7,0,True,True,ورزید,0.0,1.0,False,False,False
سکونت کرد,7,0,True,True,کرد,0.0,1.0,False,False,False
باد زد,7,5,True,True,زد,0.7142857142857143,0.2857142857142857,True,True,True
باد رفت,7,0,True,True,رفت,0.0,1.0,False,False,False
لک آورد,7,0,True,True,آورد,0.0,1.0,False,False,False
لوله کرد,7,6,True,True,کرد,0.8571428571428571,0.1428571428571429,True,True,True
لیسید,7,6,False,False,,0.8571428571428571,0.1428571428571429,True,True,True
لیست کرد,7,7,True,True,کرد,1.0,0.0,True,True,True
بارش گرفت,7,0,True,True,گرفت,0.0,1.0,False,False,False
ایست کرد,7,0,True,True,کرد,0.0,1.0,False,False,False
ایرانگردی کرد,7,0,True,True,کرد,0.0,1.0,False,False,False
سنجش کرد,7,7,True,True,کرد,1.0,0.0,True,True,True
بی‌حرمتی کرد,7,0,True,True,کرد,0.0,1.0,False,False,False
سوسو زد,7,0,True,True,زد,0.0,1.0,False,False,False
سوزن‌دوزی کرد,7,4,True,True,کرد,0.5714285714285714,0.4285714285714286,True,True,True
بی‌انصافی کرد,7,0,False,True,کرد,0.0,1.0,False,False,False
سلوک کرد,7,0,True,True,کرد,0.0,1.0,False,False,False
ابلاغ داشت,7,7,True,True,داشت,1.0,0.0,True,True,True
جبهه‌گیری کرد,7,0,True,True,کرد,0.0,1.0,False,False,False
جرزنی کرد,7,0,True,True,کرد,0.0,1.0,False,False,False
کارشناسی کرد,7,6,True,True,کرد,0.8571428571428571,0.1428571428571429,True,True,True
سهمیه‌بندی کرد,7,6,True,True,کرد,0.8571428571428571,0.1428571428571429,True,True,True
سنگ‌پرانی کرد,7,0,True,True,کرد,0.0,1.0,False,False,False
سنگ‌نوردی کرد,7,0,True,True,کرد,0.0,1.0,False,False,False
سنگ‌باران کرد,7,7,True,True,کرد,1.0,0.0,True,True,True
ماساژ داد,7,7,True,True,داد,1.0,0.0,True,True,True
ماتم گرفت,7,0,True,True,گرفت,0.0,1.0,False,False,False
مبادرت ورزید,7,0,True,True,ورزید,0.0,1.0,False,False,False
مباحثه کرد,7,2,True,True,کرد,0.2857142857142857,0.7142857142857143,False,False,False
باج‌گیری کرد,7,2,True,True,کرد,0.2857142857142857,0.7142857142857143,False,False,False
کار برد,7,6,True,True,برد,0.8571428571428571,0.1428571428571429,True,True,True
کار افتاد,7,0,True,True,افتاد,0.0,1.0,False,False,False
جراحی کرد,7,5,True,True,کرد,0.7142857142857143,0.2857142857142857,True,True,True
جر کرد,7,0,True,True,کرد,0.0,1.0,False,False,False
جست کرد,7,7,True,True,کرد,1.0,0.0,True,True,True
چکه کرد,7,0,True,True,کرد,0.0,1.0,False,False,False
متارکه کرد,7,0,True,True,کرد,0.0,1.0,False,False,False
متابعت کرد,7,0,True,True,کرد,0.0,1.0,False,False,False
بی‌تجربگی کرد,7,0,True,True,کرد,0.0,1.0,False,False,False
مبادله کرد,7,6,True,True,کرد,0.8571428571428571,0.1428571428571429,True,True,True
اکراه کرد,7,0,True,True,کرد,0.0,1.0,False,False,False
سرپوش گذاشت,7,1,True,True,گذاشت,0.14285714285714285,0.8571428571428572,False,False,False
سلام گفت,7,0,True,True,گفت,0.0,1.0,False,False,False
اکتشاف کرد,7,6,True,True,کرد,0.8571428571428571,0.1428571428571429,True,True,True
چشم خورد,7,0,True,True,خورد,0.0,1.0,False,False,False
چک کشید,7,0,True,True,کشید,0.0,1.0,False,False,False
چهچهه زد,7,1,True,True,زد,0.14285714285714285,0.8571428571428572,False,False,False
چنگ انداخت,7,0,True,True,انداخت,0.0,1.0,False,False,False
جریان گرفت,7,0,True,True,گرفت,0.0,1.0,False,False,False
تقدس‌زدایی کرد,7,1,True,True,کرد,0.14285714285714285,0.8571428571428572,False,False,False
تقدس کرد,7,6,True,True,کرد,0.8571428571428571,0.1428571428571429,True,True,True
چنبره زد,7,0,True,True,زد,0.0,1.0,False,False,False
چمن‌کاری کرد,7,5,True,True,کرد,0.7142857142857143,0.2857142857142857,True,True,True
چمباتمه زد,7,0,True,True,زد,0.0,1.0,False,False,False
اجاره داد,7,7,True,True,داد,1.0,0.0,True,True,True
مجری‌گری کرد,7,3,True,True,کرد,0.42857142857142855,0.5714285714285714,True,True,True
اهمال کرد,7,0,True,True,کرد,0.0,1.0,False,False,False
بی‌رحمی کرد,7,0,True,True,کرد,0.0,1.0,False,False,False
سرکشی کرد,7,0,True,True,کرد,0.0,1.0,False,False,False
محاربه کرد,7,0,True,True,کرد,0.0,1.0,False,False,False
محک زد,7,7,True,True,زد,1.0,0.0,True,True,True
اتود زد,7,2,True,True,زد,0.2857142857142857,0.7142857142857143,False,False,False
چماق کرد,7,7,True,True,کرد,1.0,0.0,True,True,True
چله نشست,7,1,True,True,نشست,0.14285714285714285,0.8571428571428572,False,False,False
چشم‌غره رفت,7,0,True,True,رفت,0.0,1.0,False,False,False
تغافل کرد,7,1,True,True,کرد,0.14285714285714285,0.8571428571428572,False,False,False
جنایت کرد,7,0,True,True,کرد,0.0,1.0,False,False,False
چشم‌زخم زد,7,1,True,True,زد,0.14285714285714285,0.8571428571428572,False,False,False
چشم زد,7,6,True,True,زد,0.8571428571428571,0.1428571428571429,True,True,True
محسوب کرد,7,7,True,True,کرد,1.0,0.0,True,True,True
محسوب داشت,7,7,True,True,داشت,1.0,0.0,True,True,True
محدود کرد,7,7,False,True,کرد,1.0,0.0,True,True,True
سرایت داد,7,5,True,True,داد,0.7142857142857143,0.2857142857142857,True,True,True
بی‌قراری کرد,7,0,True,True,کرد,0.0,1.0,False,False,False
مخاصمه کرد,7,0,True,True,کرد,0.0,1.0,False,False,False
مدرسه‌سازی کرد,7,0,True,True,کرد,0.0,1.0,False,False,False
مداومت کرد,7,0,True,True,کرد,0.0,1.0,False,False,False
اجرا گذاشت,7,7,True,True,گذاشت,1.0,0.0,True,True,True
اجتناب ورزید,7,0,True,True,ورزید,0.0,1.0,False,False,False
چشم افتاد,7,0,True,True,افتاد,0.0,1.0,False,False,False
تفضل کرد,7,1,True,True,کرد,0.14285714285714285,0.8571428571428572,False,False,False
جوش خورد,7,0,True,True,خورد,0.0,1.0,False,False,False
جوانی کرد,7,0,True,True,کرد,0.0,1.0,False,False,False
جوانه کرد,7,0,True,True,کرد,0.0,1.0,False,False,False
چرخش کرد,7,0,True,True,کرد,0.0,1.0,False,False,False
چرخ کرد,7,6,True,True,کرد,0.8571428571428571,0.1428571428571429,True,True,True
انعقاد کرد,7,7,True,True,کرد,1.0,0.0,True,True,True
تأدیب کرد,7,5,True,True,کرد,0.7142857142857143,0.2857142857142857,True,True,True
بی‌وفایی کرد,7,0,True,True,کرد,0.0,1.0,False,False,False
سرفه کرد,7,0,True,True,کرد,0.0,1.0,False,False,False
مراوده کرد,7,0,True,True,کرد,0.0,1.0,False,False,False
تفأل زد,7,0,True,True,زد,0.0,1.0,False,False,False
تعهد داد,7,0,True,True,داد,0.0,1.0,False,False,False
تعمیم داد,7,6,True,True,داد,0.8571428571428571,0.1428571428571429,True,True,True
تعمیر کرد,7,7,True,True,کرد,1.0,0.0,True,True,True
تعلیم دید,7,3,True,True,دید,0.42857142857142855,0.5714285714285714,True,True,True
چاشنی کرد,7,5,True,True,کرد,0.7142857142857143,0.2857142857142857,True,True,True
پی‌ریزی کرد,7,6,True,True,کرد,0.8571428571428571,0.1428571428571429,True,True,True
پیکربندی کرد,7,7,True,True,کرد,1.0,0.0,True,True,True
احتراز کرد,7,0,True,True,کرد,0.0,1.0,False,False,False
احاله کرد,7,7,True,True,کرد,1.0,0.0,True,True,True
اجماع کرد,7,0,True,True,کرد,0.0,1.0,False,False,False
مرمت کرد,7,6,True,True,کرد,0.8571428571428571,0.1428571428571429,True,True,True
مرعی داشت,7,7,True,True,داشت,1.0,0.0,True,True,True
مردم‌آزاری کرد,7,0,True,True,کرد,0.0,1.0,False,False,False
تأکید داشت,7,1,True,True,داشت,0.14285714285714285,0.8571428571428572,False,False,False
سخت‌گیری کرد,7,0,True,True,کرد,0.0,1.0,False,False,False
مرثیه‌سرایی کرد,7,0,True,True,کرد,0.0,1.0,False,False,False
مساعدت کرد,7,3,True,True,کرد,0.42857142857142855,0.5714285714285714,True,True,True
مسابقه گذاشت,7,0,True,True,گذاشت,0.0,1.0,False,False,False
چاقوکشی کرد,7,0,True,True,کرد,0.0,1.0,False,False,False
حاشا کرد,7,6,True,True,کرد,0.8571428571428571,0.1428571428571429,True,True,True
جولان داد,7,0,True,True,داد,0.0,1.0,False,False,False
جوش داد,7,7,True,True,داد,1.0,0.0,True,True,True
حجامت کرد,7,3,True,True,کرد,0.42857142857142855,0.5714285714285714,True,True,True
حاکمیت کرد,7,0,True,True,کرد,0.0,1.0,False,False,False
حاضرجوابی کرد,7,0,True,True,کرد,0.0,1.0,False,False,False
تفت داد,7,3,True,True,داد,0.42857142857142855,0.5714285714285714,True,True,True
مزه‌مزه کرد,7,6,True,True,کرد,0.8571428571428571,0.1428571428571429,True,True,True
مزمزه کرد,7,7,True,True,کرد,1.0,0.0,True,True,True
مزاح کرد,7,0,True,True,کرد,0.0,1.0,False,False,False
اندیشه کرد,7,0,True,True,کرد,0.0,1.0,False,False,False
تأدیه کرد,7,7,True,True,کرد,1.0,0.0,True,True,True
سبزی‌کاری کرد,7,1,True,True,کرد,0.14285714285714285,0.8571428571428572,False,False,False
سامان‌دهی کرد,7,7,True,True,کرد,1.0,0.0,True,True,True
ستیزه کرد,7,0,True,True,کرد,0.0,1.0,False,False,False
ستیز کرد,7,0,True,True,کرد,0.0,1.0,False,False,False
مستی کرد,7,0,True,True,کرد,0.0,1.0,False,False,False
احتیاط کرد,7,0,True,True,کرد,0.0,1.0,False,False,False
حرکت داد,7,7,True,True,داد,1.0,0.0,True,True,True
حروف‌چینی کرد,7,5,True,True,کرد,0.7142857142857143,0.2857142857142857,True,True,True
پیچ زد,7,3,True,True,زد,0.42857142857142855,0.5714285714285714,True,True,True
پیچ داد,7,5,True,True,داد,0.7142857142857143,0.2857142857142857,True,True,True
چاک داد,7,7,True,True,داد,1.0,0.0,True,True,True
چاک خورد,7,0,True,True,خورد,0.0,1.0,False,False,False
چانه زد,7,0,True,True,زد,0.0,1.0,False,False,False
مشت داد,7,6,True,True,داد,0.8571428571428571,0.1428571428571429,True,True,True
تأمین کرد,7,6,True,True,کرد,0.8571428571428571,0.1428571428571429,True,True,True
مشاعره کرد,7,1,True,True,کرد,0.14285714285714285,0.8571428571428572,False,False,False
حرافی کرد,7,0,True,True,کرد,0.0,1.0,False,False,False
حراج کرد,7,7,True,True,کرد,1.0,0.0,True,True,True
تعلق داد,7,7,True,True,داد,1.0,0.0,True,True,True
تعریض کرد,7,7,True,True,کرد,1.0,0.0,True,True,True
حسادت کرد,7,0,True,True,کرد,0.0,1.0,False,False,False
حسادت ورزید,7,0,True,True,ورزید,0.0,1.0,False,False,False
پیمانه زد,7,3,True,True,زد,0.42857142857142855,0.5714285714285714,True,True,True
پیش‌فروش کرد,7,6,True,True,کرد,0.8571428571428571,0.1428571428571429,True,True,True
پیشکش داشت,7,5,True,True,داشت,0.7142857142857143,0.2857142857142857,True,True,True
احرام بست,7,0,True,True,بست,0.0,1.0,False,False,False
احراز کرد,7,6,True,True,کرد,0.8571428571428571,0.1428571428571429,True,True,True
مشارکت داد,7,7,True,True,داد,1.0,0.0,True,True,True
مشاجره کرد,7,0,True,True,کرد,0.0,1.0,False,False,False
تابش کرد,7,4,True,True,کرد,0.5714285714285714,0.4285714285714286,True,True,True
سامان داد,7,7,True,True,داد,1.0,0.0,True,True,True
مشروعیت‌زدایی کرد,7,0,True,True,کرد,0.0,1.0,False,False,False
پی گذاشت,7,6,True,True,گذاشت,0.8571428571428571,0.1428571428571429,True,True,True
پی نهاد,7,7,True,True,نهاد,1.0,0.0,True,True,True
اخلال کرد,7,0,True,True,کرد,0.0,1.0,False,False,False
اخفا کرد,7,5,True,True,کرد,0.7142857142857143,0.2857142857142857,True,True,True
حساب کرد,7,6,True,True,کرد,0.8571428571428571,0.1428571428571429,True,True,True
حظ برد,7,0,True,True,برد,0.0,1.0,False,False,False
حشر کرد,7,0,True,True,کرد,0.0,1.0,False,False,False
اختلاس کرد,7,3,True,True,کرد,0.42857142857142855,0.5714285714285714,True,True,True
اختراع کرد,7,6,True,True,کرد,0.8571428571428571,0.1428571428571429,True,True,True
مصلحت‌اندیشی کرد,7,0,True,True,کرد,0.0,1.0,False,False,False
مصروف داشت,7,5,True,True,داشت,0.7142857142857143,0.2857142857142857,True,True,True
زیان کرد,7,1,True,True,کرد,0.14285714285714285,0.8571428571428572,False,False,False
زیاد آورد,7,7,True,True,آورد,1.0,0.0,True,True,True
زوزه کشید,7,0,True,True,کشید,0.0,1.0,False,False,False
زینت داد,7,6,True,True,داد,0.8571428571428571,0.1428571428571429,True,True,True
مصالحه کرد,7,0,True,True,کرد,0.0,1.0,False,False,False
مصاف کرد,7,0,True,True,کرد,0.0,1.0,False,False,False
مصاحبت کرد,7,0,True,True,کرد,0.0,1.0,False,False,False
تعامل کرد,7,0,True,True,کرد,0.0,1.0,False,False,False
پی برد,7,0,True,True,برد,0.0,1.0,False,False,False
پژوهش کرد,7,1,True,True,کرد,0.14285714285714285,0.8571428571428572,False,False,False
پچ‌پچ کرد,7,3,True,True,کرد,0.42857142857142855,0.5714285714285714,True,True,True
پویید,7,5,False,False,,0.7142857142857143,0.2857142857142857,True,True,True
مظلوم‌نمایی کرد,7,0,True,True,کرد,0.0,1.0,False,False,False
زن داد,7,4,True,True,داد,0.5714285714285714,0.4285714285714286,True,True,True
زمینه‌چینی کرد,7,1,True,True,کرد,0.14285714285714285,0.8571428571428572,False,False,False
زمینه‌سازی کرد,7,0,True,True,کرد,0.0,1.0,False,False,False
زمین زد,7,7,True,True,زد,1.0,0.0,True,True,True
مطالبه کرد,7,6,True,True,کرد,0.8571428571428571,0.1428571428571429,True,True,True
انتساب کرد,7,7,True,True,کرد,1.0,0.0,True,True,True
انتزاع کرد,7,6,True,True,کرد,0.8571428571428571,0.1428571428571429,True,True,True
پوست کرد,7,5,True,True,کرد,0.7142857142857143,0.2857142857142857,True,True,True
حق‌کشی کرد,7,0,True,True,کرد,0.0,1.0,False,False,False
حواله داد,7,5,True,True,داد,0.7142857142857143,0.2857142857142857,True,True,True
پنهان‌کاری کرد,7,0,True,True,کرد,0.0,1.0,False,False,False
ادرار کرد,7,0,True,True,کرد,0.0,1.0,False,False,False
تاراج کرد,7,7,True,True,کرد,1.0,0.0,True,True,True
تار کرد,7,7,True,True,کرد,1.0,0.0,True,True,True
زورگیری کرد,7,0,True,True,کرد,0.0,1.0,False,False,False
زورآزمایی کرد,7,0,True,True,کرد,0.0,1.0,False,False,False
زه‌کشی کرد,7,5,True,True,کرد,0.7142857142857143,0.2857142857142857,True,True,True
زنگ زد,7,0,True,True,زد,0.0,1.0,False,False,False
معارفه کرد,7,4,True,True,کرد,0.5714285714285714,0.4285714285714286,True,True,True
معارضه کرد,7,0,True,True,کرد,0.0,1.0,False,False,False
معصیت کرد,7,3,True,True,کرد,0.42857142857142855,0.5714285714285714,True,True,True
زبانه زد,7,1,True,True,زد,0.14285714285714285,0.8571428571428572,False,False,False
زایمان کرد,7,0,True,True,کرد,0.0,1.0,False,False,False
زاویه گرفت,7,0,True,True,گرفت,0.0,1.0,False,False,False
زمان‌بندی کرد,7,3,True,True,کرد,0.42857142857142855,0.5714285714285714,True,True,True
زل زد,7,0,True,True,زد,0.0,1.0,False,False,False
زراعت کرد,7,1,True,True,کرد,0.14285714285714285,0.8571428571428572,False,False,False
معذور داشت,7,7,False,True,داشت,1.0,0.0,True,True,True
معاوضه کرد,7,7,True,True,کرد,1.0,0.0,True,True,True
مفسده کرد,7,0,True,True,کرد,0.0,1.0,False,False,False
مغالطه کرد,7,0,True,True,کرد,0.0,1.0,False,False,False
حمام کرد,7,0,True,True,کرد,0.0,1.0,False,False,False
حماقت کرد,7,0,True,True,کرد,0.0,1.0,False,False,False
حلول کرد,7,0,True,True,کرد,0.0,1.0,False,False,False
حیرت کرد,7,0,True,True,کرد,0.0,1.0,False,False,False
حکم‌فرمایی کرد,7,0,True,True,کرد,0.0,1.0,False,False,False
حکمیت کرد,7,0,True,True,کرد,0.0,1.0,False,False,False
حکمروایی کرد,7,0,True,True,کرد,0.0,1.0,False,False,False
حکم کرد,7,0,True,True,کرد,0.0,1.0,False,False,False
ارزش گذارد,7,0,True,True,گذارد,0.0,1.0,False,False,False
پوشش داشت,7,7,True,True,داشت,1.0,0.0,True,True,True
پس افتاد,7,0,True,True,افتاد,0.0,1.0,False,False,False
اردو زد,7,0,True,True,زد,0.0,1.0,False,False,False
حکایت کرد,7,2,True,True,کرد,0.2857142857142857,0.7142857142857143,False,False,False
خالکوبی کرد,7,4,True,True,کرد,0.5714285714285714,0.4285714285714286,True,True,True
پسند کرد,7,6,True,True,کرد,0.8571428571428571,0.1428571428571429,True,True,True
پست کرد,7,5,False,True,کرد,0.7142857142857143,0.2857142857142857,True,True,True
مغازله کرد,7,1,True,True,کرد,0.14285714285714285,0.8571428571428572,False,False,False
ریتم گرفت,7,0,True,True,گرفت,0.0,1.0,False,False,False
رکوع کرد,7,0,True,True,کرد,0.0,1.0,False,False,False
رکوردشکنی کرد,7,0,True,True,کرد,0.0,1.0,False,False,False
تبخیر کرد,7,7,True,True,کرد,1.0,0.0,True,True,True
تابلو کرد,7,5,True,True,کرد,0.7142857142857143,0.2857142857142857,True,True,True
زبان‌درازی کرد,7,0,True,True,کرد,0.0,1.0,False,False,False
زبانه کشید,7,0,True,True,کشید,0.0,1.0,False,False,False
معنا کرد,7,7,True,True,کرد,1.0,0.0,True,True,True
معنا داد,7,0,True,True,داد,0.0,1.0,False,False,False
معمول داشت,7,7,False,True,داشت,1.0,0.0,True,True,True
پرگویی کرد,7,0,True,True,کرد,0.0,1.0,False,False,False
خاتمه پذیرفت,7,0,True,True,پذیرفت,0.0,1.0,False,False,False
خاتمه داد,7,1,True,True,داد,0.14285714285714285,0.8571428571428572,False,False,False
ختنه کرد,7,5,True,True,کرد,0.7142857142857143,0.2857142857142857,True,True,True
خبرسازی کرد,7,0,True,True,کرد,0.0,1.0,False,False,False
استحصال کرد,7,5,True,True,کرد,0.7142857142857143,0.2857142857142857,True,True,True
استحاله کرد,7,6,True,True,کرد,0.8571428571428571,0.1428571428571429,True,True,True
استثمار کرد,7,5,True,True,کرد,0.7142857142857143,0.2857142857142857,True,True,True
ارشاد کرد,7,6,True,True,کرد,0.8571428571428571,0.1428571428571429,True,True,True
رویارویی کرد,7,0,True,True,کرد,0.0,1.0,False,False,False
رونق داد,7,3,True,True,داد,0.42857142857142855,0.5714285714285714,True,True,True
ریشه گرفت,7,0,True,True,گرفت,0.0,1.0,False,False,False
ریسه رفت,7,0,True,True,رفت,0.0,1.0,False,False,False
مقاومت ورزید,7,0,True,True,ورزید,0.0,1.0,False,False,False
مفهوم‌سازی کرد,7,2,True,True,کرد,0.2857142857142857,0.7142857142857143,False,False,False
استراق کرد,7,4,True,True,کرد,0.5714285714285714,0.4285714285714286,True,True,True
خانه کرد,7,1,True,True,کرد,0.14285714285714285,0.8571428571428572,False,False,False
تضعیف ساخت,7,7,True,True,ساخت,1.0,0.0,True,True,True
تضرع کرد,7,0,True,True,کرد,0.0,1.0,False,False,False
پرسش کرد,7,1,True,True,کرد,0.14285714285714285,0.8571428571428572,False,False,False
پرستش کرد,7,7,True,True,کرد,1.0,0.0,True,True,True
امضا زد,7,4,True,True,زد,0.5714285714285714,0.4285714285714286,True,True,True
امساک کرد,7,0,True,True,کرد,0.0,1.0,False,False,False
مقرر داشت,7,5,False,True,داشت,0.7142857142857143,0.2857142857142857,True,True,True
ملحوظ داشت,7,7,True,True,داشت,1.0,0.0,True,True,True
ملامت کرد,7,6,True,True,کرد,0.8571428571428571,0.1428571428571429,True,True,True
تباه کرد,7,7,False,True,کرد,1.0,0.0,True,True,True
رکاب زد,7,2,True,True,زد,0.2857142857142857,0.7142857142857143,False,False,False
روی‌گردانی کرد,7,0,True,True,کرد,0.0,1.0,False,False,False
انبار کرد,7,3,True,True,کرد,0.42857142857142855,0.5714285714285714,True,True,True
خدعه کرد,7,0,True,True,کرد,0.0,1.0,False,False,False
خجالت داد,7,6,True,True,داد,0.8571428571428571,0.1428571428571429,True,True,True
خرخر کرد,7,0,True,True,کرد,0.0,1.0,False,False,False
پذیرش کرد,7,7,True,True,کرد,1.0,0.0,True,True,True
پرده‌برداری کرد,7,1,True,True,کرد,0.14285714285714285,0.8571428571428572,False,False,False
پرخوری کرد,7,0,True,True,کرد,0.0,1.0,False,False,False
پرتاب شد,7,0,True,True,شد,0.0,1.0,False,False,False
ممانعت کرد,7,0,True,True,کرد,0.0,1.0,False,False,False
مماشات کرد,7,0,True,True,کرد,0.0,1.0,False,False,False
روشنگری کرد,7,0,True,True,کرد,0.0,1.0,False,False,False
امتیازگیری کرد,7,0,True,True,کرد,0.0,1.0,False,False,False
منگنه کرد,7,4,True,True,کرد,0.5714285714285714,0.4285714285714286,True,True,True
مهمان‌نوازی کرد,7,0,True,True,کرد,0.0,1.0,False,False,False
رهنمود کرد,7,6,True,True,کرد,0.8571428571428571,0.1428571428571429,True,True,True
تجلی داد,7,7,True,True,داد,1.0,0.0,True,True,True
مهر زد,7,3,True,True,زد,0.42857142857142855,0.5714285714285714,True,True,True
خشوع کرد,7,0,True,True,کرد,0.0,1.0,False,False,False
خسوف کرد,7,0,True,True,کرد,0.0,1.0,False,False,False
پایه‌گذاری کرد,7,7,True,True,کرد,1.0,0.0,True,True,True
تصویر کرد,7,7,True,True,کرد,1.0,0.0,True,True,True
موضوع‌بندی کرد,7,6,True,True,کرد,0.8571428571428571,0.1428571428571429,True,True,True
موضوعیت داشت,7,0,True,True,داشت,0.0,1.0,False,False,False
تجارت کرد,7,0,True,True,کرد,0.0,1.0,False,False,False
رهایی داد,7,7,True,True,داد,1.0,0.0,True,True,True
رنگ‌آمیزی کرد,7,7,True,True,کرد,1.0,0.0,True,True,True
رهنمون ساخت,7,5,True,True,ساخت,0.7142857142857143,0.2857142857142857,True,True,True
موج‌سواری کرد,7,0,True,True,کرد,0.0,1.0,False,False,False
مواظبت کرد,7,0,True,True,کرد,0.0,1.0,False,False,False
امان داشت,7,7,True,True,داشت,1.0,0.0,True,True,True
الک کرد,7,6,True,True,کرد,0.8571428571428571,0.1428571428571429,True,True,True
الهام کرد,7,3,True,True,کرد,0.42857142857142855,0.5714285714285714,True,True,True
رمزگذاری کرد,7,6,True,True,کرد,0.8571428571428571,0.1428571428571429,True,True,True
تجاوز کرد,7,0,True,True,کرد,0.0,1.0,False,False,False
مکاتبه کرد,7,0,True,True,کرد,0.0,1.0,False,False,False
مچ‌گیری کرد,7,0,True,True,کرد,0.0,1.0,False,False,False
مویید,7,0,False,False,,0.0,1.0,False,False,False
میدان‌داری کرد,7,0,True,True,کرد,0.0,1.0,False,False,False
میانجی‌گری کرد,7,1,True,True,کرد,0.14285714285714285,0.8571428571428572,False,False,False
میان گذاشت,7,6,True,True,گذاشت,0.8571428571428571,0.1428571428571429,True,True,True
پافشاری کرد,7,0,True,True,کرد,0.0,1.0,False,False,False
استعانت کرد,7,0,True,True,کرد,0.0,1.0,False,False,False
استشهاد کرد,7,0,True,True,کرد,0.0,1.0,False,False,False
استرداد کرد,7,7,True,True,کرد,1.0,0.0,True,True,True
خروپف کرد,7,0,True,True,کرد,0.0,1.0,False,False,False
پایان برد,7,7,True,True,برد,1.0,0.0,True,True,True
پخش شد,7,0,True,True,شد,0.0,1.0,False,False,False
پایید,7,6,False,False,,0.8571428571428571,0.1428571428571429,True,True,True
پای آمد,7,0,True,True,آمد,0.0,1.0,False,False,False
خضوع کرد,7,0,True,True,کرد,0.0,1.0,False,False,False
خضاب کرد,7,4,True,True,کرد,0.5714285714285714,0.4285714285714286,True,True,True
خلقت کرد,7,7,True,True,کرد,1.0,0.0,True,True,True
خلافت کرد,7,0,True,True,کرد,0.0,1.0,False,False,False
خلاصه‌نویسی کرد,7,4,True,True,کرد,0.5714285714285714,0.4285714285714286,True,True,True
پالود,7,7,False,False,,1.0,0.0,True,True,True
پالایش داد,7,7,True,True,داد,1.0,0.0,True,True,True
نابود کرد,7,6,False,True,کرد,0.8571428571428571,0.1428571428571429,True,True,True
رنده کرد,7,6,True,True,کرد,0.8571428571428571,0.1428571428571429,True,True,True
مین‌گذاری کرد,7,4,True,True,کرد,0.5714285714285714,0.4285714285714286,True,True,True
میل زد,7,3,True,True,زد,0.42857142857142855,0.5714285714285714,True,True,True
التیام داد,7,6,True,True,داد,0.8571428571428571,0.1428571428571429,True,True,True
التفات کرد,7,0,True,True,کرد,0.0,1.0,False,False,False
اقناع کرد,7,7,True,True,کرد,1.0,0.0,True,True,True
اقرار کرد,7,1,True,True,کرد,0.14285714285714285,0.8571428571428572,False,False,False
رضایت داد,7,0,True,True,داد,0.0,1.0,False,False,False
رفت کرد,7,0,True,True,کرد,0.0,1.0,False,False,False
ناسازگاری کرد,7,0,True,True,کرد,0.0,1.0,False,False,False
نازل شد,7,0,True,True,شد,0.0,1.0,False,False,False
نام‌نویسی کرد,7,0,True,True,کرد,0.0,1.0,False,False,False
نامزد کرد,7,4,True,True,کرد,0.5714285714285714,0.4285714285714286,True,True,True
خط‌کشی کرد,7,6,True,True,کرد,0.8571428571428571,0.1428571428571429,True,True,True
خطور کرد,7,0,True,True,کرد,0.0,1.0,False,False,False
خطاطی کرد,7,5,True,True,کرد,0.7142857142857143,0.2857142857142857,True,True,True
تصنیف کرد,7,7,True,True,کرد,1.0,0.0,True,True,True
خو گرفت,7,0,True,True,گرفت,0.0,1.0,False,False,False
پارو کرد,7,7,True,True,کرد,1.0,0.0,True,True,True
پاره کرد,7,6,False,True,کرد,0.8571428571428571,0.1428571428571429,True,True,True
پارتی‌بازی کرد,7,0,True,True,کرد,0.0,1.0,False,False,False
نام گذاشت,7,6,True,True,گذاشت,0.8571428571428571,0.1428571428571429,True,True,True
رد زد,7,7,True,True,زد,1.0,0.0,True,True,True
تحقق داد,7,6,True,True,داد,0.8571428571428571,0.1428571428571429,True,True,True
تحدی کرد,7,1,True,True,کرد,0.14285714285714285,0.8571428571428572,False,False,False
تجمیع کرد,7,7,True,True,کرد,1.0,0.0,True,True,True
ناله کشید,7,0,True,True,کشید,0.0,1.0,False,False,False
ناله زد,7,0,True,True,زد,0.0,1.0,False,False,False
القا کرد,7,6,True,True,کرد,0.8571428571428571,0.1428571428571429,True,True,True
وکالت کرد,7,1,True,True,کرد,0.14285714285714285,0.8571428571428572,False,False,False
ویزیت کرد,7,6,True,True,کرد,0.8571428571428571,0.1428571428571429,True,True,True
خنده کرد,7,0,True,True,کرد,0.0,1.0,False,False,False
خودارضایی کرد,7,0,True,True,کرد,0.0,1.0,False,False,False
ویراژ داد,7,0,True,True,داد,0.0,1.0,False,False,False
استنساخ کرد,7,4,True,True,کرد,0.5714285714285714,0.4285714285714286,True,True,True
استنباط کرد,7,5,True,True,کرد,0.7142857142857143,0.2857142857142857,True,True,True
استقرار داد,7,5,True,True,داد,0.7142857142857143,0.2857142857142857,True,True,True
نجوا کرد,7,4,True,True,کرد,0.5714285714285714,0.4285714285714286,True,True,True
رحم آورد,7,0,True,True,آورد,0.0,1.0,False,False,False
رجحان داد,7,7,True,True,داد,1.0,0.0,True,True,True
رتبه‌بندی کرد,7,7,True,True,کرد,1.0,0.0,True,True,True
رایت کرد,7,7,True,True,کرد,1.0,0.0,True,True,True
ردگیری کرد,7,7,True,True,کرد,1.0,0.0,True,True,True
رده‌بندی کرد,7,7,True,True,کرد,1.0,0.0,True,True,True
نت‌برداری کرد,7,2,True,True,کرد,0.2857142857142857,0.7142857142857143,False,False,False
نبرد کرد,7,0,True,True,کرد,0.0,1.0,False,False,False
خواب رفت,7,0,True,True,رفت,0.0,1.0,False,False,False
اسم‌نویسی کرد,7,0,True,True,کرد,0.0,1.0,False,False,False
استماع کرد,7,6,True,True,کرد,0.8571428571428571,0.1428571428571429,True,True,True
استقراض کرد,7,4,True,True,کرد,0.5714285714285714,0.4285714285714286,True,True,True
ویراستاری کرد,7,4,True,True,کرد,0.5714285714285714,0.4285714285714286,True,True,True
اقبال کرد,7,0,True,True,کرد,0.0,1.0,False,False,False
رانش کرد,7,0,True,True,کرد,0.0,1.0,False,False,False
تخطی ورزید,7,0,True,True,ورزید,0.0,1.0,False,False,False
رحمت کرد,7,3,True,True,کرد,0.42857142857142855,0.5714285714285714,True,True,True
اقامت داشت,7,0,True,True,داشت,0.0,1.0,False,False,False
نسخه پیچید,7,0,True,True,پیچید,0.0,1.0,False,False,False
نزاع کرد,7,0,True,True,کرد,0.0,1.0,False,False,False
نشانه رفت,7,3,True,True,رفت,0.42857142857142855,0.5714285714285714,True,True,True
خوش‌طبعی کرد,7,0,True,True,کرد,0.0,1.0,False,False,False
خوشنویسی کرد,7,5,True,True,کرد,0.7142857142857143,0.2857142857142857,True,True,True
وزنه‌برداری کرد,7,0,True,True,کرد,0.0,1.0,False,False,False
وقع نهاد,7,1,True,True,نهاد,0.14285714285714285,0.8571428571428572,False,False,False
وقت‌گذرانی کرد,7,0,True,True,کرد,0.0,1.0,False,False,False
خوابانید,7,6,False,False,,0.8571428571428571,0.1428571428571429,True,True,True
افسون کرد,7,7,True,True,کرد,1.0,0.0,True,True,True
نظارت داشت,7,7,True,True,داشت,1.0,0.0,True,True,True
دیده‌بوسی کرد,7,0,True,True,کرد,0.0,1.0,False,False,False
دیده‌بانی کرد,7,5,True,True,کرد,0.7142857142857143,0.2857142857142857,True,True,True
تخیل کرد,7,3,True,True,کرد,0.42857142857142855,0.5714285714285714,True,True,True
تخصیص داد,7,7,True,True,داد,1.0,0.0,True,True,True
نشخوار کرد,7,6,True,True,کرد,0.8571428571428571,0.1428571428571429,True,True,True
نشانه‌گیری کرد,7,7,True,True,کرد,1.0,0.0,True,True,True
افاقه کرد,7,0,True,True,کرد,0.0,1.0,False,False,False
اغوا کرد,7,7,True,True,کرد,1.0,0.0,True,True,True
نعره کشید,7,0,True,True,کشید,0.0,1.0,False,False,False
اسکورت کرد,7,7,True,True,کرد,1.0,0.0,True,True,True
استیضاح کرد,7,7,True,True,کرد,1.0,0.0,True,True,True
وصله خورد,7,0,True,True,خورد,0.0,1.0,False,False,False
خوشحالی کرد,7,0,True,True,کرد,0.0,1.0,False,False,False
تسکین داد,7,7,True,True,داد,1.0,0.0,True,True,True
تسویه کرد,7,5,True,True,کرد,0.7142857142857143,0.2857142857142857,True,True,True
خودسوزی کرد,7,0,True,True,کرد,0.0,1.0,False,False,False
خودخوری کرد,7,0,True,True,کرد,0.0,1.0,False,False,False
خیاطی کرد,7,0,True,True,کرد,0.0,1.0,False,False,False
خوش‌گذرانی کرد,7,0,True,True,کرد,0.0,1.0,False,False,False
نظریه‌پردازی کرد,7,0,True,True,کرد,0.0,1.0,False,False,False
نظرخواهی کرد,7,0,True,True,کرد,0.0,1.0,False,False,False
دکلمه کرد,7,7,True,True,کرد,1.0,0.0,True,True,True
دین‌فروشی کرد,7,0,True,True,کرد,0.0,1.0,False,False,False
افول کرد,7,0,True,True,کرد,0.0,1.0,False,False,False
افشاگری کرد,7,0,True,True,کرد,0.0,1.0,False,False,False
واکس زد,7,6,True,True,زد,0.8571428571428571,0.1428571428571429,True,True,True
وزن کرد,7,7,True,True,کرد,1.0,0.0,True,True,True
ورق خورد,7,0,True,True,خورد,0.0,1.0,False,False,False
وراجی کرد,7,0,True,True,کرد,0.0,1.0,False,False,False
خیانت ورزید,7,0,True,True,ورزید,0.0,1.0,False,False,False
خیال‌بافی کرد,7,0,True,True,کرد,0.0,1.0,False,False,False
دخالت داد,7,7,True,True,داد,1.0,0.0,True,True,True
دباغی کرد,7,5,True,True,کرد,0.7142857142857143,0.2857142857142857,True,True,True
دانه کرد,7,7,True,True,کرد,1.0,0.0,True,True,True
داستان‌پردازی کرد,7,0,True,True,کرد,0.0,1.0,False,False,False
وحی کرد,7,1,True,True,کرد,0.14285714285714285,0.8571428571428572,False,False,False
وجین کرد,7,6,True,True,کرد,0.8571428571428571,0.1428571428571429,True,True,True
اشتغال‌زایی کرد,7,0,True,True,کرد,0.0,1.0,False,False,False
اسکان داد,7,6,True,True,داد,0.8571428571428571,0.1428571428571429,True,True,True
اسپری کرد,7,7,True,True,کرد,1.0,0.0,True,True,True
تست کرد,7,5,True,True,کرد,0.7142857142857143,0.2857142857142857,True,True,True
تسبیح کرد,7,4,True,True,کرد,0.5714285714285714,0.4285714285714286,True,True,True
نقالی کرد,7,4,True,True,کرد,0.5714285714285714,0.4285714285714286,True,True,True
نق زد,7,0,True,True,زد,0.0,1.0,False,False,False
تخم کرد,7,0,True,True,کرد,0.0,1.0,False,False,False
تخلیه کرد,7,7,True,True,کرد,1.0,0.0,True,True,True
نغمه‌سرایی کرد,7,1,True,True,کرد,0.14285714285714285,0.8571428571428572,False,False,False
دوباره‌سازی کرد,7,6,True,True,کرد,0.8571428571428571,0.1428571428571429,True,True,True
دوام کرد,7,0,True,True,کرد,0.0,1.0,False,False,False
دوراندیشی کرد,7,0,True,True,کرد,0.0,1.0,False,False,False
نقش‌آفرینی کرد,7,0,True,True,کرد,0.0,1.0,False,False,False
نقش زد,7,4,True,True,زد,0.5714285714285714,0.4285714285714286,True,True,True
اعمال داشت,7,4,True,True,داشت,0.5714285714285714,0.4285714285714286,True,True,True
هیاهو کرد,7,0,True,True,کرد,0.0,1.0,False,False,False
درخشانید,7,7,False,False,,1.0,0.0,True,True,True
درخت‌کاری کرد,7,4,True,True,کرد,0.5714285714285714,0.4285714285714286,True,True,True
درجه‌بندی کرد,7,7,True,True,کرد,1.0,0.0,True,True,True
دروازه‌بانی کرد,7,0,True,True,کرد,0.0,1.0,False,False,False
هواداری کرد,7,0,True,True,کرد,0.0,1.0,False,False,False
وارسی کرد,7,7,True,True,کرد,1.0,0.0,True,True,True
نمونه‌سازی کرد,7,5,True,True,کرد,0.7142857142857143,0.2857142857142857,True,True,True
دم گرفت,7,1,True,True,گرفت,0.14285714285714285,0.8571428571428572,False,False,False
دم کشید,7,1,True,True,کشید,0.14285714285714285,0.8571428571428572,False,False,False
تدبر کرد,7,0,True,True,کرد,0.0,1.0,False,False,False
تداوم داد,7,3,True,True,داد,0.42857142857142855,0.5714285714285714,True,True,True
نمونه آورد,7,2,True,True,آورد,0.2857142857142857,0.7142857142857143,False,False,False
نمره آورد,7,1,True,True,آورد,0.14285714285714285,0.8571428571428572,False,False,False
دلتنگی کرد,7,0,True,True,کرد,0.0,1.0,False,False,False
دندان زد,7,3,True,True,زد,0.42857142857142855,0.5714285714285714,True,True,True
دنباله‌روی کرد,7,0,True,True,کرد,0.0,1.0,False,False,False
نهفت,7,4,False,False,,0.5714285714285714,0.4285714285714286,True,True,True
اغتشاش کرد,7,0,True,True,کرد,0.0,1.0,False,False,False
دق‌الباب کرد,7,5,True,True,کرد,0.7142857142857143,0.2857142857142857,True,True,True
همگرایی کرد,7,0,True,True,کرد,0.0,1.0,False,False,False
تزویج کرد,7,6,True,True,کرد,0.8571428571428571,0.1428571428571429,True,True,True
همنوایی کرد,7,1,True,True,کرد,0.14285714285714285,0.8571428571428572,False,False,False
دقیقه‌شماری کرد,7,0,True,True,کرد,0.0,1.0,False,False,False
تراوش کرد,7,1,True,True,کرد,0.14285714285714285,0.8571428571428572,False,False,False
تراشکاری کرد,7,6,True,True,کرد,0.8571428571428571,0.1428571428571429,True,True,True
نورافشانی کرد,7,4,True,True,کرد,0.5714285714285714,0.4285714285714286,True,True,True
نگهبانی کرد,7,2,True,True,کرد,0.2857142857142857,0.7142857142857143,False,False,False
نگارش کرد,7,5,True,True,کرد,0.7142857142857143,0.2857142857142857,True,True,True
نکوهید,7,7,False,False,,1.0,0.0,True,True,True
نکاح کرد,7,3,True,True,کرد,0.42857142857142855,0.5714285714285714,True,True,True
اعانت کرد,7,3,True,True,کرد,0.42857142857142855,0.5714285714285714,True,True,True
دریغ داشت,7,6,True,True,داشت,0.8571428571428571,0.1428571428571429,True,True,True
دریبل زد,7,5,True,True,زد,0.7142857142857143,0.2857142857142857,True,True,True
ترور کرد,7,7,True,True,کرد,1.0,0.0,True,True,True
دست کرد,7,2,True,True,کرد,0.2857142857142857,0.7142857142857143,False,False,False
هم زد,7,7,True,True,زد,1.0,0.0,True,True,True
نیشخند زد,7,0,True,True,زد,0.0,1.0,False,False,False
نیشتر زد,7,2,True,True,زد,0.2857142857142857,0.7142857142857143,False,False,False
نیرنگ زد,7,0,True,True,زد,0.0,1.0,False,False,False
نیابت کرد,7,0,True,True,کرد,0.0,1.0,False,False,False
هدف‌گیری کرد,7,5,True,True,کرد,0.7142857142857143,0.2857142857142857,True,True,True
دستشویی کرد,7,0,True,True,کرد,0.0,1.0,False,False,False
ترک داد,7,7,True,True,داد,1.0,0.0,True,True,True
ترش کرد,7,4,False,True,کرد,0.5714285714285714,0.4285714285714286,True,True,True
ترخیص کرد,7,6,True,True,کرد,0.8571428571428571,0.1428571428571429,True,True,True
هزیمت داد,7,7,True,True,داد,1.0,0.0,True,True,True
دست خورد,7,0,True,True,خورد,0.0,1.0,False,False,False
دزدی کرد,7,0,True,True,کرد,0.0,1.0,False,False,False
تسامح کرد,7,0,True,True,کرد,0.0,1.0,False,False,False
دستور داد,7,0,True,True,داد,0.0,1.0,False,False,False
آب‌رسانی کرد,7,3,True,True,کرد,0.42857142857142855,0.5714285714285714,True,True,True
یاوه‌گویی کرد,7,0,True,True,کرد,0.0,1.0,False,False,False
یخ زد,7,0,True,True,زد,0.0,1.0,False,False,False
علامت زد,7,5,True,True,زد,0.7142857142857143,0.2857142857142857,True,True,True
برف‌روبی کرد,7,5,True,True,کرد,0.7142857142857143,0.2857142857142857,True,True,True
برف‌بازی کرد,7,0,True,True,کرد,0.0,1.0,False,False,False
یارگیری کرد,7,0,True,True,کرد,0.0,1.0,False,False,False
تنبک زد,7,0,True,True,زد,0.0,1.0,False,False,False
تناول کرد,7,5,True,True,کرد,0.7142857142857143,0.2857142857142857,True,True,True
آتش‌افروزی کرد,7,0,True,True,کرد,0.0,1.0,False,False,False
یقین کرد,7,1,True,True,کرد,0.14285714285714285,0.8571428571428572,False,False,False
یکپارچه‌سازی کرد,7,6,True,True,کرد,0.8571428571428571,0.1428571428571429,True,True,True
آتشفشان کرد,6,0,True,True,کرد,0.0,1.0,False,False,False
تمهید کرد,6,4,True,True,کرد,0.6666666666666666,0.33333333333333337,True,True,True
تمشیت کرد,6,5,True,True,کرد,0.8333333333333334,0.16666666666666663,True,True,True
تنزیل کرد,6,5,True,True,کرد,0.8333333333333334,0.16666666666666663,True,True,True
تندی کرد,6,0,True,True,کرد,0.0,1.0,False,False,False
گوشت آورد,6,0,True,True,آورد,0.0,1.0,False,False,False
عنوان کرد,6,3,False,True,کرد,0.5,0.5,True,True,True
برق‌رسانی کرد,6,1,True,True,کرد,0.16666666666666666,0.8333333333333334,False,False,False
هجوم کرد,6,0,True,True,کرد,0.0,1.0,False,False,False
هجوم برد,6,0,True,True,برد,0.0,1.0,False,False,False
دست برد,6,0,True,True,برد,0.0,1.0,False,False,False
دست‌کاری کرد,6,3,True,True,کرد,0.5,0.5,True,True,True
دست‌چین کرد,6,6,True,True,کرد,1.0,0.0,True,True,True
هرج کرد,6,2,True,True,کرد,0.3333333333333333,0.6666666666666667,False,False,False
اطفا کرد,6,6,True,True,کرد,1.0,0.0,True,True,True
آبیاری کرد,6,4,True,True,کرد,0.6666666666666666,0.33333333333333337,True,True,True
برادری کرد,6,0,True,True,کرد,0.0,1.0,False,False,False
غفلت ورزید,6,0,True,True,ورزید,0.0,1.0,False,False,False
عذاب داد,6,6,True,True,داد,1.0,0.0,True,True,True
عتاب کرد,6,1,True,True,کرد,0.16666666666666666,0.8333333333333334,False,False,False
بردباری کرد,6,0,True,True,کرد,0.0,1.0,False,False,False
همراه داشت,6,6,True,True,داشت,1.0,0.0,True,True,True
همدستی کرد,6,0,True,True,کرد,0.0,1.0,False,False,False
همدردی کرد,6,0,True,True,کرد,0.0,1.0,False,False,False
دریبل کرد,6,4,True,True,کرد,0.6666666666666666,0.33333333333333337,True,True,True
همخوانی کرد,6,2,True,True,کرد,0.3333333333333333,0.6666666666666667,False,False,False
همانندسازی کرد,6,4,True,True,کرد,0.6666666666666666,0.33333333333333337,True,True,True
هدف‌گذاری کرد,6,3,True,True,کرد,0.5,0.5,True,True,True
دستبرد زد,6,0,True,True,زد,0.0,1.0,False,False,False
ترقی داد,6,6,True,True,داد,1.0,0.0,True,True,True
هدر رفت,6,0,True,True,رفت,0.0,1.0,False,False,False
برخورد شد,6,0,True,True,شد,0.0,1.0,False,False,False
غوطه زد,6,0,True,True,زد,0.0,1.0,False,False,False
بست زد,6,0,True,True,زد,0.0,1.0,False,False,False
غم خورد,6,0,True,True,خورد,0.0,1.0,False,False,False
گل انداخت,6,0,True,True,انداخت,0.0,1.0,False,False,False
تندروی کرد,6,0,True,True,کرد,0.0,1.0,False,False,False
تمرین داد,6,5,True,True,داد,0.8333333333333334,0.16666666666666663,True,True,True
نگاهداری کرد,6,5,True,True,کرد,0.8333333333333334,0.16666666666666663,True,True,True
نگاه داشت,6,5,True,True,داشت,0.8333333333333334,0.16666666666666663,True,True,True
دشمن‌تراشی کرد,6,0,True,True,کرد,0.0,1.0,False,False,False
دشمنی ورزید,6,0,True,True,ورزید,0.0,1.0,False,False,False
دسیسه‌چینی کرد,6,0,True,True,کرد,0.0,1.0,False,False,False
دل برید,6,0,True,True,برید,0.0,1.0,False,False,False
اعزام داشت,6,6,True,True,داشت,1.0,0.0,True,True,True
گمارد,6,5,False,False,,0.8333333333333334,0.16666666666666663,True,True,True
آزاد کرد,6,6,False,True,کرد,1.0,0.0,True,True,True
بدل کرد,6,6,True,True,کرد,1.0,0.0,True,True,True
بغض کرد,6,0,True,True,کرد,0.0,1.0,False,False,False
عاریه کرد,6,6,True,True,کرد,1.0,0.0,True,True,True
عاریت داد,6,4,True,True,داد,0.6666666666666666,0.33333333333333337,True,True,True
طهارت گرفت,6,1,True,True,گرفت,0.16666666666666666,0.8333333333333334,False,False,False
درز گرفت,6,5,True,True,گرفت,0.8333333333333334,0.16666666666666663,True,True,True
تزکیه کرد,6,5,True,True,کرد,0.8333333333333334,0.16666666666666663,True,True,True
همهمه کرد,6,0,True,True,کرد,0.0,1.0,False,False,False
همنوازی کرد,6,0,True,True,کرد,0.0,1.0,False,False,False
نوسان کرد,6,0,True,True,کرد,0.0,1.0,False,False,False
نوسازی کرد,6,6,True,True,کرد,1.0,0.0,True,True,True
نوردید,6,6,False,False,,1.0,0.0,True,True,True
گل‌افشانی کرد,6,3,True,True,کرد,0.5,0.5,True,True,True
طناب‌بازی کرد,6,0,True,True,کرد,0.0,1.0,False,False,False
برگزار کرد,6,4,True,True,کرد,0.6666666666666666,0.33333333333333337,True,True,True
فالگوش ایستاد,6,1,True,True,ایستاد,0.16666666666666666,0.8333333333333334,False,False,False
فرآوری کرد,6,6,True,True,کرد,1.0,0.0,True,True,True
فتنه‌گری کرد,6,0,True,True,کرد,0.0,1.0,False,False,False
بر گرفت,6,6,True,True,گرفت,1.0,0.0,True,True,True
فرق گذاشت,6,0,True,True,گذاشت,0.0,1.0,False,False,False
فرق گذارد,6,0,True,True,گذارد,0.0,1.0,False,False,False
طعمه کرد,6,6,True,True,کرد,1.0,0.0,True,True,True
فرش کرد,6,6,True,True,کرد,1.0,0.0,True,True,True
فرجام‌خواهی کرد,6,0,True,True,کرد,0.0,1.0,False,False,False
تمارض کرد,6,0,True,True,کرد,0.0,1.0,False,False,False
نوازش کرد,6,4,True,True,کرد,0.6666666666666666,0.33333333333333337,True,True,True
نواخت,6,4,False,False,,0.6666666666666666,0.33333333333333337,True,True,True
نوآوری کرد,6,0,True,True,کرد,0.0,1.0,False,False,False
نهیب زد,6,1,True,True,زد,0.16666666666666666,0.8333333333333334,False,False,False
دلیری کرد,6,0,True,True,کرد,0.0,1.0,False,False,False
نمونه‌گیری کرد,6,0,True,True,کرد,0.0,1.0,False,False,False
اغماض کرد,6,0,True,True,کرد,0.0,1.0,False,False,False
اعراض داشت,6,1,True,True,داشت,0.16666666666666666,0.8333333333333334,False,False,False
همه‌پرسی کرد,6,0,True,True,کرد,0.0,1.0,False,False,False
همسویی کرد,6,0,True,True,کرد,0.0,1.0,False,False,False
اشاعه داد,6,5,True,True,داد,0.8333333333333334,0.16666666666666663,True,True,True
اشارت داشت,6,0,True,True,داشت,0.0,1.0,False,False,False
درخشش گرفت,6,0,True,True,گرفت,0.0,1.0,False,False,False
دود داد,6,3,True,True,داد,0.5,0.5,True,True,True
نمره کرد,6,6,True,True,کرد,1.0,0.0,True,True,True
نمایه کرد,6,6,True,True,کرد,1.0,0.0,True,True,True
نوبت‌بندی کرد,6,5,True,True,کرد,0.8333333333333334,0.16666666666666663,True,True,True
تلگراف زد,6,1,True,True,زد,0.16666666666666666,0.8333333333333334,False,False,False
آشیان کرد,6,0,True,True,کرد,0.0,1.0,False,False,False
بد آمد,6,0,True,True,آمد,0.0,1.0,False,False,False
گروکشی کرد,6,0,True,True,کرد,0.0,1.0,False,False,False
گرو کشید,6,6,True,True,کشید,1.0,0.0,True,True,True
گزین کرد,6,6,True,True,کرد,1.0,0.0,True,True,True
طبابت کرد,6,0,True,True,کرد,0.0,1.0,False,False,False
ضعف کرد,6,0,True,True,کرد,0.0,1.0,False,False,False
فرمانروایی کرد,6,0,True,True,کرد,0.0,1.0,False,False,False
دواند,6,5,False,False,,0.8333333333333334,0.16666666666666663,True,True,True
دهن‌دره کرد,6,0,True,True,کرد,0.0,1.0,False,False,False
نقل داد,6,5,True,True,داد,0.8333333333333334,0.16666666666666663,True,True,True
فرمایش کرد,6,3,True,True,کرد,0.5,0.5,True,True,True
بلوف زد,6,0,True,True,زد,0.0,1.0,False,False,False
بلوا کرد,6,0,True,True,کرد,0.0,1.0,False,False,False
تمتع کرد,6,0,True,True,کرد,0.0,1.0,False,False,False
گران‌فروشی کرد,6,1,True,True,کرد,0.16666666666666666,0.8333333333333334,False,False,False
گره خورد,6,0,True,True,خورد,0.0,1.0,False,False,False
گردن کشید,6,0,True,True,کشید,0.0,1.0,False,False,False
فصل‌بندی کرد,6,6,True,True,کرد,1.0,0.0,True,True,True
بنیاد نهاد,6,6,True,True,نهاد,1.0,0.0,True,True,True
بند زد,6,5,True,True,زد,0.8333333333333334,0.16666666666666663,True,True,True
صلح داد,6,3,True,True,داد,0.5,0.5,True,True,True
فکس کرد,6,6,True,True,کرد,1.0,0.0,True,True,True
گاز زد,6,5,True,True,زد,0.8333333333333334,0.16666666666666663,True,True,True
تولید شد,6,0,True,True,شد,0.0,1.0,False,False,False
توقیع کرد,6,3,True,True,کرد,0.5,0.5,True,True,True
تکدی‌گری کرد,6,0,True,True,کرد,0.0,1.0,False,False,False
اسکان گرفت,6,0,True,True,گرفت,0.0,1.0,False,False,False
داستان‌نویسی کرد,6,0,True,True,کرد,0.0,1.0,False,False,False
تشجیع کرد,6,6,True,True,کرد,1.0,0.0,True,True,True
وجود کرد,6,0,True,True,کرد,0.0,1.0,False,False,False
وجدان کرد,6,5,True,True,کرد,0.8333333333333334,0.16666666666666663,True,True,True
نقادی کرد,6,3,True,True,کرد,0.5,0.5,True,True,True
تذلل کرد,6,0,True,True,کرد,0.0,1.0,False,False,False
تخمین کرد,6,6,True,True,کرد,1.0,0.0,True,True,True
کوک زد,6,5,True,True,زد,0.8333333333333334,0.16666666666666663,True,True,True
کولاک کرد,6,0,True,True,کرد,0.0,1.0,False,False,False
صابون زد,6,5,True,True,زد,0.8333333333333334,0.16666666666666663,True,True,True
صحنه‌پردازی کرد,6,3,True,True,کرد,0.5,0.5,True,True,True
صحنه‌سازی کرد,6,2,True,True,کرد,0.3333333333333333,0.6666666666666667,False,False,False
فهرست‌نویسی کرد,6,4,True,True,کرد,0.6666666666666666,0.33333333333333337,True,True,True
کودتا کرد,6,0,True,True,کرد,0.0,1.0,False,False,False
ذکر شد,6,0,True,True,شد,0.0,1.0,False,False,False
ذخیره‌سازی کرد,6,6,True,True,کرد,1.0,0.0,True,True,True
دیکتاتوری کرد,6,0,True,True,کرد,0.0,1.0,False,False,False
نظافت کرد,6,5,True,True,کرد,0.8333333333333334,0.16666666666666663,True,True,True
نظاره داشت,6,1,True,True,داشت,0.16666666666666666,0.8333333333333334,False,False,False
ورزش کرد,6,0,True,True,کرد,0.0,1.0,False,False,False
خیمه زد,6,0,True,True,زد,0.0,1.0,False,False,False
وارد آمد,6,0,True,True,آمد,0.0,1.0,False,False,False
تله‌پاتی کرد,6,0,True,True,کرد,0.0,1.0,False,False,False
تلنگر زد,6,0,True,True,زد,0.0,1.0,False,False,False
کنفرانس داد,6,0,True,True,داد,0.0,1.0,False,False,False
فلش کرد,6,6,True,True,کرد,1.0,0.0,True,True,True
بنایی کرد,6,1,True,True,کرد,0.16666666666666666,0.8333333333333334,False,False,False
بنا گذاشت,6,6,True,True,گذاشت,1.0,0.0,True,True,True
بنیاد گذاشت,6,6,True,True,گذاشت,1.0,0.0,True,True,True
رانت‌خواری کرد,6,0,True,True,کرد,0.0,1.0,False,False,False
نصیب کرد,6,5,True,True,کرد,0.8333333333333334,0.16666666666666663,True,True,True
نصرت کرد,6,4,True,True,کرد,0.6666666666666666,0.33333333333333337,True,True,True
استنکاف کرد,6,0,True,True,کرد,0.0,1.0,False,False,False
استنکاف ورزید,6,0,True,True,ورزید,0.0,1.0,False,False,False
بنیاد گذارد,6,6,True,True,گذارد,1.0,0.0,True,True,True
شیهه زد,6,0,True,True,زد,0.0,1.0,False,False,False
شیطنت کرد,6,0,True,True,کرد,0.0,1.0,False,False,False
قالب کرد,6,6,True,True,کرد,1.0,0.0,True,True,True
تک‌گویی کرد,6,0,True,True,کرد,0.0,1.0,False,False,False
بهره‌برداری کرد,6,0,True,True,کرد,0.0,1.0,False,False,False
باور کرد,6,3,True,True,کرد,0.5,0.5,True,True,True
تقطیر کرد,6,5,True,True,کرد,0.8333333333333334,0.16666666666666663,True,True,True
آمارگیری کرد,6,2,True,True,کرد,0.3333333333333333,0.6666666666666667,False,False,False
کنجکاوی کرد,6,1,True,True,کرد,0.16666666666666666,0.8333333333333334,False,False,False
وساطت کرد,6,1,True,True,کرد,0.16666666666666666,0.8333333333333334,False,False,False
وزوز کرد,6,0,True,True,کرد,0.0,1.0,False,False,False
وقت‌کشی کرد,6,0,True,True,کرد,0.0,1.0,False,False,False
نشأت گرفت,6,0,True,True,گرفت,0.0,1.0,False,False,False
نسخه‌برداری کرد,6,2,True,True,کرد,0.3333333333333333,0.6666666666666667,False,False,False
قدرت‌طلبی کرد,6,0,True,True,کرد,0.0,1.0,False,False,False
قبولاند,6,4,False,False,,0.6666666666666666,0.33333333333333337,True,True,True
بهانه‌گیری کرد,6,0,True,True,کرد,0.0,1.0,False,False,False
بهانه‌جویی کرد,6,0,True,True,کرد,0.0,1.0,False,False,False
شکاف داد,6,6,True,True,داد,1.0,0.0,True,True,True
قبض کرد,6,6,True,True,کرد,1.0,0.0,True,True,True
قایم کرد,6,6,True,True,کرد,1.0,0.0,True,True,True
قایق‌رانی کرد,6,0,True,True,کرد,0.0,1.0,False,False,False
بازیگری کرد,6,0,True,True,کرد,0.0,1.0,False,False,False
بازیافت کرد,6,6,True,True,کرد,1.0,0.0,True,True,True
تیغه کرد,6,5,True,True,کرد,0.8333333333333334,0.16666666666666663,True,True,True
اقتباس کرد,6,3,True,True,کرد,0.5,0.5,True,True,True
اقامه داشت,6,6,True,True,داشت,1.0,0.0,True,True,True
نشانه گذاشت,6,3,True,True,گذاشت,0.5,0.5,True,True,True
خوشه کرد,6,0,True,True,کرد,0.0,1.0,False,False,False
جا انداخت,6,6,True,True,انداخت,1.0,0.0,True,True,True
کفر ورزید,6,0,True,True,ورزید,0.0,1.0,False,False,False
کمین گرفت,6,0,True,True,گرفت,0.0,1.0,False,False,False
شل گرفت,6,3,True,True,گرفت,0.5,0.5,True,True,True
قرائت کرد,6,5,True,True,کرد,0.8333333333333334,0.16666666666666663,True,True,True
قشون‌کشی کرد,6,0,True,True,کرد,0.0,1.0,False,False,False
قسمت کرد,6,5,True,True,کرد,0.8333333333333334,0.16666666666666663,True,True,True
قرعه‌کشی کرد,6,2,True,True,کرد,0.3333333333333333,0.6666666666666667,False,False,False
قرعه کشید,6,1,True,True,کشید,0.16666666666666666,0.8333333333333334,False,False,False
شفا داد,6,6,True,True,داد,1.0,0.0,True,True,True
قربان کرد,6,4,False,True,کرد,0.6666666666666666,0.33333333333333337,True,True,True
تقویت کرد,6,5,True,True,کرد,0.8333333333333334,0.16666666666666663,True,True,True
جاسازی کرد,6,6,True,True,کرد,1.0,0.0,True,True,True
جاروب زد,6,5,True,True,زد,0.8333333333333334,0.16666666666666663,True,True,True
ندا داد,6,3,True,True,داد,0.5,0.5,True,True,True
اقتضا کرد,6,1,True,True,کرد,0.16666666666666666,0.8333333333333334,False,False,False
تشریح داد,6,4,True,True,داد,0.6666666666666666,0.33333333333333337,True,True,True
خودنمایی کرد,6,0,True,True,کرد,0.0,1.0,False,False,False
آگهی کرد,6,4,True,True,کرد,0.6666666666666666,0.33333333333333337,True,True,True
کفاف کرد,6,3,True,True,کرد,0.5,0.5,True,True,True
کله‌شقی کرد,6,0,True,True,کرد,0.0,1.0,False,False,False
کلاهبرداری کرد,6,0,True,True,کرد,0.0,1.0,False,False,False
شراره کشید,6,0,True,True,کشید,0.0,1.0,False,False,False
بچگی کرد,6,0,True,True,کرد,0.0,1.0,False,False,False
بهینه‌سازی کرد,6,6,True,True,کرد,1.0,0.0,True,True,True
قمار کرد,6,0,True,True,کرد,0.0,1.0,False,False,False
قلمه زد,6,4,True,True,زد,0.6666666666666666,0.33333333333333337,True,True,True
شست کرد,6,5,True,True,کرد,0.8333333333333334,0.16666666666666663,True,True,True
قلاب‌دوزی کرد,6,4,True,True,کرد,0.6666666666666666,0.33333333333333337,True,True,True
قیمت کرد,6,4,True,True,کرد,0.6666666666666666,0.33333333333333337,True,True,True
قیامت کرد,6,0,True,True,کرد,0.0,1.0,False,False,False
قیافه گرفت,6,0,True,True,گرفت,0.0,1.0,False,False,False
جاده‌سازی کرد,6,0,True,True,کرد,0.0,1.0,False,False,False
جابه‌جا کرد,6,5,True,True,کرد,0.8333333333333334,0.16666666666666663,True,True,True
پاشویه کرد,6,5,True,True,کرد,0.8333333333333334,0.16666666666666663,True,True,True
تحفه کرد,6,5,True,True,کرد,0.8333333333333334,0.16666666666666663,True,True,True
الفت داد,6,5,True,True,داد,0.8333333333333334,0.16666666666666663,True,True,True
نرخ‌گذاری کرد,6,3,True,True,کرد,0.5,0.5,True,True,True
جا گرفت,6,0,True,True,گرفت,0.0,1.0,False,False,False
تقسیط کرد,6,6,True,True,کرد,1.0,0.0,True,True,True
تقدیس کرد,6,6,True,True,کرد,1.0,0.0,True,True,True
کش آمد,6,0,True,True,آمد,0.0,1.0,False,False,False
کسوف کرد,6,0,True,True,کرد,0.0,1.0,False,False,False
ابرام کرد,6,3,True,True,کرد,0.5,0.5,True,True,True
قولنج کرد,6,0,True,True,کرد,0.0,1.0,False,False,False
لانه‌گذاری کرد,6,0,True,True,کرد,0.0,1.0,False,False,False
ناشیگری کرد,6,0,True,True,کرد,0.0,1.0,False,False,False
رشادت کرد,6,0,True,True,کرد,0.0,1.0,False,False,False
ناسپاسی کرد,6,2,True,True,کرد,0.3333333333333333,0.6666666666666667,False,False,False
ناز کرد,6,0,True,True,کرد,0.0,1.0,False,False,False
استقامت ورزید,6,0,True,True,ورزید,0.0,1.0,False,False,False
استفاده نمود,6,0,True,True,نمود,0.0,1.0,False,False,False
لجام کرد,6,6,True,True,کرد,1.0,0.0,True,True,True
لاپوشانی کرد,6,6,True,True,کرد,1.0,0.0,True,True,True
لعاب داد,6,4,True,True,داد,0.6666666666666666,0.33333333333333337,True,True,True
جایگذاری کرد,6,5,True,True,کرد,0.8333333333333334,0.16666666666666663,True,True,True
کفاشی کرد,6,0,True,True,کرد,0.0,1.0,False,False,False
سپرده‌گذاری کرد,6,4,True,True,کرد,0.6666666666666666,0.33333333333333337,True,True,True
کاهش یافت,6,0,True,True,یافت,0.0,1.0,False,False,False
جانمایی کرد,6,5,True,True,کرد,0.8333333333333334,0.16666666666666663,True,True,True
کاسبی کرد,6,0,True,True,کرد,0.0,1.0,False,False,False
اتلاف کرد,6,6,True,True,کرد,1.0,0.0,True,True,True
کرایه داد,6,5,True,True,داد,0.8333333333333334,0.16666666666666663,True,True,True
لقب نهاد,6,5,True,True,نهاد,0.8333333333333334,0.16666666666666663,True,True,True
سوهان کرد,6,5,True,True,کرد,0.8333333333333334,0.16666666666666663,True,True,True
استقرار گرفت,6,0,True,True,گرفت,0.0,1.0,False,False,False
خصومت کرد,6,0,True,True,کرد,0.0,1.0,False,False,False
میان نهاد,6,4,True,True,نهاد,0.6666666666666666,0.33333333333333337,True,True,True
مکید,6,6,False,False,,1.0,0.0,True,True,True
نائل کرد,6,4,False,True,کرد,0.6666666666666666,0.33333333333333337,True,True,True
تحریض کرد,6,5,True,True,کرد,0.8333333333333334,0.16666666666666663,True,True,True
تحریر کرد,6,5,True,True,کرد,0.8333333333333334,0.16666666666666663,True,True,True
سیاست‌گذاری کرد,6,0,True,True,کرد,0.0,1.0,False,False,False
سیادت کرد,6,0,True,True,کرد,0.0,1.0,False,False,False
سیاحت کرد,6,1,True,True,کرد,0.16666666666666666,0.8333333333333334,False,False,False
بازاریابی کرد,6,0,True,True,کرد,0.0,1.0,False,False,False
بازآفرینی کرد,6,5,True,True,کرد,0.8333333333333334,0.16666666666666663,True,True,True
باخت,6,6,False,False,,1.0,0.0,True,True,True
لیف زد,6,3,True,True,زد,0.5,0.5,True,True,True
سوخت‌رسانی کرد,6,1,True,True,کرد,0.16666666666666666,0.8333333333333334,False,False,False
سوارکاری کرد,6,1,True,True,کرد,0.16666666666666666,0.8333333333333334,False,False,False
سوئیچ کرد,6,0,True,True,کرد,0.0,1.0,False,False,False
رهگیری کرد,6,6,True,True,کرد,1.0,0.0,True,True,True
مکالمه کرد,6,0,True,True,کرد,0.0,1.0,False,False,False
مژه زد,6,1,True,True,زد,0.16666666666666666,0.8333333333333334,False,False,False
پایه‌ریزی کرد,6,6,True,True,کرد,1.0,0.0,True,True,True
پای گرفت,6,0,True,True,گرفت,0.0,1.0,False,False,False
پایکوبی کرد,6,0,True,True,کرد,0.0,1.0,False,False,False
بارانداز کرد,6,2,True,True,کرد,0.3333333333333333,0.6666666666666667,False,False,False
سنگدلی کرد,6,0,True,True,کرد,0.0,1.0,False,False,False
سودجویی کرد,6,0,True,True,کرد,0.0,1.0,False,False,False
سماجت کرد,6,0,True,True,کرد,0.0,1.0,False,False,False
کاریابی کرد,6,0,True,True,کرد,0.0,1.0,False,False,False
جبهه گرفت,6,0,True,True,گرفت,0.0,1.0,False,False,False
جای‌گیری کرد,6,0,True,True,کرد,0.0,1.0,False,False,False
تفکیک داد,6,6,True,True,داد,1.0,0.0,True,True,True
کارگری کرد,6,0,True,True,کرد,0.0,1.0,False,False,False
خراش خورد,6,0,True,True,خورد,0.0,1.0,False,False,False
خرابکاری کرد,6,0,True,True,کرد,0.0,1.0,False,False,False
خراب کرد,6,6,False,True,کرد,1.0,0.0,True,True,True
تضعیف کرد,6,3,True,True,کرد,0.5,0.5,True,True,True
خشونت کرد,6,0,True,True,کرد,0.0,1.0,False,False,False
خشونت ورزید,6,0,True,True,ورزید,0.0,1.0,False,False,False
استدلال کرد,6,0,True,True,کرد,0.0,1.0,False,False,False
امدادرسانی کرد,6,0,True,True,کرد,0.0,1.0,False,False,False
موضع‌گیری کرد,6,0,True,True,کرد,0.0,1.0,False,False,False
کارزار کرد,6,0,True,True,کرد,0.0,1.0,False,False,False
سهل‌انگاری کرد,6,0,True,True,کرد,0.0,1.0,False,False,False
مادری کرد,6,0,True,True,کرد,0.0,1.0,False,False,False
مایه گرفت,6,1,True,True,گرفت,0.16666666666666666,0.8333333333333334,False,False,False
مایه گذاشت,6,0,True,True,گذاشت,0.0,1.0,False,False,False
جسارت کرد,6,0,True,True,کرد,0.0,1.0,False,False,False
امتیازبندی کرد,6,3,True,True,کرد,0.5,0.5,True,True,True
امتزاج کرد,6,2,True,True,کرد,0.3333333333333333,0.6666666666666667,False,False,False
مهندسی کرد,6,6,True,True,کرد,1.0,0.0,True,True,True
مهمانی داد,6,0,True,True,داد,0.0,1.0,False,False,False
رهنمون داشت,6,4,True,True,داشت,0.6666666666666666,0.33333333333333337,True,True,True
تبعید کرد,6,6,True,True,کرد,1.0,0.0,True,True,True
مهر کرد,6,5,True,True,کرد,0.8333333333333334,0.16666666666666663,True,True,True
خراش داد,6,6,True,True,داد,1.0,0.0,True,True,True
ژست گرفت,6,0,True,True,گرفت,0.0,1.0,False,False,False
چین خورد,6,0,True,True,خورد,0.0,1.0,False,False,False
چکاپ کرد,6,3,True,True,کرد,0.5,0.5,True,True,True
اتصال داد,6,5,True,True,داد,0.8333333333333334,0.16666666666666663,True,True,True
ایمن‌سازی کرد,6,6,True,True,کرد,1.0,0.0,True,True,True
مباهله کرد,6,0,True,True,کرد,0.0,1.0,False,False,False
بی‌تابی کرد,6,0,True,True,کرد,0.0,1.0,False,False,False
مباهات کرد,6,0,True,True,کرد,0.0,1.0,False,False,False
خرده گرفت,6,0,True,True,گرفت,0.0,1.0,False,False,False
خرد کرد,6,5,False,True,کرد,0.8333333333333334,0.16666666666666663,True,True,True
پدیدار کرد,6,6,True,True,کرد,1.0,0.0,True,True,True
مناجات کرد,6,0,True,True,کرد,0.0,1.0,False,False,False
منع کرد,6,5,True,True,کرد,0.8333333333333334,0.16666666666666663,True,True,True
رواج داد,6,6,True,True,داد,1.0,0.0,True,True,True
مباشرت کرد,6,0,True,True,کرد,0.0,1.0,False,False,False
مباشرت داشت,6,2,True,True,داشت,0.3333333333333333,0.6666666666666667,False,False,False
سرپوش گذارد,6,0,True,True,گذارد,0.0,1.0,False,False,False
سقوط کرد,6,0,True,True,کرد,0.0,1.0,False,False,False
سفسطه کرد,6,0,True,True,کرد,0.0,1.0,False,False,False
سفارش گرفت,6,1,True,True,گرفت,0.16666666666666666,0.8333333333333334,False,False,False
مجال داد,6,0,True,True,داد,0.0,1.0,False,False,False
ازدیاد کرد,6,5,True,True,کرد,0.8333333333333334,0.16666666666666663,True,True,True
تبیین ساخت,6,6,True,True,ساخت,1.0,0.0,True,True,True
خرناسه کشید,6,0,True,True,کشید,0.0,1.0,False,False,False
تفرج کرد,6,1,True,True,کرد,0.16666666666666666,0.8333333333333334,False,False,False
مثل زد,6,4,True,True,زد,0.6666666666666666,0.33333333333333337,True,True,True
مثال زد,6,4,True,True,زد,0.6666666666666666,0.33333333333333337,True,True,True
مثال آورد,6,4,True,True,آورد,0.6666666666666666,0.33333333333333337,True,True,True
سرکوفت زد,6,0,True,True,زد,0.0,1.0,False,False,False
چرخ خورد,6,0,True,True,خورد,0.0,1.0,False,False,False
چشم‌چرانی کرد,6,0,True,True,کرد,0.0,1.0,False,False,False
جنجال کرد,6,0,True,True,کرد,0.0,1.0,False,False,False
جنب کرد,6,0,True,True,کرد,0.0,1.0,False,False,False
جمله‌سازی کرد,6,0,True,True,کرد,0.0,1.0,False,False,False
چشم کرد,6,6,True,True,کرد,1.0,0.0,True,True,True
سراغ داشت,6,6,True,True,داشت,1.0,0.0,True,True,True
بی‌مهری کرد,6,0,True,True,کرد,0.0,1.0,False,False,False
بی‌عدالتی کرد,6,0,True,True,کرد,0.0,1.0,False,False,False
محکم‌کاری کرد,6,2,True,True,کرد,0.3333333333333333,0.6666666666666667,False,False,False
مداوا کرد,6,3,True,True,کرد,0.5,0.5,True,True,True
چراند,6,6,False,False,,1.0,0.0,True,True,True
چشم بست,6,0,True,True,بست,0.0,1.0,False,False,False
تفنن کرد,6,0,True,True,کرد,0.0,1.0,False,False,False
خاکسپاری کرد,6,6,True,True,کرد,1.0,0.0,True,True,True
پرهیز داد,6,6,True,True,داد,1.0,0.0,True,True,True
روی آورد,6,0,True,True,آورد,0.0,1.0,False,False,False
ریشه‌یابی کرد,6,5,True,True,کرد,0.8333333333333334,0.16666666666666663,True,True,True
ریشخند زد,6,0,True,True,زد,0.0,1.0,False,False,False
مقاله‌نویسی کرد,6,0,True,True,کرد,0.0,1.0,False,False,False
امید بست,6,0,True,True,بست,0.0,1.0,False,False,False
استانداردسازی کرد,6,4,True,True,کرد,0.6666666666666666,0.33333333333333337,True,True,True
پس کشید,6,1,True,True,کشید,0.16666666666666666,0.8333333333333334,False,False,False
پز داد,6,0,True,True,داد,0.0,1.0,False,False,False
پشت زد,6,1,True,True,زد,0.16666666666666666,0.8333333333333334,False,False,False
ریخت کرد,6,2,True,True,کرد,0.3333333333333333,0.6666666666666667,False,False,False
مقاوم‌سازی کرد,6,6,True,True,کرد,1.0,0.0,True,True,True
تفقد کرد,6,2,True,True,کرد,0.3333333333333333,0.6666666666666667,False,False,False
تفسیر کرد,6,5,True,True,کرد,0.8333333333333334,0.16666666666666663,True,True,True
جوجه کرد,6,0,True,True,کرد,0.0,1.0,False,False,False
انعکاس داد,6,5,True,True,داد,0.8333333333333334,0.16666666666666663,True,True,True
تأثیر گذارد,6,0,True,True,گذارد,0.0,1.0,False,False,False
بی‌وجدانی کرد,6,0,True,True,کرد,0.0,1.0,False,False,False
سرشماری کرد,6,5,True,True,کرد,0.8333333333333334,0.16666666666666663,True,True,True
مدیحه‌سرایی کرد,6,0,True,True,کرد,0.0,1.0,False,False,False
مراقبت داشت,6,0,True,True,داشت,0.0,1.0,False,False,False
تعلم کرد,6,1,True,True,کرد,0.16666666666666666,0.8333333333333334,False,False,False
احتجاج کرد,6,1,True,True,کرد,0.16666666666666666,0.8333333333333334,False,False,False
مذمت کرد,6,5,True,True,کرد,0.8333333333333334,0.16666666666666663,True,True,True
مرزبندی کرد,6,3,True,True,کرد,0.5,0.5,True,True,True
سخاوت کرد,6,1,True,True,کرد,0.16666666666666666,0.8333333333333334,False,False,False
مسئلت داشت,6,6,False,True,داشت,1.0,0.0,True,True,True
مسألت کرد,6,5,True,True,کرد,0.8333333333333334,0.16666666666666663,True,True,True
چاقو زد,6,0,True,True,زد,0.0,1.0,False,False,False
معروض داشت,6,5,True,True,داشت,0.8333333333333334,0.16666666666666663,True,True,True
زانو آورد,6,6,True,True,آورد,1.0,0.0,True,True,True
زمان گذاشت,6,0,True,True,گذاشت,0.0,1.0,False,False,False
زرد کرد,6,4,False,True,کرد,0.6666666666666666,0.33333333333333337,True,True,True
حماسه‌آفرینی کرد,6,0,True,True,کرد,0.0,1.0,False,False,False
ارزش نهاد,6,0,True,True,نهاد,0.0,1.0,False,False,False
ارزانی داشت,6,5,True,True,داشت,0.8333333333333334,0.16666666666666663,True,True,True
پول‌شویی کرد,6,2,True,True,کرد,0.3333333333333333,0.6666666666666667,False,False,False
تفتیش کرد,6,6,True,True,کرد,1.0,0.0,True,True,True
تفاوت گذارد,6,0,True,True,گذارد,0.0,1.0,False,False,False
بی‌نظمی کرد,6,0,True,True,کرد,0.0,1.0,False,False,False
ستون کرد,6,6,True,True,کرد,1.0,0.0,True,True,True
مساوات کرد,6,2,True,True,کرد,0.3333333333333333,0.6666666666666667,False,False,False
مسامحه کرد,6,0,True,True,کرد,0.0,1.0,False,False,False
مسامحه ورزید,6,0,True,True,ورزید,0.0,1.0,False,False,False
حاصل داشت,6,5,True,True,داشت,0.8333333333333334,0.16666666666666663,True,True,True
احتکار کرد,6,4,True,True,کرد,0.6666666666666666,0.33333333333333337,True,True,True
پوسید,6,0,False,False,,0.0,1.0,False,False,False
حفظ شد,6,0,True,True,شد,0.0,1.0,False,False,False
حمایل کرد,6,6,True,True,کرد,1.0,0.0,True,True,True
پهلو زد,6,0,True,True,زد,0.0,1.0,False,False,False
ارتزاق کرد,6,0,True,True,کرد,0.0,1.0,False,False,False
انبوه‌سازی کرد,6,2,True,True,کرد,0.3333333333333333,0.6666666666666667,False,False,False
زجرکش کرد,6,4,True,True,کرد,0.6666666666666666,0.33333333333333337,True,True,True
چاپ شد,6,0,True,True,شد,0.0,1.0,False,False,False
مشاوره کرد,6,0,True,True,کرد,0.0,1.0,False,False,False
مشاورت کرد,6,0,True,True,کرد,0.0,1.0,False,False,False
سادگی کرد,6,0,True,True,کرد,0.0,1.0,False,False,False
ساده‌اندیشی کرد,6,0,True,True,کرد,0.0,1.0,False,False,False
تأمین شد,6,0,True,True,شد,0.0,1.0,False,False,False
تأسیس نهاد,6,6,True,True,نهاد,1.0,0.0,True,True,True
پژمرد,6,1,False,False,,0.16666666666666666,0.8333333333333334,False,False,False
پیش آورد,6,4,True,True,آورد,0.6666666666666666,0.33333333333333337,True,True,True
پیرایش کرد,6,6,True,True,کرد,1.0,0.0,True,True,True
پیام‌رسانی کرد,6,0,True,True,کرد,0.0,1.0,False,False,False
انجام شد,6,3,True,True,شد,0.5,0.5,True,True,True
مطایبه کرد,6,0,True,True,کرد,0.0,1.0,False,False,False
تأکید کرد,6,0,True,True,کرد,0.0,1.0,False,False,False
تأکید ورزید,6,0,True,True,ورزید,0.0,1.0,False,False,False
مضایقه داشت,6,1,True,True,داشت,0.16666666666666666,0.8333333333333334,False,False,False
انتقام‌جویی کرد,6,0,True,True,کرد,0.0,1.0,False,False,False
زیرگیری کرد,6,0,True,True,کرد,0.0,1.0,False,False,False
سامان پذیرفت,6,0,True,True,پذیرفت,0.0,1.0,False,False,False
سازگاری کرد,6,0,True,True,کرد,0.0,1.0,False,False,False
مشیت کرد,6,2,True,True,کرد,0.3333333333333333,0.6666666666666667,False,False,False
پی گذارد,6,5,True,True,گذارد,0.8333333333333334,0.16666666666666663,True,True,True
حس کرد,6,4,True,True,کرد,0.6666666666666666,0.33333333333333337,True,True,True
زوزه کرد,6,1,True,True,کرد,0.16666666666666666,0.8333333333333334,False,False,False
زیور کرد,6,5,True,True,کرد,0.8333333333333334,0.16666666666666663,True,True,True
زینت کرد,6,5,True,True,کرد,0.8333333333333334,0.16666666666666663,True,True,True
حسد برد,6,0,True,True,برد,0.0,1.0,False,False,False
یکسان‌سازی کرد,6,6,True,True,کرد,1.0,0.0,True,True,True
عناد ورزید,6,0,True,True,ورزید,0.0,1.0,False,False,False
عمل‌آوری کرد,6,5,True,True,کرد,0.8333333333333334,0.16666666666666663,True,True,True
عکس انداخت,6,0,True,True,انداخت,0.0,1.0,False,False,False
عضوگیری کرد,6,0,True,True,کرد,0.0,1.0,False,False,False
عصب‌کشی کرد,6,6,True,True,کرد,1.0,0.0,True,True,True
عملگی کرد,6,0,True,True,کرد,0.0,1.0,False,False,False
یقین آورد,6,0,True,True,آورد,0.0,1.0,False,False,False
علاوه کرد,6,5,True,True,کرد,0.8333333333333334,0.16666666666666663,True,True,True
علامت گذاشت,6,2,True,True,گذاشت,0.3333333333333333,0.6666666666666667,False,False,False
گواهی کرد,6,6,True,True,کرد,1.0,0.0,True,True,True
آزمایش داد,6,1,True,True,داد,0.16666666666666666,0.8333333333333334,False,False,False
یاد آورد,6,4,True,True,آورد,0.6666666666666666,0.33333333333333337,True,True,True
یادداشت‌برداری کرد,6,0,True,True,کرد,0.0,1.0,False,False,False
یورش کرد,6,0,True,True,کرد,0.0,1.0,False,False,False
گوش‌مالی داد,5,2,True,True,داد,0.4,0.6,False,False,False
آتش‌بازی کرد,5,0,True,True,کرد,0.0,1.0,False,False,False
تمنا کرد,5,3,True,True,کرد,0.6,0.4,True,True,True
عکس‌برداری کرد,5,1,True,True,کرد,0.2,0.8,False,False,False
برتری کرد,5,0,True,True,کرد,0.0,1.0,False,False,False
غرولند کرد,5,0,True,True,کرد,0.0,1.0,False,False,False
غل زد,5,0,True,True,زد,0.0,1.0,False,False,False
عداوت کرد,5,0,True,True,کرد,0.0,1.0,False,False,False
برپا کرد,5,4,False,True,کرد,0.8,0.19999999999999996,True,True,True
همسان‌سازی کرد,5,4,True,True,کرد,0.8,0.19999999999999996,True,True,True
همدلی کرد,5,0,True,True,کرد,0.0,1.0,False,False,False
همخوابگی کرد,5,0,True,True,کرد,0.0,1.0,False,False,False
هاشور زد,5,5,True,True,زد,1.0,0.0,True,True,True
تردید ورزید,5,0,True,True,ورزید,0.0,1.0,False,False,False
غوطه داد,5,5,True,True,داد,1.0,0.0,True,True,True
انتقال کرد,5,1,True,True,کرد,0.2,0.8,False,False,False
زیرسازی کرد,5,3,True,True,کرد,0.6,0.4,True,True,True
سامان کرد,5,0,True,True,کرد,0.0,1.0,False,False,False
سالم‌سازی کرد,5,5,True,True,کرد,1.0,0.0,True,True,True
پی داشت,5,5,True,True,داشت,1.0,0.0,True,True,True
حضانت کرد,5,3,True,True,کرد,0.6,0.4,True,True,True
احقاق کرد,5,3,True,True,کرد,0.6,0.4,True,True,True
ساختارسازی کرد,5,0,True,True,کرد,0.0,1.0,False,False,False
ساختاربندی کرد,5,5,True,True,کرد,1.0,0.0,True,True,True
سازندگی کرد,5,0,True,True,کرد,0.0,1.0,False,False,False
ساختمان‌سازی کرد,5,0,True,True,کرد,0.0,1.0,False,False,False
تأسیس شد,5,0,True,True,شد,0.0,1.0,False,False,False
مشاهده شد,5,0,True,True,شد,0.0,1.0,False,False,False
حراست کرد,5,0,True,True,کرد,0.0,1.0,False,False,False
تعبد کرد,5,4,True,True,کرد,0.8,0.19999999999999996,True,True,True
تعارف کرد,5,2,True,True,کرد,0.4,0.6,False,False,False
پیش خواند,5,5,True,True,خواند,1.0,0.0,True,True,True
پیاده کرد,5,4,False,True,کرد,0.8,0.19999999999999996,True,True,True
تأکید نهاد,5,0,True,True,نهاد,0.0,1.0,False,False,False
حدیث کرد,5,1,True,True,کرد,0.2,0.8,False,False,False
تعریف شد,5,0,True,True,شد,0.0,1.0,False,False,False
حاشیه‌دوزی کرد,5,5,True,True,کرد,1.0,0.0,True,True,True
حقه‌بازی کرد,5,0,True,True,کرد,0.0,1.0,False,False,False
حواس‌پرتی کرد,5,0,True,True,کرد,0.0,1.0,False,False,False
اذعان داشت,5,1,True,True,داشت,0.2,0.8,False,False,False
زورگویی کرد,5,0,True,True,کرد,0.0,1.0,False,False,False
زندگانی کرد,5,0,True,True,کرد,0.0,1.0,False,False,False
انصراف داد,5,0,True,True,داد,0.0,1.0,False,False,False
انشعاب کرد,5,0,True,True,کرد,0.0,1.0,False,False,False
غنی‌سازی کرد,5,4,True,True,کرد,0.8,0.19999999999999996,True,True,True
غنیمت گرفت,5,4,True,True,گرفت,0.8,0.19999999999999996,True,True,True
غنیمت برد,5,4,True,True,برد,0.8,0.19999999999999996,True,True,True
گمانه‌زنی کرد,5,0,True,True,کرد,0.0,1.0,False,False,False
دسیسه کرد,5,0,True,True,کرد,0.0,1.0,False,False,False
نوگرایی کرد,5,0,True,True,کرد,0.0,1.0,False,False,False
اطاعت ورزید,5,0,True,True,ورزید,0.0,1.0,False,False,False
آرمید,5,0,False,False,,0.0,1.0,False,False,False
سر داشت,5,0,True,True,داشت,0.0,1.0,False,False,False
جیک‌جیک کرد,5,0,True,True,کرد,0.0,1.0,False,False,False
جیب‌بری کرد,5,0,True,True,کرد,0.0,1.0,False,False,False
معاضدت کرد,5,0,True,True,کرد,0.0,1.0,False,False,False
زمان برد,5,0,True,True,برد,0.0,1.0,False,False,False
پلاک کرد,5,2,True,True,کرد,0.4,0.6,False,False,False
ارزش گذاشت,5,0,True,True,گذاشت,0.0,1.0,False,False,False
ارسال نمود,5,5,True,True,نمود,1.0,0.0,True,True,True
جوشکاری کرد,5,2,True,True,کرد,0.4,0.6,False,False,False
جهالت کرد,5,0,True,True,کرد,0.0,1.0,False,False,False
انس گرفت,5,0,True,True,گرفت,0.0,1.0,False,False,False
غلغله کرد,5,1,True,True,کرد,0.2,0.8,False,False,False
بدل شد,5,0,True,True,شد,0.0,1.0,False,False,False
عادت‌زدایی کرد,5,0,True,True,کرد,0.0,1.0,False,False,False
بسترسازی کرد,5,0,True,True,کرد,0.0,1.0,False,False,False
گسترش کرد,5,0,True,True,کرد,0.0,1.0,False,False,False
تزاحم کرد,5,0,True,True,کرد,0.0,1.0,False,False,False
ترکیب شد,5,0,True,True,شد,0.0,1.0,False,False,False
ترکاند,5,4,False,False,,0.8,0.19999999999999996,True,True,True
تراشاند,5,3,False,False,,0.6,0.4,True,True,True
نورپردازی کرد,5,4,True,True,کرد,0.8,0.19999999999999996,True,True,True
حیله کرد,5,0,True,True,کرد,0.0,1.0,False,False,False
انعام کرد,5,2,True,True,کرد,0.4,0.6,False,False,False
مدل‌برداری کرد,5,1,True,True,کرد,0.2,0.8,False,False,False
مرافعه کرد,5,0,True,True,کرد,0.0,1.0,False,False,False
تأویل کرد,5,5,True,True,کرد,1.0,0.0,True,True,True
نوحه کرد,5,1,True,True,کرد,0.2,0.8,False,False,False
گستاخی کرد,5,0,True,True,کرد,0.0,1.0,False,False,False
تنقیح کرد,5,5,True,True,کرد,1.0,0.0,True,True,True
تهییج کرد,5,5,True,True,کرد,1.0,0.0,True,True,True
طهارت کرد,5,1,True,True,کرد,0.2,0.8,False,False,False
طنین کرد,5,1,True,True,کرد,0.2,0.8,False,False,False
فاصله‌گذاری کرد,5,0,True,True,کرد,0.0,1.0,False,False,False
فراموش شد,5,0,True,True,شد,0.0,1.0,False,False,False
فر خورد,5,0,True,True,خورد,0.0,1.0,False,False,False
سراغ گرفت,5,2,True,True,گرفت,0.4,0.6,False,False,False
سر گرفت,5,5,True,True,گرفت,1.0,0.0,True,True,True
پرهیز داشت,5,1,True,True,داشت,0.2,0.8,False,False,False
رونق کرد,5,0,True,True,کرد,0.0,1.0,False,False,False
پس فرستاد,5,3,True,True,فرستاد,0.6,0.4,True,True,True
پس داد,5,4,True,True,داد,0.8,0.19999999999999996,True,True,True
تطاول کرد,5,1,True,True,کرد,0.2,0.8,False,False,False
طبع‌آزمایی کرد,5,0,True,True,کرد,0.0,1.0,False,False,False
تهجد کرد,5,0,True,True,کرد,0.0,1.0,False,False,False
تماشا کرد,5,5,True,True,کرد,1.0,0.0,True,True,True
اعتزال کرد,5,1,True,True,کرد,0.2,0.8,False,False,False
همیاری کرد,5,1,True,True,کرد,0.2,0.8,False,False,False
همگامی کرد,5,0,True,True,کرد,0.0,1.0,False,False,False
درزبندی کرد,5,4,True,True,کرد,0.8,0.19999999999999996,True,True,True
دروغ‌پراکنی کرد,5,0,True,True,کرد,0.0,1.0,False,False,False
هواگیری کرد,5,4,True,True,کرد,0.8,0.19999999999999996,True,True,True
هوادهی کرد,5,4,True,True,کرد,0.8,0.19999999999999996,True,True,True
واهمه کرد,5,0,True,True,کرد,0.0,1.0,False,False,False
ترجمه کرد,5,3,True,True,کرد,0.6,0.4,True,True,True
روایت کرد,5,3,True,True,کرد,0.6,0.4,True,True,True
مقیاس کرد,5,5,True,True,کرد,1.0,0.0,True,True,True
منتقل شد,5,0,True,True,شد,0.0,1.0,False,False,False
منازعت کرد,5,0,True,True,کرد,0.0,1.0,False,False,False
مجاورت کرد,5,0,True,True,کرد,0.0,1.0,False,False,False
سریان کرد,5,0,True,True,کرد,0.0,1.0,False,False,False
سریال‌سازی کرد,5,0,True,True,کرد,0.0,1.0,False,False,False
محاصره کرد,5,5,False,True,کرد,1.0,0.0,True,True,True
چرخ داد,5,3,True,True,داد,0.6,0.4,True,True,True
تداوم کرد,5,0,True,True,کرد,0.0,1.0,False,False,False
نمود,5,4,False,False,,0.8,0.19999999999999996,True,True,True
نوازندگی کرد,5,0,True,True,کرد,0.0,1.0,False,False,False
گریم کرد,5,3,True,True,کرد,0.6,0.4,True,True,True
گسیل کرد,5,5,True,True,کرد,1.0,0.0,True,True,True
فراهم دید,5,5,True,True,دید,1.0,0.0,True,True,True
بخیه کرد,5,5,True,True,کرد,1.0,0.0,True,True,True
ضرب زد,5,2,True,True,زد,0.4,0.6,False,False,False
صیغه کرد,5,3,True,True,کرد,0.6,0.4,True,True,True
آشکار ساخت,5,4,False,True,ساخت,0.8,0.19999999999999996,True,True,True
توافق کرد,5,0,True,True,کرد,0.0,1.0,False,False,False
سرویس‌رسانی کرد,5,0,True,True,کرد,0.0,1.0,False,False,False
چوب‌کاری کرد,5,5,True,True,کرد,1.0,0.0,True,True,True
استارت زد,5,2,True,True,زد,0.4,0.6,False,False,False
پرسه زد,5,0,True,True,زد,0.0,1.0,False,False,False
خانه‌داری کرد,5,0,True,True,کرد,0.0,1.0,False,False,False
تصویرپردازی کرد,5,1,True,True,کرد,0.2,0.8,False,False,False
سفارش کرد,5,2,True,True,کرد,0.4,0.6,False,False,False
سعایت کرد,5,0,True,True,کرد,0.0,1.0,False,False,False
سشوار کرد,5,5,True,True,کرد,1.0,0.0,True,True,True
بی‌توجهی کرد,5,0,True,True,کرد,0.0,1.0,False,False,False
خرناس کشید,5,0,True,True,کشید,0.0,1.0,False,False,False
خرده‌گیری کرد,5,0,True,True,کرد,0.0,1.0,False,False,False
پرده‌دری کرد,5,0,True,True,کرد,0.0,1.0,False,False,False
ممانعت ورزید,5,0,True,True,ورزید,0.0,1.0,False,False,False
روزنامه‌نگاری کرد,5,0,True,True,کرد,0.0,1.0,False,False,False
گزافه‌گویی کرد,5,0,True,True,کرد,0.0,1.0,False,False,False
صیحه زد,5,0,True,True,زد,0.0,1.0,False,False,False
صورت‌بندی کرد,5,5,True,True,کرد,1.0,0.0,True,True,True
فرمانبری کرد,5,1,True,True,کرد,0.2,0.8,False,False,False
فروگذاری کرد,5,0,True,True,کرد,0.0,1.0,False,False,False
فرود کرد,5,0,True,True,کرد,0.0,1.0,False,False,False
تخمک‌گذاری کرد,5,0,True,True,کرد,0.0,1.0,False,False,False
افتخار کرد,5,0,True,True,کرد,0.0,1.0,False,False,False
نم داد,5,0,True,True,داد,0.0,1.0,False,False,False
دوام آورد,5,0,True,True,آورد,0.0,1.0,False,False,False
دوران کرد,5,0,True,True,کرد,0.0,1.0,False,False,False
سلب کرد,5,4,True,True,کرد,0.8,0.19999999999999996,True,True,True
مبادله داشت,5,0,True,True,داشت,0.0,1.0,False,False,False
کار داشت,5,0,True,True,داشت,0.0,1.0,False,False,False
جستجو کرد,5,4,True,True,کرد,0.8,0.19999999999999996,True,True,True
امتناع داشت,5,0,True,True,داشت,0.0,1.0,False,False,False
امتداد داشت,5,0,True,True,داشت,0.0,1.0,False,False,False
مواجه کرد,5,1,False,True,کرد,0.2,0.8,False,False,False
روان‌کاوی کرد,5,5,True,True,کرد,1.0,0.0,True,True,True
مهریه کرد,5,0,True,True,کرد,0.0,1.0,False,False,False
نقصان کرد,5,0,True,True,کرد,0.0,1.0,False,False,False
اعلان کرد,5,4,True,True,کرد,0.8,0.19999999999999996,True,True,True
اعلان داشت,5,5,True,True,داشت,1.0,0.0,True,True,True
اعلام داشت,5,5,True,True,داشت,1.0,0.0,True,True,True
همنشینی کرد,5,0,True,True,کرد,0.0,1.0,False,False,False
فروتنی کرد,5,0,True,True,کرد,0.0,1.0,False,False,False
صدور کرد,5,0,True,True,کرد,0.0,1.0,False,False,False
فریاد کشید,5,0,True,True,کشید,0.0,1.0,False,False,False
فغان کرد,5,1,True,True,کرد,0.2,0.8,False,False,False
تلقی داشت,5,0,True,True,داشت,0.0,1.0,False,False,False
سودرسانی کرد,5,0,True,True,کرد,0.0,1.0,False,False,False
سمبل کرد,5,5,True,True,کرد,1.0,0.0,True,True,True
ابقا شد,5,0,True,True,شد,0.0,1.0,False,False,False
استدلال فرمود,5,0,True,True,فرمود,0.0,1.0,False,False,False
استخفاف کرد,5,1,True,True,کرد,0.2,0.8,False,False,False
موفق کرد,5,2,False,True,کرد,0.4,0.6,False,False,False
کارشکنی کرد,5,0,True,True,کرد,0.0,1.0,False,False,False
کارآموزی کرد,5,0,True,True,کرد,0.0,1.0,False,False,False
گرم کرد,5,5,False,True,کرد,1.0,0.0,True,True,True
صفیر زد,5,0,True,True,زد,0.0,1.0,False,False,False
کیفر داد,5,4,True,True,داد,0.8,0.19999999999999996,True,True,True
توفان کرد,5,0,True,True,کرد,0.0,1.0,False,False,False
هیپنوتیزم کرد,5,5,True,True,کرد,1.0,0.0,True,True,True
اسکان داشت,5,0,True,True,داشت,0.0,1.0,False,False,False
اسپری زد,5,0,True,True,زد,0.0,1.0,False,False,False
نقد کرد,5,3,True,True,کرد,0.6,0.4,True,True,True
کوهپیمایی کرد,5,0,True,True,کرد,0.0,1.0,False,False,False
مأوا گرفت,5,0,True,True,گرفت,0.0,1.0,False,False,False
سوار کرد,5,3,False,True,کرد,0.6,0.4,True,True,True
سوادآموزی کرد,5,1,True,True,کرد,0.2,0.8,False,False,False
رمزگشایی کرد,5,3,True,True,کرد,0.6,0.4,True,True,True
رمزشکنی کرد,5,4,True,True,کرد,0.8,0.19999999999999996,True,True,True
تصعید کرد,5,5,True,True,کرد,1.0,0.0,True,True,True
پایین زد,5,4,True,True,زد,0.8,0.19999999999999996,True,True,True
لگد خورد,5,0,True,True,خورد,0.0,1.0,False,False,False
سوسو کرد,5,1,True,True,کرد,0.2,0.8,False,False,False
کامجویی کرد,5,0,True,True,کرد,0.0,1.0,False,False,False
سوگند خورد,5,0,True,True,خورد,0.0,1.0,False,False,False
پاسخ‌گویی کرد,5,0,True,True,کرد,0.0,1.0,False,False,False
استقرار داشت,5,0,True,True,داشت,0.0,1.0,False,False,False
پاک‌سازی کرد,5,5,True,True,کرد,1.0,0.0,True,True,True
رنگ زد,5,4,True,True,زد,0.8,0.19999999999999996,True,True,True
رنگ داد,5,1,True,True,داد,0.2,0.8,False,False,False
بازارگرمی کرد,5,0,True,True,کرد,0.0,1.0,False,False,False
شیون کرد,5,0,True,True,کرد,0.0,1.0,False,False,False
صدارت کرد,5,0,True,True,کرد,0.0,1.0,False,False,False
فهماند,5,4,False,False,,0.8,0.19999999999999996,True,True,True
کوتاه آمد,5,0,True,True,آمد,0.0,1.0,False,False,False
نظرسنجی کرد,5,0,True,True,کرد,0.0,1.0,False,False,False
نظر داشت,5,1,True,True,داشت,0.2,0.8,False,False,False
ذخیره نهاد,5,0,True,True,نهاد,0.0,1.0,False,False,False
ذخیره شد,5,0,True,True,شد,0.0,1.0,False,False,False
نظام داد,5,1,True,True,داد,0.2,0.8,False,False,False
واگذار شد,5,0,True,True,شد,0.0,1.0,False,False,False
کشورگشایی کرد,5,0,True,True,کرد,0.0,1.0,False,False,False
سیم‌کشی کرد,5,3,True,True,کرد,0.6,0.4,True,True,True
لزوم کرد,5,0,True,True,کرد,0.0,1.0,False,False,False
لرز کرد,5,0,True,True,کرد,0.0,1.0,False,False,False
لحیم کرد,5,5,True,True,کرد,1.0,0.0,True,True,True
لمس کرد,5,5,True,True,کرد,1.0,0.0,True,True,True
کاوش کرد,5,3,True,True,کرد,0.6,0.4,True,True,True
کاهلی کرد,5,0,True,True,کرد,0.0,1.0,False,False,False
جاه‌طلبی کرد,5,0,True,True,کرد,0.0,1.0,False,False,False
جذب شد,5,0,True,True,شد,0.0,1.0,False,False,False
جدل کرد,5,0,True,True,کرد,0.0,1.0,False,False,False
جداسازی کرد,5,5,True,True,کرد,1.0,0.0,True,True,True
تلاش داشت,5,0,True,True,داشت,0.0,1.0,False,False,False
کنکاش کرد,5,2,True,True,کرد,0.4,0.6,False,False,False
کندی کرد,5,0,True,True,کرد,0.0,1.0,False,False,False
کنده‌کاری کرد,5,5,True,True,کرد,1.0,0.0,True,True,True
شگون داشت,5,0,True,True,داشت,0.0,1.0,False,False,False
بند انداخت,5,2,True,True,انداخت,0.4,0.6,False,False,False
ذکر کرد,5,4,True,True,کرد,0.8,0.19999999999999996,True,True,True
دین‌زدایی کرد,5,0,True,True,کرد,0.0,1.0,False,False,False
تخم‌گذاری کرد,5,0,True,True,کرد,0.0,1.0,False,False,False
خواب برد,5,0,True,True,برد,0.0,1.0,False,False,False
لابه کرد,5,0,True,True,کرد,0.0,1.0,False,False,False
قیچی کرد,5,5,True,True,کرد,1.0,0.0,True,True,True
سیخ زد,5,3,True,True,زد,0.6,0.4,True,True,True
جان کند,5,0,True,True,کند,0.0,1.0,False,False,False
جان داد,5,1,True,True,داد,0.2,0.8,False,False,False
جای آورد,5,5,True,True,آورد,1.0,0.0,True,True,True
کدگشایی کرد,5,1,True,True,کرد,0.2,0.8,False,False,False
کج‌روی کرد,5,0,True,True,کرد,0.0,1.0,False,False,False
کفاره داد,5,0,True,True,داد,0.0,1.0,False,False,False
کف زد,5,0,True,True,زد,0.0,1.0,False,False,False
کشاورزی کرد,5,0,True,True,کرد,0.0,1.0,False,False,False
سینه‌زنی کرد,5,0,True,True,کرد,0.0,1.0,False,False,False
میگساری کرد,5,0,True,True,کرد,0.0,1.0,False,False,False
میعان کرد,5,2,True,True,کرد,0.4,0.6,False,False,False
استفهام کرد,5,2,True,True,کرد,0.4,0.6,False,False,False
تشعشع کرد,5,3,True,True,کرد,0.6,0.4,True,True,True
تسلیم داشت,5,5,True,True,داشت,1.0,0.0,True,True,True
فیلم‌سازی کرد,5,0,True,True,کرد,0.0,1.0,False,False,False
فیلم کرد,5,5,True,True,کرد,1.0,0.0,True,True,True
فیصله کرد,5,0,True,True,کرد,0.0,1.0,False,False,False
قامت کشید,5,0,True,True,کشید,0.0,1.0,False,False,False
تکلم داشت,5,0,True,True,داشت,0.0,1.0,False,False,False
تیزهوشی کرد,5,0,True,True,کرد,0.0,1.0,False,False,False
آکند,5,4,False,False,,0.8,0.19999999999999996,True,True,True
آوانگاری کرد,5,5,True,True,کرد,1.0,0.0,True,True,True
کورسو زد,5,0,True,True,زد,0.0,1.0,False,False,False
قلاب‌بافی کرد,5,1,True,True,کرد,0.2,0.8,False,False,False
قیل کرد,5,0,True,True,کرد,0.0,1.0,False,False,False
جابجا شد,5,0,True,True,شد,0.0,1.0,False,False,False
تحقق کرد,5,0,True,True,کرد,0.0,1.0,False,False,False
تحدید کرد,5,5,True,True,کرد,1.0,0.0,True,True,True
نرم کرد,5,5,False,True,کرد,1.0,0.0,True,True,True
پا کرد,5,5,True,True,کرد,1.0,0.0,True,True,True
پا شد,5,0,True,True,شد,0.0,1.0,False,False,False
خنثی کرد,5,5,True,True,کرد,1.0,0.0,True,True,True
کورتاژ کرد,5,3,True,True,کرد,0.6,0.4,True,True,True
بنیان گذارد,5,5,True,True,گذارد,1.0,0.0,True,True,True
قالب زد,5,4,True,True,زد,0.8,0.19999999999999996,True,True,True
قارچ زد,5,0,True,True,زد,0.0,1.0,False,False,False
قاب‌بندی کرد,5,3,True,True,کرد,0.6,0.4,True,True,True
تکوین داد,5,5,True,True,داد,1.0,0.0,True,True,True
کمپرس کرد,5,5,True,True,کرد,1.0,0.0,True,True,True
آمار گرفت,5,0,True,True,گرفت,0.0,1.0,False,False,False
وفاق کرد,5,0,True,True,کرد,0.0,1.0,False,False,False
نسخه کرد,5,5,True,True,کرد,1.0,0.0,True,True,True
تشریف‌فرمایی کرد,5,0,True,True,کرد,0.0,1.0,False,False,False
تشرف کرد,5,0,True,True,کرد,0.0,1.0,False,False,False
وفا کرد,5,0,True,True,کرد,0.0,1.0,False,False,False
کفاف داد,5,0,True,True,داد,0.0,1.0,False,False,False
بچه کرد,5,0,True,True,کرد,0.0,1.0,False,False,False
قصابی کرد,5,5,True,True,کرد,1.0,0.0,True,True,True
قلم‌فرسایی کرد,5,0,True,True,کرد,0.0,1.0,False,False,False
قلمدوش کرد,5,5,True,True,کرد,1.0,0.0,True,True,True
قلم زد,5,3,True,True,زد,0.6,0.4,True,True,True
شبیه‌خوانی کرد,5,1,True,True,کرد,0.2,0.8,False,False,False
شبکه کرد,5,5,True,True,کرد,1.0,0.0,True,True,True
شفا کرد,5,0,True,True,کرد,0.0,1.0,False,False,False
باغبانی کرد,5,0,True,True,کرد,0.0,1.0,False,False,False
بازپروری کرد,5,4,True,True,کرد,0.8,0.19999999999999996,True,True,True
تقلیل کرد,5,0,True,True,کرد,0.0,1.0,False,False,False
خواهش کرد,5,0,True,True,کرد,0.0,1.0,False,False,False
خواستار کرد,5,0,False,True,کرد,0.0,1.0,False,False,False
تحمیل داشت,5,5,True,True,داشت,1.0,0.0,True,True,True
نت‌نویسی کرد,5,1,True,True,کرد,0.2,0.8,False,False,False
افسونگری کرد,5,0,True,True,کرد,0.0,1.0,False,False,False
افساد کرد,5,0,True,True,کرد,0.0,1.0,False,False,False
افزایش کرد,5,0,True,True,کرد,0.0,1.0,False,False,False
رؤیاپردازی کرد,5,0,True,True,کرد,0.0,1.0,False,False,False
کنترل داشت,5,5,False,True,داشت,1.0,0.0,True,True,True
شکاف خورد,5,0,True,True,خورد,0.0,1.0,False,False,False
تیمم کرد,5,0,True,True,کرد,0.0,1.0,False,False,False
وصول کرد,5,5,True,True,کرد,1.0,0.0,True,True,True
راه یافت,5,0,True,True,یافت,0.0,1.0,False,False,False
نزدیکی کرد,5,0,True,True,کرد,0.0,1.0,False,False,False
نزدیک کرد,5,5,False,True,کرد,1.0,0.0,True,True,True
نشانه‌گذاری کرد,5,5,True,True,کرد,1.0,0.0,True,True,True
نشانه کرد,5,4,True,True,کرد,0.8,0.19999999999999996,True,True,True
خوش‌رویی کرد,5,0,True,True,کرد,0.0,1.0,False,False,False
وصلت کرد,5,0,True,True,کرد,0.0,1.0,False,False,False
کلاس گذاشت,5,0,True,True,گذاشت,0.0,1.0,False,False,False
کفسازی کرد,5,4,True,True,کرد,0.8,0.19999999999999996,True,True,True
ابطال کرد,5,5,True,True,کرد,1.0,0.0,True,True,True
شمارد,5,5,False,False,,1.0,0.0,True,True,True
بهبود یافت,5,0,True,True,یافت,0.0,1.0,False,False,False
بهبود کرد,5,0,True,True,کرد,0.0,1.0,False,False,False
غبارزدایی کرد,5,2,True,True,کرد,0.4,0.6,False,False,False
عصاره‌گیری کرد,5,3,True,True,کرد,0.6,0.4,True,True,True
هجرت کرد,5,0,True,True,کرد,0.0,1.0,False,False,False
هلاک کرد,5,4,False,True,کرد,0.8,0.19999999999999996,True,True,True
تسامح ورزید,5,0,True,True,ورزید,0.0,1.0,False,False,False
هدیه داد,5,5,True,True,داد,1.0,0.0,True,True,True
آب کرد,5,4,True,True,کرد,0.8,0.19999999999999996,True,True,True
عشق‌ورزی کرد,5,0,True,True,کرد,0.0,1.0,False,False,False
عشق‌بازی کرد,5,0,True,True,کرد,0.0,1.0,False,False,False
عمارت کرد,5,5,True,True,کرد,1.0,0.0,True,True,True
آرایشگری کرد,5,1,True,True,کرد,0.2,0.8,False,False,False
گواه گرفت,5,4,True,True,گرفت,0.8,0.19999999999999996,True,True,True
گنجانید,5,5,False,False,,1.0,0.0,True,True,True
یافت شد,5,0,True,True,شد,0.0,1.0,False,False,False
علاقه ورزید,5,0,True,True,ورزید,0.0,1.0,False,False,False
گوش داشت,5,0,True,True,داشت,0.0,1.0,False,False,False
گود افتاد,4,0,True,True,افتاد,0.0,1.0,False,False,False
عناد کرد,4,0,True,True,کرد,0.0,1.0,False,False,False
عنوان‌بندی کرد,4,3,True,True,کرد,0.75,0.25,False,False,False
عهد کرد,4,0,True,True,کرد,0.0,1.0,False,False,False
برچسب زد,4,1,True,True,زد,0.25,0.75,False,False,False
عملیات کرد,4,0,True,True,کرد,0.0,1.0,False,False,False
عمومیت کرد,4,0,True,True,کرد,0.0,1.0,False,False,False
تعبیه شد,4,2,True,True,شد,0.5,0.5,False,False,False
تعلق کرد,4,0,True,True,کرد,0.0,1.0,False,False,False
عیاشی کرد,4,0,True,True,کرد,0.0,1.0,False,False,False
عشوه کرد,4,0,True,True,کرد,0.0,1.0,False,False,False
آب‌زدایی شد,4,0,True,True,شد,0.0,1.0,False,False,False
آب‌زدایی کرد,4,2,True,True,کرد,0.5,0.5,False,False,False
هلهله کرد,4,0,True,True,کرد,0.0,1.0,False,False,False
غارتگری کرد,4,0,True,True,کرد,0.0,1.0,False,False,False
عنوان داشت,4,2,True,True,داشت,0.5,0.5,False,False,False
شماتت کرد,4,4,True,True,کرد,1.0,0.0,False,False,False
آوانویسی کرد,4,4,True,True,کرد,1.0,0.0,False,False,False
کفالت کرد,4,3,True,True,کرد,0.75,0.25,False,False,False
جا گذارد,4,4,True,True,گذارد,1.0,0.0,False,False,False
خوش‌زبانی کرد,4,0,True,True,کرد,0.0,1.0,False,False,False
اسلام‌زدایی کرد,4,1,True,True,کرد,0.25,0.75,False,False,False
وعده داد,4,4,True,True,داد,1.0,0.0,False,False,False
وعده گذاشت,4,0,True,True,گذاشت,0.0,1.0,False,False,False
شهامت کرد,4,0,True,True,کرد,0.0,1.0,False,False,False
شهرک‌سازی کرد,4,0,True,True,کرد,0.0,1.0,False,False,False
اقدام ورزید,4,0,True,True,ورزید,0.0,1.0,False,False,False
خواب دید,4,1,True,True,دید,0.25,0.75,False,False,False
اقتضا داشت,4,3,True,True,داشت,0.75,0.25,False,False,False
ناپختگی کرد,4,0,True,True,کرد,0.0,1.0,False,False,False
رذالت کرد,4,0,True,True,کرد,0.0,1.0,False,False,False
ائتلاف کرد,4,0,True,True,کرد,0.0,1.0,False,False,False
بازی‌گردانی کرد,4,1,True,True,کرد,0.25,0.75,False,False,False
باعث کرد,4,0,False,True,کرد,0.0,1.0,False,False,False
قربانی کرد,4,4,False,True,کرد,1.0,0.0,False,False,False
قطعیت داد,4,0,True,True,داد,0.0,1.0,False,False,False
قطعیت کرد,4,0,True,True,کرد,0.0,1.0,False,False,False
شرشر کرد,4,0,True,True,کرد,0.0,1.0,False,False,False
کم داشت,4,4,False,True,داشت,1.0,0.0,False,False,False
خودکامگی کرد,4,0,True,True,کرد,0.0,1.0,False,False,False
نسل‌کشی کرد,4,1,True,True,کرد,0.25,0.75,False,False,False
نسیان کرد,4,1,True,True,کرد,0.25,0.75,False,False,False
وسعت کرد,4,0,True,True,کرد,0.0,1.0,False,False,False
وصل کرد,4,2,False,True,کرد,0.5,0.5,False,False,False
کم کرد,4,2,False,True,کرد,0.5,0.5,False,False,False
شوت‌زنی کرد,4,0,True,True,کرد,0.0,1.0,False,False,False
وقف کرد,4,4,False,True,کرد,1.0,0.0,False,False,False
وقوع کرد,4,0,True,True,کرد,0.0,1.0,False,False,False
ولادت کرد,4,0,True,True,کرد,0.0,1.0,False,False,False
الغا کرد,4,4,True,True,کرد,1.0,0.0,False,False,False
رد شد,4,0,True,True,شد,0.0,1.0,False,False,False
پاشاند,4,3,False,False,,0.75,0.25,False,False,False
شبهه کرد,4,0,True,True,کرد,0.0,1.0,False,False,False
تکلیف کرد,4,2,True,True,کرد,0.5,0.5,False,False,False
شکر کرد,4,2,True,True,کرد,0.5,0.5,False,False,False
شکست کرد,4,0,True,True,کرد,0.0,1.0,False,False,False
خوشحال کرد,4,3,False,True,کرد,0.75,0.25,False,False,False
نطفه بست,4,0,True,True,بست,0.0,1.0,False,False,False
استقامت کرد,4,0,True,True,کرد,0.0,1.0,False,False,False
رفع شد,4,0,True,True,شد,0.0,1.0,False,False,False
التجا کرد,4,0,True,True,کرد,0.0,1.0,False,False,False
میهمان‌نوازی کرد,4,0,True,True,کرد,0.0,1.0,False,False,False
میکس کرد,4,4,True,True,کرد,1.0,0.0,False,False,False
لازم داشت,4,4,True,True,داشت,1.0,0.0,False,False,False
شجاعت کرد,4,0,True,True,کرد,0.0,1.0,False,False,False
بودجه‌بندی کرد,4,4,True,True,کرد,1.0,0.0,False,False,False
بوسه کرد,4,3,True,True,کرد,0.75,0.25,False,False,False
ابداع کرد,4,2,True,True,کرد,0.5,0.5,False,False,False
ابطال شد,4,0,True,True,شد,0.0,1.0,False,False,False
کثافت‌کاری کرد,4,0,True,True,کرد,0.0,1.0,False,False,False
کج‌خلقی کرد,4,0,True,True,کرد,0.0,1.0,False,False,False
شاهد گرفت,4,4,False,True,گرفت,1.0,0.0,False,False,False
سیر کرد,4,2,True,True,کرد,0.5,0.5,False,False,False
پارتیشن‌بندی کرد,4,3,True,True,کرد,0.75,0.25,False,False,False
تحول داد,4,2,True,True,داد,0.5,0.5,False,False,False
تحول کرد,4,0,True,True,کرد,0.0,1.0,False,False,False
تخصیص کرد,4,0,True,True,کرد,0.0,1.0,False,False,False
تحلیف کرد,4,3,True,True,کرد,0.75,0.25,False,False,False
بنا گذارد,4,4,True,True,گذارد,1.0,0.0,False,False,False
باقی گذارد,4,4,True,True,گذارد,1.0,0.0,False,False,False
تلخیص کرد,4,4,True,True,کرد,1.0,0.0,False,False,False
لذت برد,4,0,True,True,برد,0.0,1.0,False,False,False
سکنی داشت,4,0,True,True,داشت,0.0,1.0,False,False,False
لطف کرد,4,0,True,True,کرد,0.0,1.0,False,False,False
کشف شد,4,1,True,True,شد,0.25,0.75,False,False,False
واگذار کرد,4,4,True,True,کرد,1.0,0.0,False,False,False
تسلی کرد,4,0,True,True,کرد,0.0,1.0,False,False,False
صداگذاری کرد,4,2,True,True,کرد,0.5,0.5,False,False,False
آغشته کرد,4,4,False,True,کرد,1.0,0.0,False,False,False
آفرینش کرد,4,2,True,True,کرد,0.5,0.5,False,False,False
کوهنوردی کرد,4,0,True,True,کرد,0.0,1.0,False,False,False
لوله‌کشی کرد,4,1,True,True,کرد,0.25,0.75,False,False,False
رغبت کرد,4,0,True,True,کرد,0.0,1.0,False,False,False
خلق شد,4,0,True,True,شد,0.0,1.0,False,False,False
استقرار کرد,4,0,True,True,کرد,0.0,1.0,False,False,False
پاس‌کاری کرد,4,1,True,True,کرد,0.25,0.75,False,False,False
سونوگرافی کرد,4,2,True,True,کرد,0.5,0.5,False,False,False
سوگند داد,4,4,True,True,داد,1.0,0.0,False,False,False
کرامت کرد,4,4,True,True,کرد,1.0,0.0,False,False,False
خرافه‌پرستی کرد,4,0,True,True,کرد,0.0,1.0,False,False,False
پایان کرد,4,0,True,True,کرد,0.0,1.0,False,False,False
تصریح داشت,4,0,True,True,داشت,0.0,1.0,False,False,False
الکترولیز کرد,4,3,True,True,کرد,0.75,0.25,False,False,False
اماله کرد,4,2,True,True,کرد,0.5,0.5,False,False,False
رو داد,4,0,True,True,داد,0.0,1.0,False,False,False
بی‌آبرویی کرد,4,0,True,True,کرد,0.0,1.0,False,False,False
تذهیب کرد,4,3,True,True,کرد,0.75,0.25,False,False,False
نفی کرد,4,3,True,True,کرد,0.75,0.25,False,False,False
تسکین کرد,4,0,True,True,کرد,0.0,1.0,False,False,False
تشخص کرد,4,0,True,True,کرد,0.0,1.0,False,False,False
تکذیب کرد,4,3,True,True,کرد,0.75,0.25,False,False,False
فیش‌برداری کرد,4,1,True,True,کرد,0.25,0.75,False,False,False
آغاز نهاد,4,3,True,True,نهاد,0.75,0.25,False,False,False
کتابت کرد,4,4,True,True,کرد,1.0,0.0,False,False,False
کتابداری کرد,4,0,True,True,کرد,0.0,1.0,False,False,False
رنگرزی کرد,4,4,True,True,کرد,1.0,0.0,False,False,False
رها ساخت,4,4,False,True,ساخت,1.0,0.0,False,False,False
استعلام کرد,4,3,True,True,کرد,0.75,0.25,False,False,False
خشونت‌زدایی کرد,4,2,True,True,کرد,0.5,0.5,False,False,False
تقاضا کرد,4,0,True,True,کرد,0.0,1.0,False,False,False
سوراخ کرد,4,4,False,True,کرد,1.0,0.0,False,False,False
تلقی شد,4,0,True,True,شد,0.0,1.0,False,False,False
فقاهت کرد,4,0,True,True,کرد,0.0,1.0,False,False,False
فلاش زد,4,0,True,True,زد,0.0,1.0,False,False,False
بدعت گذارد,4,1,True,True,گذارد,0.25,0.75,False,False,False
اعلان داد,4,0,True,True,داد,0.0,1.0,False,False,False
اعمال شد,4,0,True,True,شد,0.0,1.0,False,False,False
اتخاذ شد,4,1,True,True,شد,0.25,0.75,False,False,False
کابل‌کشی کرد,4,4,True,True,کرد,1.0,0.0,False,False,False
روان‌درمانی کرد,4,1,True,True,کرد,0.25,0.75,False,False,False
تبرئه کرد,4,4,True,True,کرد,1.0,0.0,False,False,False
امداد کرد,4,1,True,True,کرد,0.25,0.75,False,False,False
کار انداخت,4,4,True,True,انداخت,1.0,0.0,False,False,False
مالش داد,4,4,True,True,داد,1.0,0.0,False,False,False
افراطی‌گری کرد,4,0,True,True,کرد,0.0,1.0,False,False,False
فرماندهی کرد,4,3,True,True,کرد,0.75,0.25,False,False,False
صیادی کرد,4,0,True,True,کرد,0.0,1.0,False,False,False
گرو برد,4,2,True,True,برد,0.5,0.5,False,False,False
توصیه کرد,4,2,True,True,کرد,0.5,0.5,False,False,False
روزنامه‌فروشی کرد,4,0,True,True,کرد,0.0,1.0,False,False,False
روشن ساخت,4,3,False,True,ساخت,0.75,0.25,False,False,False
ملیله‌دوزی کرد,4,2,True,True,کرد,0.5,0.5,False,False,False
پدیدار شد,4,0,True,True,شد,0.0,1.0,False,False,False
پذیراند,4,3,False,False,,0.75,0.25,False,False,False
سطحی‌نگری کرد,4,0,True,True,کرد,0.0,1.0,False,False,False
سفارت کرد,4,0,True,True,کرد,0.0,1.0,False,False,False
تصویربرداری شد,4,0,True,True,شد,0.0,1.0,False,False,False
خالی کرد,4,3,False,True,کرد,0.75,0.25,False,False,False
اسب‌دوانی کرد,4,0,True,True,کرد,0.0,1.0,False,False,False
تفریق کرد,4,2,True,True,کرد,0.5,0.5,False,False,False
سفاهت کرد,4,0,True,True,کرد,0.0,1.0,False,False,False
بی‌نزاکتی کرد,4,0,True,True,کرد,0.0,1.0,False,False,False
اکسیژن‌رسانی کرد,4,0,True,True,کرد,0.0,1.0,False,False,False
ایجاب کرد,4,1,True,True,کرد,0.25,0.75,False,False,False
متانت کرد,4,0,True,True,کرد,0.0,1.0,False,False,False
متمایز کرد,4,4,False,True,کرد,1.0,0.0,False,False,False
توجه شد,4,0,True,True,شد,0.0,1.0,False,False,False
آشنایی کرد,4,0,True,True,کرد,0.0,1.0,False,False,False
صیحه کشید,4,0,True,True,کشید,0.0,1.0,False,False,False
بنا شد,4,0,True,True,شد,0.0,1.0,False,False,False
گسترش یافت,4,0,True,True,یافت,0.0,1.0,False,False,False
احتمال رفت,4,0,True,True,رفت,0.0,1.0,False,False,False
انگیزاند,4,4,False,False,,1.0,0.0,False,False,False
مجبور کرد,4,2,False,True,کرد,0.5,0.5,False,False,False
تفحص کرد,4,2,True,True,کرد,0.5,0.5,False,False,False
تفریط کرد,4,0,True,True,کرد,0.0,1.0,False,False,False
انباشت,4,3,False,False,,0.75,0.25,False,False,False
تتبع کرد,4,0,True,True,کرد,0.0,1.0,False,False,False
همپوشانی کرد,4,0,True,True,کرد,0.0,1.0,False,False,False
دلربایی کرد,4,0,True,True,کرد,0.0,1.0,False,False,False
نواربندی کرد,4,4,True,True,کرد,1.0,0.0,False,False,False
فرم داد,4,3,True,True,داد,0.75,0.25,False,False,False
تطبیق کرد,4,0,True,True,کرد,0.0,1.0,False,False,False
ارزیابی کرد,4,3,True,True,کرد,0.75,0.25,False,False,False
استراحت کرد,4,0,True,True,کرد,0.0,1.0,False,False,False
املا کرد,4,3,True,True,کرد,0.75,0.25,False,False,False
امپراتوری کرد,4,0,True,True,کرد,0.0,1.0,False,False,False
ریشه دواند,4,0,True,True,دواند,0.0,1.0,False,False,False
روی نهاد,4,0,True,True,نهاد,0.0,1.0,False,False,False
ارعاب کرد,4,2,True,True,کرد,0.5,0.5,False,False,False
مخلوط کرد,4,3,False,True,کرد,0.75,0.25,False,False,False
برآورده کرد,4,4,False,True,کرد,1.0,0.0,False,False,False
فدا کرد,4,4,False,True,کرد,1.0,0.0,False,False,False
ظلم‌ستیزی کرد,4,0,True,True,کرد,0.0,1.0,False,False,False
برکت کرد,4,4,True,True,کرد,1.0,0.0,False,False,False
بزرگ داشت,4,3,False,True,داشت,0.75,0.25,False,False,False
گفتگو کرد,4,0,True,True,کرد,0.0,1.0,False,False,False
آسیب کرد,4,0,True,True,کرد,0.0,1.0,False,False,False
چاره‌اندیش کرد,4,0,True,True,کرد,0.0,1.0,False,False,False
چاره‌اندیشی کرد,4,0,True,True,کرد,0.0,1.0,False,False,False
تغذیه شد,4,0,True,True,شد,0.0,1.0,False,False,False
انطباق داد,4,4,True,True,داد,1.0,0.0,False,False,False
انطباق کرد,4,0,True,True,کرد,0.0,1.0,False,False,False
تفصیل داد,4,1,True,True,داد,0.25,0.75,False,False,False
خباثت کرد,4,0,True,True,کرد,0.0,1.0,False,False,False
پرورش کرد,4,0,True,True,کرد,0.0,1.0,False,False,False
رویش کرد,4,0,True,True,کرد,0.0,1.0,False,False,False
مقایسه کرد,4,3,True,True,کرد,0.75,0.25,False,False,False
زبان‌بازی کرد,4,0,True,True,کرد,0.0,1.0,False,False,False
ترانزیت شد,4,0,True,True,شد,0.0,1.0,False,False,False
دفن کرد,4,3,False,True,کرد,0.75,0.25,False,False,False
تزریق کرد,4,3,True,True,کرد,0.75,0.25,False,False,False
فایل کرد,4,3,True,True,کرد,0.75,0.25,False,False,False
غلط‌گیری کرد,4,2,True,True,کرد,0.5,0.5,False,False,False
غلیان کرد,4,0,True,True,کرد,0.0,1.0,False,False,False
ارسال شد,4,0,True,True,شد,0.0,1.0,False,False,False
انتشار کرد,4,0,True,True,کرد,0.0,1.0,False,False,False
زانو آمد,4,0,True,True,آمد,0.0,1.0,False,False,False
جیرجیر کرد,4,0,True,True,کرد,0.0,1.0,False,False,False
مرتبط کرد,4,4,False,True,کرد,1.0,0.0,False,False,False
اطلاع کرد,4,0,True,True,کرد,0.0,1.0,False,False,False
اعزام شد,4,0,True,True,شد,0.0,1.0,False,False,False
دلالت داشت,4,0,True,True,داشت,0.0,1.0,False,False,False
دعوا شد,4,0,True,True,شد,0.0,1.0,False,False,False
دعوت داشت,4,0,True,True,داشت,0.0,1.0,False,False,False
نکویی کرد,4,0,True,True,کرد,0.0,1.0,False,False,False
تندنویسی کرد,4,4,True,True,کرد,1.0,0.0,False,False,False
غمزه کرد,4,0,True,True,کرد,0.0,1.0,False,False,False
پیه آورد,4,0,True,True,آورد,0.0,1.0,False,False,False
انتحار کرد,4,0,True,True,کرد,0.0,1.0,False,False,False
ادامه کرد,4,0,True,True,کرد,0.0,1.0,False,False,False
ادعا کرد,4,0,True,True,کرد,0.0,1.0,False,False,False
ارتقا کرد,4,0,True,True,کرد,0.0,1.0,False,False,False
پیوند کرد,4,0,True,True,کرد,0.0,1.0,False,False,False
پیچانید,4,4,False,False,,1.0,0.0,False,False,False
حرام کرد,4,3,False,True,کرد,0.75,0.25,False,False,False
حدوث کرد,4,0,True,True,کرد,0.0,1.0,False,False,False
زنده کرد,4,4,False,True,کرد,1.0,0.0,False,False,False
انجام پذیرفت,4,0,True,True,پذیرفت,0.0,1.0,False,False,False
ساده‌انگاری کرد,4,0,True,True,کرد,0.0,1.0,False,False,False
مصرف شد,4,0,True,True,شد,0.0,1.0,False,False,False
زیاد آمد,4,0,True,True,آمد,0.0,1.0,False,False,False
اختصاص کرد,4,0,True,True,کرد,0.0,1.0,False,False,False
حریم‌شکنی کرد,4,0,True,True,کرد,0.0,1.0,False,False,False
زیر کرد,4,4,False,True,کرد,1.0,0.0,False,False,False
انتقال یافت,4,0,True,True,یافت,0.0,1.0,False,False,False
حساب‌رسی کرد,4,4,True,True,کرد,1.0,0.0,False,False,False
بساط زد,4,0,True,True,زد,0.0,1.0,False,False,False
غیب‌گویی کرد,4,0,True,True,کرد,0.0,1.0,False,False,False
هم‌اندیشی کرد,4,0,True,True,کرد,0.0,1.0,False,False,False
غریبی کرد,4,0,True,True,کرد,0.0,1.0,False,False,False
گوشمالی داد,4,2,True,True,داد,0.5,0.5,False,False,False
تملق کرد,4,0,True,True,کرد,0.0,1.0,False,False,False
یادآوری کرد,4,4,True,True,کرد,1.0,0.0,False,False,False
آدم‌ربایی کرد,4,0,True,True,کرد,0.0,1.0,False,False,False
آب کشید,3,2,True,True,کشید,0.6666666666666666,0.33333333333333337,False,False,False
تمیز کرد,3,3,False,True,کرد,1.0,0.0,False,False,False
‌آورد,3,3,False,False,,1.0,0.0,False,False,False
یورش برید,3,0,True,True,برید,0.0,1.0,False,False,False
یکدندگی کرد,3,0,True,True,کرد,0.0,1.0,False,False,False
تنقیح شد,3,0,True,True,شد,0.0,1.0,False,False,False
عملی کرد,3,3,False,True,کرد,1.0,0.0,False,False,False
علم کرد,3,3,True,True,کرد,1.0,0.0,False,False,False
سرمایه‌گذاری کرد,3,1,True,True,کرد,0.3333333333333333,0.6666666666666667,False,False,False
مرتب کرد,3,3,False,True,کرد,1.0,0.0,False,False,False
مرتکب شد,3,1,True,True,شد,0.3333333333333333,0.6666666666666667,False,False,False
اندازه گرفت,3,3,True,True,گرفت,1.0,0.0,False,False,False
سبب کرد,3,0,False,True,کرد,0.0,1.0,False,False,False
انتقال داد,3,3,True,True,داد,1.0,0.0,False,False,False
انتگرال‌گیری کرد,3,0,True,True,کرد,0.0,1.0,False,False,False
گمان کرد,3,0,True,True,کرد,0.0,1.0,False,False,False
گمراه ساخت,3,3,False,True,ساخت,1.0,0.0,False,False,False
گمراه کرد,3,3,False,True,کرد,1.0,0.0,False,False,False
بررسی شد,3,0,True,True,شد,0.0,1.0,False,False,False
برطرف ساخت,3,3,True,True,ساخت,1.0,0.0,False,False,False
برطرف شد,3,0,True,True,شد,0.0,1.0,False,False,False
مخاطب‌سازی کرد,3,0,True,True,کرد,0.0,1.0,False,False,False
مشغول کرد,3,1,False,True,کرد,0.3333333333333333,0.6666666666666667,False,False,False
زین کرد,3,3,True,True,کرد,1.0,0.0,False,False,False
سؤال شد,3,0,True,True,شد,0.0,1.0,False,False,False
محو کرد,3,3,False,True,کرد,1.0,0.0,False,False,False
عداوت ورزید,3,0,True,True,ورزید,0.0,1.0,False,False,False
غلط گرفت,3,0,True,True,گرفت,0.0,1.0,False,False,False
غلطاند,3,3,False,False,,1.0,0.0,False,False,False
گرو نهاد,3,3,True,True,نهاد,1.0,0.0,False,False,False
گرو گذارد,3,3,True,True,گذارد,1.0,0.0,False,False,False
آشتی کرد,3,0,True,True,کرد,0.0,1.0,False,False,False
گزینش شد,3,0,True,True,شد,0.0,1.0,False,False,False
عمل شد,3,0,True,True,شد,0.0,1.0,False,False,False
محکوم کرد,3,3,False,True,کرد,1.0,0.0,False,False,False
زار زد,3,0,True,True,زد,0.0,1.0,False,False,False
سستی کرد,3,0,True,True,کرد,0.0,1.0,False,False,False
معلوم کرد,3,0,False,True,کرد,0.0,1.0,False,False,False
تاخت برد,3,1,True,True,برد,0.3333333333333333,0.6666666666666667,False,False,False
مغلوب کرد,3,3,False,True,کرد,1.0,0.0,False,False,False
مقاله‌نویسی شد,3,0,True,True,شد,0.0,1.0,False,False,False
غش کرد,3,0,True,True,کرد,0.0,1.0,False,False,False
گرفتار کرد,3,2,False,True,کرد,0.6666666666666666,0.33333333333333337,False,False,False
گرامی داشت,3,3,False,True,داشت,1.0,0.0,False,False,False
گرو گرفت,3,3,True,True,گرفت,1.0,0.0,False,False,False
توصیه شد,3,0,True,True,شد,0.0,1.0,False,False,False
آشنا کرد,3,1,False,True,کرد,0.3333333333333333,0.6666666666666667,False,False,False
مجروح کرد,3,3,False,True,کرد,1.0,0.0,False,False,False
امضا شد,3,0,True,True,شد,0.0,1.0,False,False,False
امضاء کرد,3,3,True,True,کرد,1.0,0.0,False,False,False
انابه کرد,3,0,True,True,کرد,0.0,1.0,False,False,False
مقابله شد,3,0,True,True,شد,0.0,1.0,False,False,False
تازه کرد,3,3,False,True,کرد,1.0,0.0,False,False,False
ملامسه کرد,3,1,True,True,کرد,0.3333333333333333,0.6666666666666667,False,False,False
منجر کرد,3,1,False,True,کرد,0.3333333333333333,0.6666666666666667,False,False,False
رو نهاد,3,0,True,True,نهاد,0.0,1.0,False,False,False
منظم کرد,3,2,False,True,کرد,0.6666666666666666,0.33333333333333337,False,False,False
امتداد کرد,3,0,True,True,کرد,0.0,1.0,False,False,False
امر فرمود,3,0,True,True,فرمود,0.0,1.0,False,False,False
مهار داشت,3,1,True,True,داشت,0.3333333333333333,0.6666666666666667,False,False,False
کپی کرد,3,3,True,True,کرد,1.0,0.0,False,False,False
آموزش دید,3,0,True,True,دید,0.0,1.0,False,False,False
تمایز کرد,3,0,True,True,کرد,0.0,1.0,False,False,False
کوچ کرد,3,0,True,True,کرد,0.0,1.0,False,False,False
آماده نمود,3,3,False,True,نمود,1.0,0.0,False,False,False
غزل‌سرایی کرد,3,0,True,True,کرد,0.0,1.0,False,False,False
تبرئه شد,3,0,True,True,شد,0.0,1.0,False,False,False
متفرق کرد,3,3,False,True,کرد,1.0,0.0,False,False,False
متوقف کرد,3,2,False,True,کرد,0.6666666666666666,0.33333333333333337,False,False,False
رهنمایی کرد,3,2,True,True,کرد,0.6666666666666666,0.33333333333333337,False,False,False
موجب کرد,3,0,False,True,کرد,0.0,1.0,False,False,False
رهید,3,0,False,False,,0.0,1.0,False,False,False
رو آمد,3,0,True,True,آمد,0.0,1.0,False,False,False
رهایی کرد,3,0,True,True,کرد,0.0,1.0,False,False,False
تجزیه کرد,3,3,True,True,کرد,1.0,0.0,False,False,False
سعی کرد,3,0,True,True,کرد,0.0,1.0,False,False,False
ظن برد,3,0,True,True,برد,0.0,1.0,False,False,False
توهین شد,3,0,True,True,شد,0.0,1.0,False,False,False
تکان خورد,3,0,True,True,خورد,0.0,1.0,False,False,False
عجله کرد,3,0,True,True,کرد,0.0,1.0,False,False,False
عرضه شد,3,0,True,True,شد,0.0,1.0,False,False,False
مبتلا کرد,3,2,False,True,کرد,0.6666666666666666,0.33333333333333337,False,False,False
رقم خورد,3,0,True,True,خورد,0.0,1.0,False,False,False
رمزخوانی کرد,3,1,True,True,کرد,0.3333333333333333,0.6666666666666667,False,False,False
رمزنویسی کرد,3,3,True,True,کرد,1.0,0.0,False,False,False
مکر کرد,3,0,True,True,کرد,0.0,1.0,False,False,False
میان گذارد,3,2,True,True,گذارد,0.6666666666666666,0.33333333333333337,False,False,False
اقرار داشت,3,0,True,True,داشت,0.0,1.0,False,False,False
رفع کرد,3,2,True,True,کرد,0.6666666666666666,0.33333333333333337,False,False,False
نام گذارد,3,3,True,True,گذارد,1.0,0.0,False,False,False
فرصت کرد,3,1,True,True,کرد,0.3333333333333333,0.6666666666666667,False,False,False
بر زد,3,3,True,True,زد,1.0,0.0,False,False,False
فتنه کرد,3,0,True,True,کرد,0.0,1.0,False,False,False
فخرفروش کرد,3,0,True,True,کرد,0.0,1.0,False,False,False
ثابت شد,3,0,True,True,شد,0.0,1.0,False,False,False
تکمیل شد,3,0,True,True,شد,0.0,1.0,False,False,False
تلاش نمود,3,0,True,True,نمود,0.0,1.0,False,False,False
مایه کرد,3,2,True,True,کرد,0.6666666666666666,0.33333333333333337,False,False,False
نجات یافت,3,0,True,True,یافت,0.0,1.0,False,False,False
رانندگی کرد,3,0,True,True,کرد,0.0,1.0,False,False,False
راهنما کرد,3,3,True,True,کرد,1.0,0.0,False,False,False
راه‌اندازی شد,3,0,True,True,شد,0.0,1.0,False,False,False
راست کرد,3,3,False,True,کرد,1.0,0.0,False,False,False
نسیه کرد,3,3,True,True,کرد,1.0,0.0,False,False,False
تخریب شد,3,0,True,True,شد,0.0,1.0,False,False,False
دگرگون شد,3,0,True,True,شد,0.0,1.0,False,False,False
نصب شد,3,0,True,True,شد,0.0,1.0,False,False,False
افتراق کرد,3,1,True,True,کرد,0.3333333333333333,0.6666666666666667,False,False,False
دور زد,3,1,True,True,زد,0.3333333333333333,0.6666666666666667,False,False,False
تداعی شد,3,0,True,True,شد,0.0,1.0,False,False,False
فاکتور کرد,3,3,True,True,کرد,1.0,0.0,False,False,False
فراهم ساخت,3,3,False,True,ساخت,1.0,0.0,False,False,False
کرشمه کرد,3,0,True,True,کرد,0.0,1.0,False,False,False
کرنش کرد,3,0,True,True,کرد,0.0,1.0,False,False,False
اتصال کرد,3,0,True,True,کرد,0.0,1.0,False,False,False
تقسیم کرد,3,3,True,True,کرد,1.0,0.0,False,False,False
جان آمد,3,0,True,True,آمد,0.0,1.0,False,False,False
ترجمه شد,3,0,True,True,شد,0.0,1.0,False,False,False
دنبال نمود,3,3,True,True,نمود,1.0,0.0,False,False,False
دلمه زد,3,0,True,True,زد,0.0,1.0,False,False,False
دم برد,3,0,True,True,برد,0.0,1.0,False,False,False
ترتیب داد,3,3,True,True,داد,1.0,0.0,False,False,False
دعوی کرد,3,0,True,True,کرد,0.0,1.0,False,False,False
صید کرد,3,2,True,True,کرد,0.6666666666666666,0.33333333333333337,False,False,False
طلب داشت,3,3,True,True,داشت,1.0,0.0,False,False,False
ابقا کرد,3,3,True,True,کرد,1.0,0.0,False,False,False
جان باخت,3,0,True,True,باخت,0.0,1.0,False,False,False
جان خرید,3,3,True,True,خرید,1.0,0.0,False,False,False
جان کرد,3,0,True,True,کرد,0.0,1.0,False,False,False
فخرفروشی کرد,3,0,True,True,کرد,0.0,1.0,False,False,False
نویسندگی کرد,3,1,True,True,کرد,0.3333333333333333,0.6666666666666667,False,False,False
اشغال کرد,3,3,False,True,کرد,1.0,0.0,False,False,False
باز گذاشت,3,3,False,True,گذاشت,1.0,0.0,False,False,False
اعاده داد,3,3,True,True,داد,1.0,0.0,False,False,False
اعطا شد,3,0,True,True,شد,0.0,1.0,False,False,False
دستمالی کرد,3,3,True,True,کرد,1.0,0.0,False,False,False
شانس آورد,3,0,True,True,آورد,0.0,1.0,False,False,False
طمع برید,3,0,True,True,برید,0.0,1.0,False,False,False
جریان داشت,3,0,True,True,داشت,0.0,1.0,False,False,False
جریان یافت,3,0,True,True,یافت,0.0,1.0,False,False,False
جریمه شد,3,0,True,True,شد,0.0,1.0,False,False,False
جبران شد,3,0,True,True,شد,0.0,1.0,False,False,False
طاقت آورد,3,0,True,True,آورد,0.0,1.0,False,False,False
سیلی زد,3,0,True,True,زد,0.0,1.0,False,False,False
هل داد,3,3,True,True,داد,1.0,0.0,False,False,False
هم کوفت,3,3,True,True,کوفت,1.0,0.0,False,False,False
همت گماشت,3,0,True,True,گماشت,0.0,1.0,False,False,False
تزریق شد,3,0,True,True,شد,0.0,1.0,False,False,False
درست شد,3,0,True,True,شد,0.0,1.0,False,False,False
درو کرد,3,2,True,True,کرد,0.6666666666666666,0.33333333333333337,False,False,False
دراز کرد,3,3,False,True,کرد,1.0,0.0,False,False,False
درایت کرد,3,1,True,True,کرد,0.3333333333333333,0.6666666666666667,False,False,False
داربست زد,3,1,True,True,زد,0.3333333333333333,0.6666666666666667,False,False,False
در برد,3,3,True,True,برد,1.0,0.0,False,False,False
خودرأیی کرد,3,0,True,True,کرد,0.0,1.0,False,False,False
اجرا گذارد,3,3,True,True,گذارد,1.0,0.0,False,False,False
تفسیر شد,3,0,True,True,شد,0.0,1.0,False,False,False
اثر کرد,3,0,True,True,کرد,0.0,1.0,False,False,False
تشفی کرد,3,0,True,True,کرد,0.0,1.0,False,False,False
خوش داشت,3,3,True,True,داشت,1.0,0.0,False,False,False
خودکشی کرد,3,0,True,True,کرد,0.0,1.0,False,False,False
تصحیف کرد,3,3,True,True,کرد,1.0,0.0,False,False,False
تصدق کرد,3,0,False,True,کرد,0.0,1.0,False,False,False
وقع گذاشت,3,0,True,True,گذاشت,0.0,1.0,False,False,False
استناد داشت,3,0,True,True,داشت,0.0,1.0,False,False,False
وضع کرد,3,3,True,True,کرد,1.0,0.0,False,False,False
ویران کرد,3,3,False,True,کرد,1.0,0.0,False,False,False
خودبینی کرد,3,0,True,True,کرد,0.0,1.0,False,False,False
خم کرد,3,3,False,True,کرد,1.0,0.0,False,False,False
استفاده داشت,3,0,True,True,داشت,0.0,1.0,False,False,False
تشکیل شد,3,0,True,True,شد,0.0,1.0,False,False,False
خطا کرد,3,0,True,True,کرد,0.0,1.0,False,False,False
پاک‌سازی شد,3,0,True,True,شد,0.0,1.0,False,False,False
پای آورد,3,3,True,True,آورد,1.0,0.0,False,False,False
پاس‌کاری شد,3,1,True,True,شد,0.3333333333333333,0.6666666666666667,False,False,False
پاشویه شد,3,0,True,True,شد,0.0,1.0,False,False,False
خفت,3,0,False,False,,0.0,1.0,False,False,False
قدم گذاشت,3,0,True,True,گذاشت,0.0,1.0,False,False,False
صلاح دید,3,0,True,True,دید,0.0,1.0,False,False,False
صلح کرد,3,0,True,True,کرد,0.0,1.0,False,False,False
احضار شد,3,0,True,True,شد,0.0,1.0,False,False,False
احیا داشت,3,3,True,True,داشت,1.0,0.0,False,False,False
پیش رفت,3,0,True,True,رفت,0.0,1.0,False,False,False
پیش کشید,3,3,True,True,کشید,1.0,0.0,False,False,False
حاصل کرد,3,2,True,True,کرد,0.6666666666666666,0.33333333333333337,False,False,False
ادا شد,3,0,True,True,شد,0.0,1.0,False,False,False
تغییر یافت,3,0,True,True,یافت,0.0,1.0,False,False,False
فزونی کرد,3,0,True,True,کرد,0.0,1.0,False,False,False
حضور یافت,3,0,True,True,یافت,0.0,1.0,False,False,False
حفر کرد,3,2,True,True,کرد,0.6666666666666666,0.33333333333333337,False,False,False
حسابرسی کرد,3,3,True,True,کرد,1.0,0.0,False,False,False
پیش‌بینی شد,3,0,True,True,شد,0.0,1.0,False,False,False
پیمان گرفت,3,0,True,True,گرفت,0.0,1.0,False,False,False
حدس زد,3,2,True,True,زد,0.6666666666666666,0.33333333333333337,False,False,False
حذف شد,3,0,True,True,شد,0.0,1.0,False,False,False
به‌سازی کرد,3,3,True,True,کرد,1.0,0.0,False,False,False
خط زد,3,3,True,True,زد,1.0,0.0,False,False,False
پایه‌ریزی شد,3,0,True,True,شد,0.0,1.0,False,False,False
تصدیق داشت,3,1,True,True,داشت,0.3333333333333333,0.6666666666666667,False,False,False
تصغیر کرد,3,3,True,True,کرد,1.0,0.0,False,False,False
قرار گذارد,3,0,True,True,گذارد,0.0,1.0,False,False,False
قرار گذاشت,3,0,True,True,گذاشت,0.0,1.0,False,False,False
شناسایی شد,3,0,True,True,شد,0.0,1.0,False,False,False
بهره‌جویی شد,3,0,True,True,شد,0.0,1.0,False,False,False
بخشنامه کرد,3,1,True,True,کرد,0.3333333333333333,0.6666666666666667,False,False,False
بنا نهاد,3,3,True,True,نهاد,1.0,0.0,False,False,False
بنا کرد,3,3,True,True,کرد,1.0,0.0,False,False,False
حل شد,3,0,True,True,شد,0.0,1.0,False,False,False
تعلق داشت,3,1,True,True,داشت,0.3333333333333333,0.6666666666666667,False,False,False
اذعان کرد,3,1,True,True,کرد,0.3333333333333333,0.6666666666666667,False,False,False
خسارت داشت,3,0,True,True,داشت,0.0,1.0,False,False,False
خسته کرد,3,2,False,True,کرد,0.6666666666666666,0.33333333333333337,False,False,False
خس‌خس کرد,3,0,True,True,کرد,0.0,1.0,False,False,False
خشک کرد,3,2,False,True,کرد,0.6666666666666666,0.33333333333333337,False,False,False
پختگی کرد,3,0,True,True,کرد,0.0,1.0,False,False,False
پایان داد,3,0,True,True,داد,0.0,1.0,False,False,False
تصویب شد,3,0,True,True,شد,0.0,1.0,False,False,False
استخدام کرد,3,3,True,True,کرد,1.0,0.0,False,False,False
شهرت کرد,3,0,True,True,کرد,0.0,1.0,False,False,False
بهره برد,3,0,True,True,برد,0.0,1.0,False,False,False
قانع کرد,3,3,False,True,کرد,1.0,0.0,False,False,False
حکم راند,3,0,True,True,راند,0.0,1.0,False,False,False
پربرکت کرد,3,3,False,True,کرد,1.0,0.0,False,False,False
پرخاش کرد,3,0,True,True,کرد,0.0,1.0,False,False,False
پرس شد,3,0,True,True,شد,0.0,1.0,False,False,False
تصویربرداری کرد,3,2,True,True,کرد,0.6666666666666666,0.33333333333333337,False,False,False
ختم شد,3,0,True,True,شد,0.0,1.0,False,False,False
قائل شد,3,2,True,True,شد,0.6666666666666666,0.33333333333333337,False,False,False
شیر داد,3,0,True,True,داد,0.0,1.0,False,False,False
شک کرد,3,0,True,True,کرد,0.0,1.0,False,False,False
خارش کرد,3,0,True,True,کرد,0.0,1.0,False,False,False
حوصله کرد,3,0,True,True,کرد,0.0,1.0,False,False,False
ارجاع کرد,3,0,True,True,کرد,0.0,1.0,False,False,False
بانکداری کرد,3,0,True,True,کرد,0.0,1.0,False,False,False
عودت کرد,3,0,True,True,کرد,0.0,1.0,False,False,False
علم‌آموزی کرد,3,0,True,True,کرد,0.0,1.0,False,False,False
مرحمت فرمود,3,2,True,True,فرمود,0.6666666666666666,0.33333333333333337,False,False,False
سر برید,3,0,True,True,برید,0.0,1.0,False,False,False
غر زد,3,0,True,True,زد,0.0,1.0,False,False,False
تندنویسی شد,3,0,True,True,شد,0.0,1.0,False,False,False
یاد انداخت,3,3,True,True,انداخت,1.0,0.0,False,False,False
یاد شد,3,0,True,True,شد,0.0,1.0,False,False,False
یراق کرد,2,1,True,True,کرد,0.5,0.5,False,False,False
تنزیل شد,2,0,True,True,شد,0.0,1.0,False,False,False
یاد رفت,2,1,True,True,رفت,0.5,0.5,False,False,False
گیر داد,2,0,True,True,داد,0.0,1.0,False,False,False
آزاد گذاشت,2,2,False,True,گذاشت,1.0,0.0,False,False,False
گول زد,2,2,True,True,زد,1.0,0.0,False,False,False
گمان رفت,2,0,True,True,رفت,0.0,1.0,False,False,False
تندروی شد,2,0,True,True,شد,0.0,1.0,False,False,False
تند کرد,2,1,False,True,کرد,0.5,0.5,False,False,False
عنوان شد,2,0,True,True,شد,0.0,1.0,False,False,False
آشکارسازی شد,2,0,True,True,شد,0.0,1.0,False,False,False
آغاز,2,1,False,False,,0.5,0.5,False,False,False
آسان کرد,2,2,False,True,کرد,1.0,0.0,False,False,False
تهیه نمود,2,2,True,True,نمود,1.0,0.0,False,False,False
تنگ کرد,2,2,False,True,کرد,1.0,0.0,False,False,False
آسود,2,1,False,False,,0.5,0.5,False,False,False
گمان برد,2,0,True,True,برد,0.0,1.0,False,False,False
تأسیس کرد,2,0,True,True,کرد,0.0,1.0,False,False,False
سر کشید,2,2,True,True,کشید,1.0,0.0,False,False,False
مداخله شد,2,0,True,True,شد,0.0,1.0,False,False,False
مدارا کرد,2,0,True,True,کرد,0.0,1.0,False,False,False
سازمان‌دهی کرد,2,2,True,True,کرد,1.0,0.0,False,False,False
مشیت شد,2,0,True,True,شد,0.0,1.0,False,False,False
ساقط کرد,2,2,False,True,کرد,1.0,0.0,False,False,False
سال کرد,2,0,False,True,کرد,0.0,1.0,False,False,False
انتظار رفت,2,0,True,True,رفت,0.0,1.0,False,False,False
استعمال شد,2,0,True,True,شد,0.0,1.0,False,False,False
استغفار نمود,2,0,True,True,نمود,0.0,1.0,False,False,False
پرت شد,2,0,True,True,شد,0.0,1.0,False,False,False
پرده‌دری شد,2,0,True,True,شد,0.0,1.0,False,False,False
پذیرایی نمود,2,0,True,True,نمود,0.0,1.0,False,False,False
تصویرپردازی شد,2,0,True,True,شد,0.0,1.0,False,False,False
خبر کرد,2,2,True,True,کرد,1.0,0.0,False,False,False
خاتمه یافت,2,0,True,True,یافت,0.0,1.0,False,False,False
خارج ساخت,2,2,False,True,ساخت,1.0,0.0,False,False,False
قبول شد,2,0,True,True,شد,0.0,1.0,False,False,False
قبول نمود,2,1,True,True,نمود,0.5,0.5,False,False,False
خارج شد,2,0,True,True,شد,0.0,1.0,False,False,False
پرهیز شد,2,0,True,True,شد,0.0,1.0,False,False,False
پرورش یافت,2,0,True,True,یافت,0.0,1.0,False,False,False
حک شد,2,0,True,True,شد,0.0,1.0,False,False,False
ارج نهاد,2,0,True,True,نهاد,0.0,1.0,False,False,False
قاطی کرد,2,1,False,True,کرد,0.5,0.5,False,False,False
پس گرفت,2,2,True,True,گرفت,1.0,0.0,False,False,False
ارضا شد,2,0,True,True,شد,0.0,1.0,False,False,False
استثمار شد,2,0,True,True,شد,0.0,1.0,False,False,False
ارائه نمود,2,1,True,True,نمود,0.5,0.5,False,False,False
خاطر داشت,2,2,True,True,داشت,1.0,0.0,False,False,False
خاطرنشان داشت,2,2,True,True,داشت,1.0,0.0,False,False,False
خاطرنشان کرد,2,0,True,True,کرد,0.0,1.0,False,False,False
تطبیق نمود,2,2,True,True,نمود,1.0,0.0,False,False,False
ارزش‌گذاری شد,2,0,True,True,شد,0.0,1.0,False,False,False
پناه داد,2,0,True,True,داد,0.0,1.0,False,False,False
اذیت شد,2,0,True,True,شد,0.0,1.0,False,False,False
حمله شد,2,0,True,True,شد,0.0,1.0,False,False,False
حفظ نمود,2,2,True,True,نمود,1.0,0.0,False,False,False
بهره‌برداری نمود,2,0,True,True,نمود,0.0,1.0,False,False,False
استخراج نمود,2,2,True,True,نمود,1.0,0.0,False,False,False
حقنه کرد,2,1,True,True,کرد,0.5,0.5,False,False,False
صبح کرد,2,0,False,True,کرد,0.0,1.0,False,False,False
شیفته کرد,2,1,False,True,کرد,0.5,0.5,False,False,False
تعلل ورزید,2,0,True,True,ورزید,0.0,1.0,False,False,False
حسد ورزید,2,0,True,True,ورزید,0.0,1.0,False,False,False
ادبار کرد,2,0,True,True,کرد,0.0,1.0,False,False,False
اراده فرمود,2,1,True,True,فرمود,0.5,0.5,False,False,False
اخذ کرد,2,2,True,True,کرد,1.0,0.0,False,False,False
اخراج شد,2,0,True,True,شد,0.0,1.0,False,False,False
پیاده‌روی کرد,2,0,True,True,کرد,0.0,1.0,False,False,False
بهره‌جویی کرد,2,0,True,True,کرد,0.0,1.0,False,False,False
خریداری شد,2,0,True,True,شد,0.0,1.0,False,False,False
پایه‌گذاری شد,2,0,True,True,شد,0.0,1.0,False,False,False
بهانه‌جویی شد,2,0,True,True,شد,0.0,1.0,False,False,False
بهبود بخشید,2,2,True,True,بخشید,1.0,0.0,False,False,False
بهره جست,2,0,True,True,جست,0.0,1.0,False,False,False
حال کرد,2,0,True,True,کرد,0.0,1.0,False,False,False
پیدا نمود,2,2,True,True,نمود,1.0,0.0,False,False,False
باور شد,2,0,True,True,شد,0.0,1.0,False,False,False
پیش برد,2,2,True,True,برد,1.0,0.0,False,False,False
اداره شد,2,0,True,True,شد,0.0,1.0,False,False,False
حفاری شد,2,0,True,True,شد,0.0,1.0,False,False,False
اختیار گذاشت,2,1,False,True,گذاشت,0.5,0.5,False,False,False
ادا نمود,2,2,True,True,نمود,1.0,0.0,False,False,False
بخار شد,2,0,True,True,شد,0.0,1.0,False,False,False
شروع نمود,2,1,True,True,نمود,0.5,0.5,False,False,False
خلاقیت کرد,2,0,True,True,کرد,0.0,1.0,False,False,False
خط کرد,2,2,True,True,کرد,1.0,0.0,False,False,False
خروش آمد,2,0,True,True,آمد,0.0,1.0,False,False,False
باطل کرد,2,2,False,True,کرد,1.0,0.0,False,False,False
باغبان کرد,2,1,True,True,کرد,0.5,0.5,False,False,False
شهادت داد,2,0,True,True,داد,0.0,1.0,False,False,False
بازپس گرفت,2,2,True,True,گرفت,1.0,0.0,False,False,False
شرک ورزید,2,0,True,True,ورزید,0.0,1.0,False,False,False
شرکت نمود,2,0,True,True,نمود,0.0,1.0,False,False,False
شعار داد,2,0,True,True,داد,0.0,1.0,False,False,False
خندانید,2,2,False,False,,1.0,0.0,False,False,False
خنده گرفت,2,0,True,True,گرفت,0.0,1.0,False,False,False
تشکیل کرد,2,0,True,True,کرد,0.0,1.0,False,False,False
تشییع شد,2,0,True,True,شد,0.0,1.0,False,False,False
پاس داد,2,1,True,True,داد,0.5,0.5,False,False,False
پاسخ‌گویی شد,2,0,True,True,شد,0.0,1.0,False,False,False
صورت کرد,2,0,True,True,کرد,0.0,1.0,False,False,False
حرص خورد,2,0,True,True,خورد,0.0,1.0,False,False,False
تعویض شد,2,0,True,True,شد,0.0,1.0,False,False,False
تعلیم کرد,2,0,True,True,کرد,0.0,1.0,False,False,False
جهانی کرد,2,2,False,True,کرد,1.0,0.0,False,False,False
حاضر کرد,2,1,False,True,کرد,0.5,0.5,False,False,False
لحیم شد,2,0,True,True,شد,0.0,1.0,False,False,False
شب‌زنده‌داری کرد,2,0,True,True,کرد,0.0,1.0,False,False,False
بودجه‌بندی شد,2,0,True,True,شد,0.0,1.0,False,False,False
تصحیح نمود,2,2,True,True,نمود,1.0,0.0,False,False,False
وسعت داد,2,1,True,True,داد,0.5,0.5,False,False,False
وسعت یافت,2,0,True,True,یافت,0.0,1.0,False,False,False
پا نشست,2,0,True,True,نشست,0.0,1.0,False,False,False
پارتیشن‌بندی شد,2,0,True,True,شد,0.0,1.0,False,False,False
وقف نمود,2,2,False,True,نمود,1.0,0.0,False,False,False
قضا کرد,2,1,True,True,کرد,0.5,0.5,False,False,False
قهر کرد,2,0,False,True,کرد,0.0,1.0,False,False,False
استمهال شد,2,0,True,True,شد,0.0,1.0,False,False,False
خوار کرد,2,2,False,True,کرد,1.0,0.0,False,False,False
قفل شد,2,0,True,True,شد,0.0,1.0,False,False,False
بازنمایی شد,2,0,True,True,شد,0.0,1.0,False,False,False
بازنویسی کرد,2,2,True,True,کرد,1.0,0.0,False,False,False
قیمت گذارد,2,0,True,True,گذارد,0.0,1.0,False,False,False
حاکم کرد,2,2,False,True,کرد,1.0,0.0,False,False,False
فروپاشی کرد,2,0,True,True,کرد,0.0,1.0,False,False,False
بت‌پرستی کرد,2,0,True,True,کرد,0.0,1.0,False,False,False
بغل کرد,2,2,True,True,کرد,1.0,0.0,False,False,False
چراغانی کرد,2,2,False,True,کرد,1.0,0.0,False,False,False
اجیر کرد,2,2,False,True,کرد,1.0,0.0,False,False,False
احترام کرد,2,0,True,True,کرد,0.0,1.0,False,False,False
اجتناب شد,2,0,True,True,شد,0.0,1.0,False,False,False
چشم پوشید,2,0,True,True,پوشید,0.0,1.0,False,False,False
جمع‌آوری شد,2,0,True,True,شد,0.0,1.0,False,False,False
تعیین شد,2,0,True,True,شد,0.0,1.0,False,False,False
جعل کرد,2,1,True,True,کرد,0.5,0.5,False,False,False
جلوه داد,2,2,True,True,داد,1.0,0.0,False,False,False
بازگو شد,2,0,True,True,شد,0.0,1.0,False,False,False
قل خورد,2,0,True,True,خورد,0.0,1.0,False,False,False
درگیر کرد,2,2,False,True,کرد,1.0,0.0,False,False,False
دریافت نمود,2,2,True,True,نمود,1.0,0.0,False,False,False
تسخیر شد,2,0,True,True,شد,0.0,1.0,False,False,False
درد آورد,2,2,True,True,آورد,1.0,0.0,False,False,False
هموار ساخت,2,2,False,True,ساخت,1.0,0.0,False,False,False
اسهال شد,2,0,True,True,شد,0.0,1.0,False,False,False
وا کرد,2,2,False,True,کرد,1.0,0.0,False,False,False
لاپوشانی شد,2,0,True,True,شد,0.0,1.0,False,False,False
شامل کرد,2,2,False,True,کرد,1.0,0.0,False,False,False
واریز شد,2,0,True,True,شد,0.0,1.0,False,False,False
واریز کرد,2,2,True,True,کرد,1.0,0.0,False,False,False
وانمود کرد,2,2,True,True,کرد,1.0,0.0,False,False,False
واژگون کرد,2,2,False,True,کرد,1.0,0.0,False,False,False
اسیر کرد,2,2,False,True,کرد,1.0,0.0,False,False,False
خیال کرد,2,1,True,True,کرد,0.5,0.5,False,False,False
خودستایی کرد,2,0,True,True,کرد,0.0,1.0,False,False,False
همزمانی کرد,2,0,True,True,کرد,0.0,1.0,False,False,False
اضافه شد,2,0,True,True,شد,0.0,1.0,False,False,False
لجام شد,2,0,True,True,شد,0.0,1.0,False,False,False
جلوگیری شد,2,0,True,True,شد,0.0,1.0,False,False,False
بخیه شد,2,0,True,True,شد,0.0,1.0,False,False,False
جریان کرد,2,0,True,True,کرد,0.0,1.0,False,False,False
جسارت شد,2,0,True,True,شد,0.0,1.0,False,False,False
کادربندی کرد,2,2,True,True,کرد,1.0,0.0,False,False,False
کار آمد,2,0,True,True,آمد,0.0,1.0,False,False,False
تفوق کرد,2,0,True,True,کرد,0.0,1.0,False,False,False
جای‌گیری شد,2,0,True,True,شد,0.0,1.0,False,False,False
بسیج شد,2,0,True,True,شد,0.0,1.0,False,False,False
بعید نمود,2,0,False,True,نمود,0.0,1.0,False,False,False
سپری شد,2,0,True,True,شد,0.0,1.0,False,False,False
دست‌مالی کرد,2,1,True,True,کرد,0.5,0.5,False,False,False
ترور شد,2,0,True,True,شد,0.0,1.0,False,False,False
دلبری کرد,2,0,True,True,کرد,0.0,1.0,False,False,False
نگهداری شد,2,0,True,True,شد,0.0,1.0,False,False,False
اطلاع‌رسانی کرد,2,0,True,True,کرد,0.0,1.0,False,False,False
لعن کرد,2,2,True,True,کرد,1.0,0.0,False,False,False
بارگذاری شد,2,0,True,True,شد,0.0,1.0,False,False,False
سکونت داشت,2,0,True,True,داشت,0.0,1.0,False,False,False
بیش کرد,2,1,False,True,کرد,0.5,0.5,False,False,False
اطلاق شد,2,0,True,True,شد,0.0,1.0,False,False,False
اطلاق گرفت,2,0,True,True,گرفت,0.0,1.0,False,False,False
اطمینان داشت,2,0,True,True,داشت,0.0,1.0,False,False,False
هم خورد,2,1,True,True,خورد,0.5,0.5,False,False,False
هدایت شد,2,0,True,True,شد,0.0,1.0,False,False,False
دعوت شد,2,0,True,True,شد,0.0,1.0,False,False,False
ترقی داشت,2,0,True,True,داشت,0.0,1.0,False,False,False
ترک شد,2,0,True,True,شد,0.0,1.0,False,False,False
همراه کرد,2,1,False,True,کرد,0.5,0.5,False,False,False
مأمور نمود,2,2,False,True,نمود,1.0,0.0,False,False,False
طبخ کرد,2,2,True,True,کرد,1.0,0.0,False,False,False
طلب نمود,2,1,True,True,نمود,0.5,0.5,False,False,False
جبران نمود,2,0,True,True,نمود,0.0,1.0,False,False,False
جداسازی شد,2,0,True,True,شد,0.0,1.0,False,False,False
جانشین کرد,2,2,False,True,کرد,1.0,0.0,False,False,False
جانمایی شد,2,0,True,True,شد,0.0,1.0,False,False,False
جان‌فشانی شد,2,0,True,True,شد,0.0,1.0,False,False,False
کتابت شد,2,0,True,True,شد,0.0,1.0,False,False,False
کتمان کرد,2,2,False,True,کرد,1.0,0.0,False,False,False
مأمور کرد,2,2,False,True,کرد,1.0,0.0,False,False,False
لو داد,2,2,True,True,داد,1.0,0.0,False,False,False
لک زد,2,1,True,True,زد,0.5,0.5,False,False,False
اغفال شد,2,0,True,True,شد,0.0,1.0,False,False,False
دل سوزاند,2,0,True,True,سوزاند,0.0,1.0,False,False,False
دل کرد,2,0,True,True,کرد,0.0,1.0,False,False,False
فراهم نمود,2,2,False,True,نمود,1.0,0.0,False,False,False
تقدیر شد,2,0,True,True,شد,0.0,1.0,False,False,False
تقرب ورزید,2,0,True,True,ورزید,0.0,1.0,False,False,False
جای گرفت,2,0,True,True,گرفت,0.0,1.0,False,False,False
جاسازی شد,2,0,True,True,شد,0.0,1.0,False,False,False
تقویت شد,2,0,True,True,شد,0.0,1.0,False,False,False
طپید,2,0,False,False,,0.0,1.0,False,False,False
دنبال آمد,2,0,True,True,آمد,0.0,1.0,False,False,False
دنبال شد,2,0,True,True,شد,0.0,1.0,False,False,False
بارانداز شد,2,0,True,True,شد,0.0,1.0,False,False,False
بازبینی شد,2,0,True,True,شد,0.0,1.0,False,False,False
نقض کرد,2,1,True,True,کرد,0.5,0.5,False,False,False
دهشت کرد,2,0,True,True,کرد,0.0,1.0,False,False,False
تر کرد,2,2,False,True,کرد,1.0,0.0,False,False,False
دفع کرد,2,1,True,True,کرد,0.5,0.5,False,False,False
لم داد,2,0,True,True,داد,0.0,1.0,False,False,False
ندیده گرفت,2,2,True,True,گرفت,1.0,0.0,False,False,False
القا نمود,2,1,True,True,نمود,0.5,0.5,False,False,False
تحریک شد,2,0,True,True,شد,0.0,1.0,False,False,False
افسوس خورد,2,0,True,True,خورد,0.0,1.0,False,False,False
نصیب شد,2,0,True,True,شد,0.0,1.0,False,False,False
راضی کرد,2,2,False,True,کرد,1.0,0.0,False,False,False
رؤیت شد,2,0,True,True,شد,0.0,1.0,False,False,False
نفس زد,2,0,True,True,زد,0.0,1.0,False,False,False
تذکر داد,2,1,True,True,داد,0.5,0.5,False,False,False
دور نمود,2,1,False,True,نمود,0.5,0.5,False,False,False
دوستی ورزید,2,0,True,True,ورزید,0.0,1.0,False,False,False
دوا کرد,2,2,True,True,کرد,1.0,0.0,False,False,False
نقل شد,2,0,True,True,شد,0.0,1.0,False,False,False
نم زد,2,1,True,True,زد,0.5,0.5,False,False,False
فاصله‌گذاری شد,2,0,True,True,شد,0.0,1.0,False,False,False
فایل شد,2,0,True,True,شد,0.0,1.0,False,False,False
نامزد شد,2,0,True,True,شد,0.0,1.0,False,False,False
نام‌گذاری شد,2,0,True,True,شد,0.0,1.0,False,False,False
فحاشی کرد,2,0,True,True,کرد,0.0,1.0,False,False,False
ابراز شد,2,0,True,True,شد,0.0,1.0,False,False,False
جا داشت,2,0,True,True,داشت,0.0,1.0,False,False,False
تیم کرد,2,0,True,True,کرد,0.0,1.0,False,False,False
آگاه ساخت,2,2,False,True,ساخت,1.0,0.0,False,False,False
ثبت شد,2,0,True,True,شد,0.0,1.0,False,False,False
تقلا داشت,2,0,True,True,داشت,0.0,1.0,False,False,False
آن کرد,2,2,False,True,کرد,1.0,0.0,False,False,False
کنار گذارد,2,2,True,True,گذارد,1.0,0.0,False,False,False
رسته‌بندی کرد,2,2,True,True,کرد,1.0,0.0,False,False,False
مبعوث کرد,2,2,False,True,کرد,1.0,0.0,False,False,False
ماچ کرد,2,1,True,True,کرد,0.5,0.5,False,False,False
مایه گذارد,2,0,True,True,گذارد,0.0,1.0,False,False,False
نجات بخشید,2,1,True,True,بخشید,0.5,0.5,False,False,False
مباحثه نمود,2,0,True,True,نمود,0.0,1.0,False,False,False
مأیوس کرد,2,1,False,True,کرد,0.5,0.5,False,False,False
متهم ساخت,2,2,False,True,ساخت,1.0,0.0,False,False,False
مبادله شد,2,0,True,True,شد,0.0,1.0,False,False,False
بی‌بندوباری کرد,2,0,True,True,کرد,0.0,1.0,False,False,False
نائل شد,2,0,True,True,شد,0.0,1.0,False,False,False
ناامید کرد,2,2,False,True,کرد,1.0,0.0,False,False,False
نابود ساخت,2,2,False,True,ساخت,1.0,0.0,False,False,False
رقابت کرد,2,0,True,True,کرد,0.0,1.0,False,False,False
رقص کرد,2,0,True,True,کرد,0.0,1.0,False,False,False
رشک برد,2,0,True,True,برد,0.0,1.0,False,False,False
رعایت شد,2,0,True,True,شد,0.0,1.0,False,False,False
رعایت نمود,2,0,True,True,نمود,0.0,1.0,False,False,False
تحسین کرد,2,2,True,True,کرد,1.0,0.0,False,False,False
تحصیل کرد,2,0,True,True,کرد,0.0,1.0,False,False,False
تحقق بخشید,2,1,True,True,بخشید,0.5,0.5,False,False,False
تلف کرد,2,2,True,True,کرد,1.0,0.0,False,False,False
بزرگی کرد,2,0,True,True,کرد,0.0,1.0,False,False,False
فاش ساخت,2,2,False,True,ساخت,1.0,0.0,False,False,False
ظاهر گشت,2,0,True,True,گشت,0.0,1.0,False,False,False
برکنار کرد,2,2,False,True,کرد,1.0,0.0,False,False,False
کوتاه کرد,2,2,False,True,کرد,1.0,0.0,False,False,False
آوانگاری شد,2,0,True,True,شد,0.0,1.0,False,False,False
آویزان کرد,2,1,False,True,کرد,0.5,0.5,False,False,False
تکثیر شد,2,0,True,True,شد,0.0,1.0,False,False,False
تکرار شد,2,0,True,True,شد,0.0,1.0,False,False,False
بذله‌گویی کرد,2,0,True,True,کرد,0.0,1.0,False,False,False
اکران شد,2,0,True,True,شد,0.0,1.0,False,False,False
متصل کرد,2,2,False,True,کرد,1.0,0.0,False,False,False
امانت گذارد,2,2,True,True,گذارد,1.0,0.0,False,False,False
میان برد,2,1,True,True,برد,0.5,0.5,False,False,False
موکول کرد,2,2,False,True,کرد,1.0,0.0,False,False,False
عزل کرد,2,1,True,True,کرد,0.5,0.5,False,False,False
بزرگ کرد,2,2,False,True,کرد,1.0,0.0,False,False,False
آموزاند,2,1,False,False,,0.5,0.5,False,False,False
تمایز گذارد,2,0,True,True,گذارد,0.0,1.0,False,False,False
تودیع شد,2,0,True,True,شد,0.0,1.0,False,False,False
کوه‌پیمایی کرد,2,0,True,True,کرد,0.0,1.0,False,False,False
کوچک کرد,2,2,False,True,کرد,1.0,0.0,False,False,False
آشکار کرد,2,2,False,True,کرد,1.0,0.0,False,False,False
آماده ساخت,2,2,False,True,ساخت,1.0,0.0,False,False,False
غسل کرد,2,0,True,True,کرد,0.0,1.0,False,False,False
روانکاوی کرد,2,2,True,True,کرد,1.0,0.0,False,False,False
رهایی یافت,2,0,True,True,یافت,0.0,1.0,False,False,False
رهبری شد,2,0,True,True,شد,0.0,1.0,False,False,False
رهنمون کرد,2,2,True,True,کرد,1.0,0.0,False,False,False
رو انداخت,2,0,True,True,انداخت,0.0,1.0,False,False,False
تجاوز شد,2,0,True,True,شد,0.0,1.0,False,False,False
محاکمه شد,2,0,True,True,شد,0.0,1.0,False,False,False
سرگرم کرد,2,2,False,True,کرد,1.0,0.0,False,False,False
تب کرد,2,0,True,True,کرد,0.0,1.0,False,False,False
روایت شد,2,0,True,True,شد,0.0,1.0,False,False,False
روبرو کرد,2,0,False,True,کرد,0.0,1.0,False,False,False
منظور شد,2,0,True,True,شد,0.0,1.0,False,False,False
منصوب کرد,2,2,False,True,کرد,1.0,0.0,False,False,False
روزنه کرد,2,0,True,True,کرد,0.0,1.0,False,False,False
سرپیچی نمود,2,0,True,True,نمود,0.0,1.0,False,False,False
رو گذاشت,2,0,True,True,گذاشت,0.0,1.0,False,False,False
مهیا کرد,2,2,False,True,کرد,1.0,0.0,False,False,False
امتیازبندی شد,2,0,True,True,شد,0.0,1.0,False,False,False
امدادرسانی شد,2,0,True,True,شد,0.0,1.0,False,False,False
منزل داشت,2,0,True,True,داشت,0.0,1.0,False,False,False
منزل کرد,2,0,True,True,کرد,0.0,1.0,False,False,False
امر شد,2,0,True,True,شد,0.0,1.0,False,False,False
معنا شد,2,0,True,True,شد,0.0,1.0,False,False,False
مقرر کرد,2,2,False,True,کرد,1.0,0.0,False,False,False
امساک داشت,2,0,True,True,داشت,0.0,1.0,False,False,False
برتری داد,2,2,True,True,داد,1.0,0.0,False,False,False
برخورد نمود,2,0,True,True,نمود,0.0,1.0,False,False,False
گرفتار ساخت,2,2,False,True,ساخت,1.0,0.0,False,False,False
گذر کرد,2,0,True,True,کرد,0.0,1.0,False,False,False
توصیف شد,2,0,True,True,شد,0.0,1.0,False,False,False
توفان شد,2,0,True,True,شد,0.0,1.0,False,False,False
توجه نمود,2,0,True,True,نمود,0.0,1.0,False,False,False
ته نشست,2,0,True,True,نشست,0.0,1.0,False,False,False
تهدید نمود,2,1,True,True,نمود,0.5,0.5,False,False,False
عزیز داشت,2,2,False,True,داشت,1.0,0.0,False,False,False
مجاور کرد,2,2,False,True,کرد,1.0,0.0,False,False,False
محاسبه شد,2,0,True,True,شد,0.0,1.0,False,False,False
محافظت شد,2,0,True,True,شد,0.0,1.0,False,False,False
زن گرفت,2,0,True,True,گرفت,0.0,1.0,False,False,False
زندانی کرد,2,2,False,True,کرد,1.0,0.0,False,False,False
معالجه شد,2,0,True,True,شد,0.0,1.0,False,False,False
انباشته کرد,2,2,False,True,کرد,1.0,0.0,False,False,False
انبوه‌سازی شد,2,0,True,True,شد,0.0,1.0,False,False,False
زهد ورزید,2,0,True,True,ورزید,0.0,1.0,False,False,False
انتظار داشت,2,1,True,True,داشت,0.5,0.5,False,False,False
معرفی فرمود,2,2,True,True,فرمود,1.0,0.0,False,False,False
زخمی ساخت,2,2,False,True,ساخت,1.0,0.0,False,False,False
زبان گشود,2,0,True,True,گشود,0.0,1.0,False,False,False
اهمیت داد,2,0,True,True,داد,0.0,1.0,False,False,False
معین کرد,2,2,False,True,کرد,1.0,0.0,False,False,False
مقابله نمود,2,1,True,True,نمود,0.5,0.5,False,False,False
زاد,2,1,False,False,,0.5,0.5,False,False,False
رویاند,2,1,False,False,,0.5,0.5,False,False,False
مقدر کرد,2,0,False,True,کرد,0.0,1.0,False,False,False
انتقاد شد,2,0,True,True,شد,0.0,1.0,False,False,False
محل گذاشت,2,0,True,True,گذاشت,0.0,1.0,False,False,False
غافلگیر کرد,2,1,False,True,کرد,0.5,0.5,False,False,False
غلبه یافت,2,0,True,True,یافت,0.0,1.0,False,False,False
گزارد,2,2,False,False,,1.0,0.0,False,False,False
گزافه‌گویی شد,2,0,True,True,شد,0.0,1.0,False,False,False
گره زد,2,1,True,True,زد,0.5,0.5,False,False,False
عملی ساخت,2,2,False,True,ساخت,1.0,0.0,False,False,False
عطا فرمود,2,2,True,True,فرمود,1.0,0.0,False,False,False
عیب کرد,2,0,True,True,کرد,0.0,1.0,False,False,False
بی‌مهری شد,2,0,True,True,شد,0.0,1.0,False,False,False
بی‌نزاکتی شد,2,0,True,True,شد,0.0,1.0,False,False,False
سر شد,2,2,True,True,شد,1.0,0.0,False,False,False
مصروف کرد,2,1,False,True,کرد,0.5,0.5,False,False,False
مصلحت دید,2,1,True,True,دید,0.5,0.5,False,False,False
تأکید شد,2,0,True,True,شد,0.0,1.0,False,False,False
برق‌رسانی شد,2,0,True,True,شد,0.0,1.0,False,False,False
_,2,0,False,False,,0.0,1.0,False,False,False
تملک شد,2,0,True,True,شد,0.0,1.0,False,False,False
عوضی گرفت,2,2,False,True,گرفت,1.0,0.0,False,False,False
مساعدت داشت,2,2,False,True,داشت,1.0,0.0,False,False,False
مست شد,2,0,True,True,شد,0.0,1.0,False,False,False
ستوه آمد,2,0,True,True,آمد,0.0,1.0,False,False,False
سانسور کرد,2,2,True,True,کرد,1.0,0.0,False,False,False
اندازه‌گیری شد,2,0,True,True,شد,0.0,1.0,False,False,False
مشخص ساخت,2,2,False,True,ساخت,1.0,0.0,False,False,False
انصاف داد,2,0,True,True,داد,0.0,1.0,False,False,False
مسواک زد,2,1,True,True,زد,0.5,0.5,False,False,False
مشاهده نمود,2,2,True,True,نمود,1.0,0.0,False,False,False
غارت شد,2,0,True,True,شد,0.0,1.0,False,False,False
عفو نمود,2,2,True,True,نمود,1.0,0.0,False,False,False
گشاد کرد,2,2,False,True,کرد,1.0,0.0,False,False,False
بند آمد,2,0,True,True,آمد,0.0,1.0,False,False,False
بالا کشید,2,1,True,True,کشید,0.5,0.5,False,False,False
‌تابید,2,2,False,False,,1.0,0.0,False,False,False
‌شمرد,2,2,False,False,,1.0,0.0,False,False,False
مرقوم شد,2,1,True,True,شد,0.5,0.5,False,False,False
انفاق کرد,2,0,True,True,کرد,0.0,1.0,False,False,False
مراعات شد,2,0,True,True,شد,0.0,1.0,False,False,False
تأویل شد,2,0,True,True,شد,0.0,1.0,False,False,False
سترد,2,1,False,False,,0.5,0.5,False,False,False
مرمت گشت,2,0,True,True,گشت,0.0,1.0,False,False,False
مدح کرد,2,1,True,True,کرد,0.5,0.5,False,False,False
محکم کرد,2,2,False,True,کرد,1.0,0.0,False,False,False
مدل‌برداری شد,2,0,True,True,شد,0.0,1.0,False,False,False
سرد شد,2,0,True,True,شد,0.0,1.0,False,False,False
علامت گذارد,2,1,True,True,گذارد,0.5,0.5,False,False,False
علامت‌گذاری شد,2,0,True,True,شد,0.0,1.0,False,False,False
CSSنویسی کرد,1,0,True,True,کرد,0.0,1.0,False,False,False
آباد کرد,1,1,False,True,کرد,1.0,0.0,False,False,False
آبادی گرفت,1,0,True,True,گرفت,0.0,1.0,False,False,False
آبروداری شد,1,0,True,True,شد,0.0,1.0,False,False,False
آبروریزی کرد,1,0,True,True,کرد,0.0,1.0,False,False,False
آبکی کرد,1,1,False,True,کرد,1.0,0.0,False,False,False
آب‌رسانی شد,1,0,True,True,شد,0.0,1.0,False,False,False
آراماند,1,1,False,False,,1.0,0.0,False,False,False
آرامش یافت,1,0,True,True,یافت,0.0,1.0,False,False,False
آرامید,1,0,False,False,,0.0,1.0,False,False,False
تن داشت,1,1,True,True,داشت,1.0,0.0,False,False,False
تن کرد,1,1,True,True,کرد,1.0,0.0,False,False,False
تنفیذ شد,1,0,True,True,شد,0.0,1.0,False,False,False
تنظیم نمود,1,1,True,True,نمود,1.0,0.0,False,False,False
تنظیم شد,1,0,True,True,شد,0.0,1.0,False,False,False
عنایت فرمود,1,1,True,True,فرمود,1.0,0.0,False,False,False
عمل‌آوری شد,1,0,True,True,شد,0.0,1.0,False,False,False
عملیاتی نمود,1,1,False,True,نمود,1.0,0.0,False,False,False
عکسبرداری کرد,1,0,True,True,کرد,0.0,1.0,False,False,False
عکس داشت,1,0,True,True,داشت,0.0,1.0,False,False,False
عود کرد,1,1,True,True,کرد,1.0,0.0,False,False,False
گیج کرد,1,1,False,True,کرد,1.0,0.0,False,False,False
آرایش شد,1,0,True,True,شد,0.0,1.0,False,False,False
یاری نمود,1,0,True,True,نمود,0.0,1.0,False,False,False
یاری فرمود,1,1,True,True,فرمود,1.0,0.0,False,False,False
یار کرد,1,1,False,True,کرد,1.0,0.0,False,False,False
یادداشت داشت,1,0,True,True,داشت,0.0,1.0,False,False,False
تنزیه کرد,1,0,True,True,کرد,0.0,1.0,False,False,False
مدفون کرد,1,1,False,True,کرد,1.0,0.0,False,False,False
مدعی کرد,1,0,False,True,کرد,0.0,1.0,False,False,False
مراوده شد,1,0,True,True,شد,0.0,1.0,False,False,False
مراقبه کرد,1,0,True,True,کرد,0.0,1.0,False,False,False
مرافعه شد,1,0,True,True,شد,0.0,1.0,False,False,False
مراجعه کند,1,0,True,True,کند,0.0,1.0,False,False,False
مراجعه شد,1,0,True,True,شد,0.0,1.0,False,False,False
مراجعت شد,1,0,True,True,شد,0.0,1.0,False,False,False
مذمت شد,1,0,True,True,شد,0.0,1.0,False,False,False
انکشاف داد,1,1,True,True,داد,1.0,0.0,False,False,False
انکار شد,1,0,True,True,شد,0.0,1.0,False,False,False
انقباض کرد,1,0,True,True,کرد,0.0,1.0,False,False,False
مرقوم فرمود,1,0,True,True,فرمود,0.0,1.0,False,False,False
انعقاد شد,1,0,True,True,شد,0.0,1.0,False,False,False
انعام شد,1,0,True,True,شد,0.0,1.0,False,False,False
تأدیب شد,1,1,True,True,شد,1.0,0.0,False,False,False
انست,1,1,False,False,,1.0,0.0,False,False,False
انسان کرد,1,0,True,True,کرد,0.0,1.0,False,False,False
اندوهگین کرد,1,1,False,True,کرد,1.0,0.0,False,False,False
اندوخته شد,1,0,True,True,شد,0.0,1.0,False,False,False
مرزبندی شد,1,0,True,True,شد,0.0,1.0,False,False,False
مرد کرد,1,0,True,True,کرد,0.0,1.0,False,False,False
ستم ورزید,1,0,True,True,ورزید,0.0,1.0,False,False,False
ستم نمود,1,0,True,True,نمود,0.0,1.0,False,False,False
ستم شد,1,0,True,True,شد,0.0,1.0,False,False,False
تأمین گردید,1,0,True,True,گردید,0.0,1.0,False,False,False
سخنوری کرد,1,0,True,True,کرد,0.0,1.0,False,False,False
سخت گرفت,1,0,False,True,گرفت,0.0,1.0,False,False,False
سخت کرد,1,1,False,True,کرد,1.0,0.0,False,False,False
تأدیه شد,1,0,True,True,شد,0.0,1.0,False,False,False
مرخص کرد,1,1,False,True,کرد,1.0,0.0,False,False,False
مرثیه‌سرایی شد,1,0,True,True,شد,0.0,1.0,False,False,False
مزین کرد,1,0,False,True,کرد,0.0,1.0,False,False,False
سرشار کرد,1,1,False,True,کرد,1.0,0.0,False,False,False
سرسختی کرد,1,0,True,True,کرد,0.0,1.0,False,False,False
سرزنش شد,1,0,True,True,شد,0.0,1.0,False,False,False
مذاکره شد,1,0,True,True,شد,0.0,1.0,False,False,False
مدیحه‌سرایی شد,1,0,True,True,شد,0.0,1.0,False,False,False
مدون کرد,1,1,False,True,کرد,1.0,0.0,False,False,False
محکم‌کاری شد,1,0,True,True,شد,0.0,1.0,False,False,False
محکم ساخت,1,1,False,True,ساخت,1.0,0.0,False,False,False
مدرسه‌سازی شد,1,0,True,True,شد,0.0,1.0,False,False,False
مدرسه کرد,1,1,False,True,کرد,1.0,0.0,False,False,False
مداومت شد,1,0,True,True,شد,0.0,1.0,False,False,False
مزه‌مزه شد,1,0,True,True,شد,0.0,1.0,False,False,False
مزمزه شد,1,0,True,True,شد,0.0,1.0,False,False,False
مزاح شد,1,0,True,True,شد,0.0,1.0,False,False,False
مرکز داشت,1,0,False,True,داشت,0.0,1.0,False,False,False
مسترد شد,1,0,True,True,شد,0.0,1.0,False,False,False
مشتعل کرد,1,1,False,True,کرد,1.0,0.0,False,False,False
مشتبه کرد,1,0,False,True,کرد,0.0,1.0,False,False,False
اندوخت,1,1,False,False,,1.0,0.0,False,False,False
سبز زد,1,0,False,True,زد,0.0,1.0,False,False,False
سایید,1,1,False,False,,1.0,0.0,False,False,False
ساماندهی کرد,1,1,True,True,کرد,1.0,0.0,False,False,False
بی‌نظمی شد,1,0,True,True,شد,0.0,1.0,False,False,False
سحق کرد,1,0,True,True,کرد,0.0,1.0,False,False,False
سجده نمود,1,0,True,True,نمود,0.0,1.0,False,False,False
مستحکم کرد,1,1,False,True,کرد,1.0,0.0,False,False,False
مستأصل کرد,1,1,False,True,کرد,1.0,0.0,False,False,False
مسافرکشی کرد,1,0,True,True,کرد,0.0,1.0,False,False,False
مرتکب کرد,1,0,True,True,کرد,0.0,1.0,False,False,False
مساعدت شد,1,0,True,True,شد,0.0,1.0,False,False,False
مسألت شد,1,0,True,True,شد,0.0,1.0,False,False,False
سر ‌زد,1,0,True,True,‌زد,0.0,1.0,False,False,False
تأسیس نمود,1,1,True,True,نمود,1.0,0.0,False,False,False
مشاهده گردید,1,0,True,True,گردید,0.0,1.0,False,False,False
مشاهده فرمود,1,1,True,True,فرمود,1.0,0.0,False,False,False
مشارکت شد,1,0,True,True,شد,0.0,1.0,False,False,False
انتقاد نمود,1,0,True,True,نمود,0.0,1.0,False,False,False
مشاجره شد,1,0,True,True,شد,0.0,1.0,False,False,False
مسموم کرد,1,1,False,True,کرد,1.0,0.0,False,False,False
مسموم نمود,1,1,False,True,نمود,1.0,0.0,False,False,False
مسلط نمود,1,1,False,True,نمود,1.0,0.0,False,False,False
مسخره کرد,1,1,True,True,کرد,1.0,0.0,False,False,False
مسجل ساخت,1,1,False,True,ساخت,1.0,0.0,False,False,False
مستند کرد,1,1,False,True,کرد,1.0,0.0,False,False,False
مستمر کرد,1,1,False,True,کرد,1.0,0.0,False,False,False
مستقر کرد,1,0,False,True,کرد,0.0,1.0,False,False,False
مستعمره کرد,1,1,False,True,کرد,1.0,0.0,False,False,False
مشاوره شد,1,0,True,True,شد,0.0,1.0,False,False,False
سازماندهی شد,1,0,True,True,شد,0.0,1.0,False,False,False
ساده‌زیستی کرد,1,0,True,True,کرد,0.0,1.0,False,False,False
تأمین نمود,1,1,True,True,نمود,1.0,0.0,False,False,False
تألیف نمود,1,1,True,True,نمود,1.0,0.0,False,False,False
مداوا شد,1,0,True,True,شد,0.0,1.0,False,False,False
مخیر گردانید,1,1,False,True,گردانید,1.0,0.0,False,False,False
مخفی کرد,1,1,False,True,کرد,1.0,0.0,False,False,False
مخصوص کرد,1,1,False,True,کرد,1.0,0.0,False,False,False
مخدوش کرد,1,1,False,True,کرد,1.0,0.0,False,False,False
مختل کرد,1,1,False,True,کرد,1.0,0.0,False,False,False
انعکاس شد,1,0,True,True,شد,0.0,1.0,False,False,False
مخالفت شد,1,0,True,True,شد,0.0,1.0,False,False,False
مخاطب‌سازی شد,1,0,True,True,شد,0.0,1.0,False,False,False
مخاطب ساخت,1,1,False,True,ساخت,1.0,0.0,False,False,False
سرافکنده کرد,1,1,False,True,کرد,1.0,0.0,False,False,False
زینت نمود,1,1,True,True,نمود,1.0,0.0,False,False,False
مصالحه شد,1,0,True,True,شد,0.0,1.0,False,False,False
مصاحبه شد,1,0,True,True,شد,0.0,1.0,False,False,False
مظلوم‌نمایی شد,1,0,True,True,شد,0.0,1.0,False,False,False
مظلوم کرد,1,1,False,True,کرد,1.0,0.0,False,False,False
مطمئن کرد,1,0,False,True,کرد,0.0,1.0,False,False,False
زیست کرد,1,0,True,True,کرد,0.0,1.0,False,False,False
زیرآب زد,1,0,True,True,زد,0.0,1.0,False,False,False
تاب خورد,1,0,True,True,خورد,0.0,1.0,False,False,False
ساماندهی شد,1,0,True,True,شد,0.0,1.0,False,False,False
مشکی‌رنگ کرد,1,1,False,True,کرد,1.0,0.0,False,False,False
مشکل نمود,1,0,False,True,نمود,0.0,1.0,False,False,False
مشورت شد,1,0,True,True,شد,0.0,1.0,False,False,False
مشمول کرد,1,0,False,True,کرد,0.0,1.0,False,False,False
مصلوب کرد,1,1,False,True,کرد,1.0,0.0,False,False,False
مشاوره نمود,1,0,True,True,نمود,0.0,1.0,False,False,False
مصروف شد,1,0,True,True,شد,0.0,1.0,False,False,False
مصرف نمود,1,1,True,True,نمود,1.0,0.0,False,False,False
زیباانگاری کرد,1,0,True,True,کرد,0.0,1.0,False,False,False
زیبا کرد,1,1,False,True,کرد,1.0,0.0,False,False,False
بی‌مقدار کرد,1,1,False,True,کرد,1.0,0.0,False,False,False
بی‌فایده نمود,1,0,False,True,نمود,0.0,1.0,False,False,False
بی‌عدالتی شد,1,0,True,True,شد,0.0,1.0,False,False,False
مخاصمه نمود,1,0,True,True,نمود,0.0,1.0,False,False,False
مخابره شد,1,0,True,True,شد,0.0,1.0,False,False,False
محل ساخت,1,1,False,True,ساخت,1.0,0.0,False,False,False
محقق کرد,1,1,False,True,کرد,1.0,0.0,False,False,False
محفوظ داشت,1,1,False,True,داشت,1.0,0.0,False,False,False
محصور ساخت,1,1,False,True,ساخت,1.0,0.0,False,False,False
محشور نمود,1,1,False,True,نمود,1.0,0.0,False,False,False
زیاد کرد,1,1,False,True,کرد,1.0,0.0,False,False,False
زیپ کرد,1,1,False,True,کرد,1.0,0.0,False,False,False
زور گفت,1,0,True,True,گفت,0.0,1.0,False,False,False
معاف کرد,1,1,False,True,کرد,1.0,0.0,False,False,False
مطمئن ساخت,1,0,False,True,ساخت,0.0,1.0,False,False,False
مطلع کرد,1,0,False,True,کرد,0.0,1.0,False,False,False
مطرح نمود,1,1,False,True,نمود,1.0,0.0,False,False,False
زمین‌گیر کرد,1,0,False,True,کرد,0.0,1.0,False,False,False
تا شد,1,0,True,True,شد,0.0,1.0,False,False,False
تأیید شد,1,0,True,True,شد,0.0,1.0,False,False,False
تأیید داشت,1,1,True,True,داشت,1.0,0.0,False,False,False
تأکید ورزیده‌اند,1,0,True,True,ورزیده‌اند,0.0,1.0,False,False,False
مطالعه شد,1,0,True,True,شد,0.0,1.0,False,False,False
مطالبه گردید,1,0,True,True,گردید,0.0,1.0,False,False,False
مطابقه شد,1,0,True,True,شد,0.0,1.0,False,False,False
مضروب کرد,1,1,False,True,کرد,1.0,0.0,False,False,False
مضایقه شد,1,0,True,True,شد,0.0,1.0,False,False,False
مصلحت‌اندیشی شد,1,0,True,True,شد,0.0,1.0,False,False,False
سرو نمود,1,0,True,True,نمود,0.0,1.0,False,False,False
سرنگون شد,1,0,True,True,شد,0.0,1.0,False,False,False
زادآوری کرد,1,0,True,True,کرد,0.0,1.0,False,False,False
زشت کرد,1,1,False,True,کرد,1.0,0.0,False,False,False
معذرت‌خواهی شد,1,0,True,True,شد,0.0,1.0,False,False,False
معاوضه شد,1,0,True,True,شد,0.0,1.0,False,False,False
مضاربه کرد,1,0,True,True,کرد,0.0,1.0,False,False,False
انتخابات کرد,1,0,True,True,کرد,0.0,1.0,False,False,False
انتخاب گشت,1,0,True,True,گشت,0.0,1.0,False,False,False
انتخاب نمود,1,1,True,True,نمود,1.0,0.0,False,False,False
انتخاب داشت,1,1,True,True,داشت,1.0,0.0,False,False,False
زخم خورد,1,0,True,True,خورد,0.0,1.0,False,False,False
زحمت کشید,1,0,True,True,کشید,0.0,1.0,False,False,False
زجر کشید,1,0,True,True,کشید,0.0,1.0,False,False,False
تاراند,1,1,False,False,,1.0,0.0,False,False,False
تاراج برد,1,1,True,True,برد,1.0,0.0,False,False,False
معطر ساخت,1,1,False,True,ساخت,1.0,0.0,False,False,False
معصیت شد,1,0,True,True,شد,0.0,1.0,False,False,False
معروض کرد,1,0,False,True,کرد,0.0,1.0,False,False,False
معروض ساخت,1,1,False,True,ساخت,1.0,0.0,False,False,False
محسوب گشت,1,0,True,True,گشت,0.0,1.0,False,False,False
محسوب گردید,1,0,True,True,گردید,0.0,1.0,False,False,False
محروم ساخت,1,1,False,True,ساخت,1.0,0.0,False,False,False
اکتشاف شد,1,0,True,True,شد,0.0,1.0,False,False,False
مختل ساخت,1,1,False,True,ساخت,1.0,0.0,False,False,False
مختصر کرد,1,0,False,True,کرد,0.0,1.0,False,False,False
مخالفت ورزید,1,0,True,True,ورزید,0.0,1.0,False,False,False
مخالفت نمود,1,0,True,True,نمود,0.0,1.0,False,False,False
بی‌رحمی شد,1,0,True,True,شد,0.0,1.0,False,False,False
بی‌دقتی کرد,1,0,True,True,کرد,0.0,1.0,False,False,False
بی‌خویشتن نمود,1,1,False,True,نمود,1.0,0.0,False,False,False
سرو کرد,1,1,True,True,کرد,1.0,0.0,False,False,False
مقاومت نمود,1,0,True,True,نمود,0.0,1.0,False,False,False
انتشار یافت,1,0,True,True,یافت,0.0,1.0,False,False,False
مفهوم‌سازی شد,1,0,True,True,شد,0.0,1.0,False,False,False
مفارقت کرد,1,0,True,True,کرد,0.0,1.0,False,False,False
مغلطه شد,1,0,True,True,شد,0.0,1.0,False,False,False
مغالطه شد,1,0,True,True,شد,0.0,1.0,False,False,False
ریزش نمود,1,0,True,True,نمود,0.0,1.0,False,False,False
ریز کرد,1,1,False,True,کرد,1.0,0.0,False,False,False
تبخیر شد,1,0,True,True,شد,0.0,1.0,False,False,False
تاخت برید,1,0,True,True,برید,0.0,1.0,False,False,False
تاثیر گذاشت,1,0,True,True,گذاشت,0.0,1.0,False,False,False
تابلو شد,1,0,True,True,شد,0.0,1.0,False,False,False
مغازله شد,1,0,True,True,شد,0.0,1.0,False,False,False
معیار کرد,1,0,False,True,کرد,0.0,1.0,False,False,False
معاف ساخت,1,1,False,True,ساخت,1.0,0.0,False,False,False
معلق کرد,1,1,False,True,کرد,1.0,0.0,False,False,False
امساک نمود,1,0,True,True,نمود,0.0,1.0,False,False,False
مقدم کرد,1,1,False,True,کرد,1.0,0.0,False,False,False
مقدم نمود,1,1,False,True,نمود,1.0,0.0,False,False,False
ملول کرد,1,0,False,True,کرد,0.0,1.0,False,False,False
ملغی نمود,1,1,False,True,نمود,1.0,0.0,False,False,False
ملایمت کرد,1,0,True,True,کرد,0.0,1.0,False,False,False
ملایم کرد,1,1,False,True,کرد,1.0,0.0,False,False,False
معنی نمود,1,1,True,True,نمود,1.0,0.0,False,False,False
مقدم داشت,1,1,False,True,داشت,1.0,0.0,False,False,False
مقبول آمد,1,0,True,True,آمد,0.0,1.0,False,False,False
مقایسه گشت,1,0,True,True,گشت,0.0,1.0,False,False,False
مقایسه شد,1,0,True,True,شد,0.0,1.0,False,False,False
مقاوم‌سازی شد,1,0,True,True,شد,0.0,1.0,False,False,False
رویین‌تن ساخت,1,1,False,True,ساخت,1.0,0.0,False,False,False
ریشه‌کن کرد,1,1,False,True,کرد,1.0,0.0,False,False,False
ریشه زد,1,0,True,True,زد,0.0,1.0,False,False,False
ملاطفت ورزید,1,0,True,True,ورزید,0.0,1.0,False,False,False
ملاحظه‌کاری کرد,1,0,True,True,کرد,0.0,1.0,False,False,False
ملاحظه نمود,1,1,True,True,نمود,1.0,0.0,False,False,False
مقابلت کرد,1,0,True,True,کرد,0.0,1.0,False,False,False
امضا نمود,1,1,True,True,نمود,1.0,0.0,False,False,False
امضا فرمود,1,0,True,True,فرمود,0.0,1.0,False,False,False
سرگرم داشت,1,1,False,True,داشت,1.0,0.0,False,False,False
سرکوب شد,1,0,True,True,شد,0.0,1.0,False,False,False
محبوس ساخت,1,1,False,True,ساخت,1.0,0.0,False,False,False
محبت شد,1,0,True,True,شد,0.0,1.0,False,False,False
محال ساخت,1,1,False,True,ساخت,1.0,0.0,False,False,False
مجسم شد,1,0,True,True,شد,0.0,1.0,False,False,False
مجری‌گری شد,1,0,True,True,شد,0.0,1.0,False,False,False
مجذوب کرد,1,1,False,True,کرد,1.0,0.0,False,False,False
مجبور نمود,1,1,False,True,نمود,1.0,0.0,False,False,False
مجاهدت ورزید,1,0,True,True,ورزید,0.0,1.0,False,False,False
منت نهاد,1,0,True,True,نهاد,0.0,1.0,False,False,False
ممکن ساخت,1,1,False,True,ساخت,1.0,0.0,False,False,False
ممهور نمود,1,1,False,True,نمود,1.0,0.0,False,False,False
منفجر شد,1,0,True,True,شد,0.0,1.0,False,False,False
منعکس ساخت,1,1,False,True,ساخت,1.0,0.0,False,False,False
منع نمود,1,1,True,True,نمود,1.0,0.0,False,False,False
منع شد,1,0,True,True,شد,0.0,1.0,False,False,False
منظور داشت,1,0,True,True,داشت,0.0,1.0,False,False,False
ملاقات نمود,1,1,True,True,نمود,1.0,0.0,False,False,False
روبه‌رو کرد,1,0,False,True,کرد,0.0,1.0,False,False,False
تبیین نمود,1,1,True,True,نمود,1.0,0.0,False,False,False
تبیین شد,1,0,True,True,شد,0.0,1.0,False,False,False
تباه نمود,1,1,True,True,نمود,1.0,0.0,False,False,False
تایپ شد,1,0,True,True,شد,0.0,1.0,False,False,False
تازاند,1,0,False,False,,0.0,1.0,False,False,False
ملاعبه کرد,1,0,True,True,کرد,0.0,1.0,False,False,False
سرک کشید,1,0,True,True,کشید,0.0,1.0,False,False,False
بی‌نظم کرد,1,0,True,True,کرد,0.0,1.0,False,False,False
بی‌نصیب گذاشت,1,1,False,True,گذاشت,1.0,0.0,False,False,False
سلب شد,1,0,True,True,شد,0.0,1.0,False,False,False
رونق بخشید,1,0,True,True,بخشید,0.0,1.0,False,False,False
روشن نمود,1,1,False,True,نمود,1.0,0.0,False,False,False
روز افتاد,1,0,True,True,افتاد,0.0,1.0,False,False,False
منصوب نمود,1,1,False,True,نمود,1.0,0.0,False,False,False
منصرف کرد,1,1,True,True,کرد,1.0,0.0,False,False,False
منصرف شد,1,0,True,True,شد,0.0,1.0,False,False,False
ملاحظه شد,1,0,True,True,شد,0.0,1.0,False,False,False
منحرف کرد,1,1,False,True,کرد,1.0,0.0,False,False,False
منجر شد,1,0,True,True,شد,0.0,1.0,False,False,False
منتقل نمود,1,1,True,True,نمود,1.0,0.0,False,False,False
منتشر نمود,1,1,True,True,نمود,1.0,0.0,False,False,False
منتسب کرد,1,1,False,True,کرد,1.0,0.0,False,False,False
روانه شد,1,0,True,True,شد,0.0,1.0,False,False,False
روانه ساخت,1,1,False,True,ساخت,1.0,0.0,False,False,False
رواج یافت,1,0,True,True,یافت,0.0,1.0,False,False,False
روا کرد,1,1,False,True,کرد,1.0,0.0,False,False,False
روا ساخت,1,1,False,True,ساخت,1.0,0.0,False,False,False
ایراد گرفت,1,0,True,True,گرفت,0.0,1.0,False,False,False
ایجاد گشت,1,0,True,True,گشت,0.0,1.0,False,False,False
اهلی کرد,1,1,False,True,کرد,1.0,0.0,False,False,False
اهدا شد,1,1,True,True,شد,1.0,0.0,False,False,False
اهتمام شد,1,0,True,True,شد,0.0,1.0,False,False,False
انگشت‌نگاری شد,1,0,True,True,شد,0.0,1.0,False,False,False
انگشت زد,1,0,True,True,زد,0.0,1.0,False,False,False
محدود ساخت,1,1,False,True,ساخت,1.0,0.0,False,False,False
بی‌شرافتی کرد,1,0,True,True,کرد,0.0,1.0,False,False,False
اکرام شد,1,0,True,True,شد,0.0,1.0,False,False,False
اکتفا کرد,1,0,True,True,کرد,0.0,1.0,False,False,False
متعهد ساخت,1,1,False,True,ساخت,1.0,0.0,False,False,False
متعجب ساخت,1,1,False,True,ساخت,1.0,0.0,False,False,False
تبدیل گشت,1,0,True,True,گشت,0.0,1.0,False,False,False
مهربانی نمود,1,0,True,True,نمود,0.0,1.0,False,False,False
مونولوگ کرد,1,0,True,True,کرد,0.0,1.0,False,False,False
موعظه فرمود,1,1,True,True,فرمود,1.0,0.0,False,False,False
منشعب کرد,1,1,False,True,کرد,1.0,0.0,False,False,False
منزل گزید,1,0,True,True,گزید,0.0,1.0,False,False,False
امداد شد,1,0,True,True,شد,0.0,1.0,False,False,False
منکر کرد,1,1,False,True,کرد,1.0,0.0,False,False,False
منور ساخت,1,1,False,True,ساخت,1.0,0.0,False,False,False
منهدم ساخت,1,1,False,True,ساخت,1.0,0.0,False,False,False
منقاد کرد,1,0,False,True,کرد,0.0,1.0,False,False,False
منفور داشت,1,0,False,True,داشت,0.0,1.0,False,False,False
مواجهه شد,1,0,True,True,شد,0.0,1.0,False,False,False
مواجه ساخت,1,1,False,True,ساخت,1.0,0.0,False,False,False
مهمان کرد,1,1,False,True,کرد,1.0,0.0,False,False,False
رهنما کرد,1,1,True,True,کرد,1.0,0.0,False,False,False
تجلیل شد,1,0,True,True,شد,0.0,1.0,False,False,False
تبعید شد,1,0,True,True,شد,0.0,1.0,False,False,False
سلاح کرد,1,1,False,True,کرد,1.0,0.0,False,False,False
سفیدک زد,1,0,True,True,زد,0.0,1.0,False,False,False
مجازات شد,1,0,True,True,شد,0.0,1.0,False,False,False
مجادله شد,1,0,True,True,شد,0.0,1.0,False,False,False
مجیزگویی کرد,1,0,True,True,کرد,0.0,1.0,False,False,False
مجهز کرد,1,1,False,True,کرد,1.0,0.0,False,False,False
مجهز ساخت,1,1,False,True,ساخت,1.0,0.0,False,False,False
مجسمه‌سازی کرد,1,0,True,True,کرد,0.0,1.0,False,False,False
متنبه نمود,1,1,False,True,نمود,1.0,0.0,False,False,False
متناسب ساخت,1,1,False,True,ساخت,1.0,0.0,False,False,False
متمرکز کرد,1,1,False,True,کرد,1.0,0.0,False,False,False
متقاعد کرد,1,1,False,True,کرد,1.0,0.0,False,False,False
تجربه شد,1,0,True,True,شد,0.0,1.0,False,False,False
تجدیدنظر کرد,1,0,True,True,کرد,0.0,1.0,False,False,False
تجدید نمود,1,0,True,True,نمود,0.0,1.0,False,False,False
تجدید شد,1,0,True,True,شد,0.0,1.0,False,False,False
مچ‌گیری شد,1,0,True,True,شد,0.0,1.0,False,False,False
مویه کرد,1,0,True,True,کرد,0.0,1.0,False,False,False
موظف کرد,1,1,False,True,کرد,1.0,0.0,False,False,False
موروثی کرد,1,1,False,True,کرد,1.0,0.0,False,False,False
رهانید,1,1,False,False,,1.0,0.0,False,False,False
رها نمود,1,1,False,True,نمود,1.0,0.0,False,False,False
رهنمون شد,1,1,True,True,شد,1.0,0.0,False,False,False
موج گرفت,1,0,True,True,گرفت,0.0,1.0,False,False,False
موج خورد,1,0,True,True,خورد,0.0,1.0,False,False,False
موافقت نمود,1,0,True,True,نمود,0.0,1.0,False,False,False
موافقت فرمود,1,0,True,True,فرمود,0.0,1.0,False,False,False
موافقت شد,1,0,True,True,شد,0.0,1.0,False,False,False
الگوبرداری شد,1,0,True,True,شد,0.0,1.0,False,False,False
رمزگذاری شد,1,0,True,True,شد,0.0,1.0,False,False,False
رم کرد,1,0,True,True,کرد,0.0,1.0,False,False,False
متزلزل ساخت,1,1,False,True,ساخت,1.0,0.0,False,False,False
متراکم ساخت,1,1,False,True,ساخت,1.0,0.0,False,False,False
متحمل کرد,1,1,False,True,کرد,1.0,0.0,False,False,False
متحد کرد,1,1,False,True,کرد,1.0,0.0,False,False,False
متبلور ساخت,1,1,False,True,ساخت,1.0,0.0,False,False,False
اکرام نمود,1,1,True,True,نمود,1.0,0.0,False,False,False
اکرام فرمود,1,1,True,True,فرمود,1.0,0.0,False,False,False
مبدل شد,1,0,True,True,شد,0.0,1.0,False,False,False
مباهله شد,1,0,True,True,شد,0.0,1.0,False,False,False
سعی ورزید,1,0,True,True,ورزید,0.0,1.0,False,False,False
سعی داشت,1,0,True,True,داشت,0.0,1.0,False,False,False
بی‌حجابی شد,1,0,True,True,شد,0.0,1.0,False,False,False
تجربه نمود,1,1,True,True,نمود,1.0,0.0,False,False,False
رنج داد,1,1,True,True,داد,1.0,0.0,False,False,False
رمید,1,0,False,False,,0.0,1.0,False,False,False
می‌خیساند,1,1,False,False,,1.0,0.0,False,False,False
میل نمود,1,1,True,True,نمود,1.0,0.0,False,False,False
موهوم‌پرستی کرد,1,0,True,True,کرد,0.0,1.0,False,False,False
میزان کرد,1,1,True,True,کرد,1.0,0.0,False,False,False
میدان کرد,1,1,False,True,کرد,1.0,0.0,False,False,False
میان داشت,1,1,True,True,داشت,1.0,0.0,False,False,False
مکروه داشت,1,1,False,True,داشت,1.0,0.0,False,False,False
مکث کرد,1,0,True,True,کرد,0.0,1.0,False,False,False
مکان کرد,1,1,False,True,کرد,1.0,0.0,False,False,False
امتحان داد,1,0,True,True,داد,0.0,1.0,False,False,False
امانت گذاشت,1,1,True,True,گذاشت,1.0,0.0,False,False,False
ناراضی کرد,1,1,False,True,کرد,1.0,0.0,False,False,False
ناخوش داشت,1,0,False,True,داشت,0.0,1.0,False,False,False
نابود نمود,1,1,True,True,نمود,1.0,0.0,False,False,False
تحریض شد,1,0,True,True,شد,0.0,1.0,False,False,False
بی‌توجهی شد,1,0,True,True,شد,0.0,1.0,False,False,False
بی‌تابی شد,1,0,True,True,شد,0.0,1.0,False,False,False
بی‌برکت کرد,1,0,False,True,کرد,0.0,1.0,False,False,False
مباهات نمود,1,0,True,True,نمود,0.0,1.0,False,False,False
مبالغه شد,1,0,True,True,شد,0.0,1.0,False,False,False
مباشرت شد,1,0,True,True,شد,0.0,1.0,False,False,False
سنگین کرد,1,1,False,True,کرد,1.0,0.0,False,False,False
مال داد,1,1,True,True,داد,1.0,0.0,False,False,False
مؤثر افتاد,1,0,True,True,افتاد,0.0,1.0,False,False,False
مؤاخذه فرمود,1,1,True,True,فرمود,1.0,0.0,False,False,False
مبادرت شد,1,0,True,True,شد,0.0,1.0,False,False,False
تحریر شد,1,0,True,True,شد,0.0,1.0,False,False,False
رنگ باخت,1,0,True,True,باخت,0.0,1.0,False,False,False
رنجور ساخت,1,1,False,True,ساخت,1.0,0.0,False,False,False
رنجانید,1,1,False,False,,1.0,0.0,False,False,False
الهام شد,1,0,True,True,شد,0.0,1.0,False,False,False
القا گردید,1,0,True,True,گردید,0.0,1.0,False,False,False
ناشکری کرد,1,0,False,True,کرد,0.0,1.0,False,False,False
رضا داد,1,0,True,True,داد,0.0,1.0,False,False,False
رشد یافت,1,0,True,True,یافت,0.0,1.0,False,False,False
رشت,1,1,False,False,,1.0,0.0,False,False,False
رسیدگی شد,1,0,True,True,شد,0.0,1.0,False,False,False
رفو کرد,1,1,False,True,کرد,1.0,0.0,False,False,False
رفعت داد,1,1,True,True,داد,1.0,0.0,False,False,False
رفتار شد,1,0,True,True,شد,0.0,1.0,False,False,False
ناسزاگویی کرد,1,0,True,True,کرد,0.0,1.0,False,False,False
نازک کرد,1,1,False,True,کرد,1.0,0.0,False,False,False
نازل فرمود,1,1,True,True,فرمود,1.0,0.0,False,False,False
رفت شد,1,0,True,True,شد,0.0,1.0,False,False,False
رفت داشت,1,0,True,True,داشت,0.0,1.0,False,False,False
رعایت گشت,1,0,True,True,گشت,0.0,1.0,False,False,False
بی‌خود ساخت,1,1,False,True,ساخت,1.0,0.0,False,False,False
تحلیل نمود,1,1,True,True,نمود,1.0,0.0,False,False,False
رسوب‌گذاری کرد,1,1,True,True,کرد,1.0,0.0,False,False,False
رسوا ساخت,1,1,False,True,ساخت,1.0,0.0,False,False,False
رسم کرد,1,1,True,True,کرد,1.0,0.0,False,False,False
ردیابی شد,1,0,True,True,شد,0.0,1.0,False,False,False
نثار نمود,1,1,True,True,نمود,1.0,0.0,False,False,False
نتیجه رسید,1,0,True,True,رسید,0.0,1.0,False,False,False
نبش شد,1,0,True,True,شد,0.0,1.0,False,False,False
ناز کشید,1,0,True,True,کشید,0.0,1.0,False,False,False
نامه زد,1,0,True,True,زد,0.0,1.0,False,False,False
نام گرفت,1,0,True,True,گرفت,0.0,1.0,False,False,False
تحت داشت,1,1,True,True,داشت,1.0,0.0,False,False,False
تجویز شد,1,0,True,True,شد,0.0,1.0,False,False,False
تجمیع شد,1,0,True,True,شد,0.0,1.0,False,False,False
تجمع نمود,1,0,True,True,نمود,0.0,1.0,False,False,False
تحریف شد,1,0,True,True,شد,0.0,1.0,False,False,False
رخ کشت,1,1,True,True,کشت,1.0,0.0,False,False,False
نخ کرد,1,1,True,True,کرد,1.0,0.0,False,False,False
رحمت آورد,1,0,True,True,آورد,0.0,1.0,False,False,False
تحمل نمود,1,0,True,True,نمود,0.0,1.0,False,False,False
مانور شد,1,0,True,True,شد,0.0,1.0,False,False,False
مانع رسید,1,0,True,True,رسید,0.0,1.0,False,False,False
باج‌گیری شد,1,0,True,True,شد,0.0,1.0,False,False,False
ایمن‌سازی شد,1,0,True,True,شد,0.0,1.0,False,False,False
متابعت شد,1,0,True,True,شد,0.0,1.0,False,False,False
ایفا شد,1,0,True,True,شد,0.0,1.0,False,False,False
ایستادگی ورزید,1,0,True,True,ورزید,0.0,1.0,False,False,False
ایزوگام کرد,1,1,False,True,کرد,1.0,0.0,False,False,False
ماندگار کرد,1,0,False,True,کرد,0.0,1.0,False,False,False
سند گذاشت,1,1,False,True,گذاشت,1.0,0.0,False,False,False
بی‌خود کرد,1,1,False,True,کرد,1.0,0.0,False,False,False
اقدام شد,1,0,True,True,شد,0.0,1.0,False,False,False
افشا شد,1,0,True,True,شد,0.0,1.0,False,False,False
نظارت شد,1,0,True,True,شد,0.0,1.0,False,False,False
راست‌نمایی کرد,1,0,True,True,کرد,0.0,1.0,False,False,False
راست گردانید,1,1,False,True,گردانید,1.0,0.0,False,False,False
راحت کرد,1,1,False,True,کرد,1.0,0.0,False,False,False
ناپدید کرد,1,0,False,True,کرد,0.0,1.0,False,False,False
اقتصادسنجی کرد,1,0,True,True,کرد,0.0,1.0,False,False,False
اقبال نمود,1,0,True,True,نمود,0.0,1.0,False,False,False
اقامه نمود,1,1,True,True,نمود,1.0,0.0,False,False,False
اقامه شد,1,0,True,True,شد,0.0,1.0,False,False,False
راه کرد,1,0,True,True,کرد,0.0,1.0,False,False,False
تخلص داشت,1,1,True,True,داشت,1.0,0.0,False,False,False
تحریک‌پذیر کرد,1,1,False,True,کرد,1.0,0.0,False,False,False
تحریم نمود,1,1,True,True,نمود,1.0,0.0,False,False,False
تحریم شد,1,0,True,True,شد,0.0,1.0,False,False,False
تحقیق نمود,1,0,True,True,نمود,0.0,1.0,False,False,False
تحقیر شد,1,0,True,True,شد,0.0,1.0,False,False,False
تحقق یافت,1,0,True,True,یافت,0.0,1.0,False,False,False
رایت نمود,1,0,True,True,نمود,0.0,1.0,False,False,False
راکد کرد,1,1,False,True,کرد,1.0,0.0,False,False,False
دینی کرد,1,1,False,True,کرد,1.0,0.0,False,False,False
تخم‌گذای کرد,1,0,True,True,کرد,0.0,1.0,False,False,False
تخم‌گذار کرد,1,0,True,True,کرد,0.0,1.0,False,False,False
تحمیل گشت,1,0,True,True,گشت,0.0,1.0,False,False,False
رخ کشاند,1,1,True,True,کشاند,1.0,0.0,False,False,False
نزول فرمود,1,0,True,True,فرمود,0.0,1.0,False,False,False
نزاع شد,1,0,True,True,شد,0.0,1.0,False,False,False
نشانه گذارد,1,1,True,True,گذارد,1.0,0.0,False,False,False
نشان گرفت,1,1,True,True,گرفت,1.0,0.0,False,False,False
نشا کرد,1,0,True,True,کرد,0.0,1.0,False,False,False
اقدام نمود,1,0,True,True,نمود,0.0,1.0,False,False,False
بی‌ادبی شد,1,0,True,True,شد,0.0,1.0,False,False,False
بی‌احترامی شد,1,0,True,True,شد,0.0,1.0,False,False,False
بی‌احترام کرد,1,0,True,True,کرد,0.0,1.0,False,False,False
بی‌احترام شد,1,0,True,True,شد,0.0,1.0,False,False,False
دوچندان کرد,1,1,False,True,کرد,1.0,0.0,False,False,False
دوچرخه زد,1,0,True,True,زد,0.0,1.0,False,False,False
دوم کرد,1,0,False,True,کرد,0.0,1.0,False,False,False
ذبح کرد,1,1,True,True,کرد,1.0,0.0,False,False,False
دیوانه کرد,1,1,False,True,کرد,1.0,0.0,False,False,False
نظافت شد,1,0,True,True,شد,0.0,1.0,False,False,False
اق نشست,1,0,True,True,نشست,0.0,1.0,False,False,False
افشا گشت,1,0,True,True,گشت,0.0,1.0,False,False,False
نقش داشت,1,0,True,True,داشت,0.0,1.0,False,False,False
رأی داد,1,0,True,True,داد,0.0,1.0,False,False,False
تحلیل شد,1,0,True,True,شد,0.0,1.0,False,False,False
تحلیف شد,1,0,True,True,شد,0.0,1.0,False,False,False
افتتاح شد,1,0,True,True,شد,0.0,1.0,False,False,False
دگرگون ساخت,1,1,False,True,ساخت,1.0,0.0,False,False,False
دکود کرد,1,1,True,True,کرد,1.0,0.0,False,False,False
دچار ساخت,1,1,False,True,ساخت,1.0,0.0,False,False,False
بی‌خردی کرد,1,0,True,True,کرد,0.0,1.0,False,False,False
بی‌حرمتی شد,1,0,True,True,شد,0.0,1.0,False,False,False
سورمه نمود,1,0,False,True,نمود,0.0,1.0,False,False,False
سود کرد,1,0,True,True,کرد,0.0,1.0,False,False,False
بی‌انصافی نمود,1,0,True,True,نمود,0.0,1.0,False,False,False
سن داشت,1,0,True,True,داشت,0.0,1.0,False,False,False
سلب نمود,1,1,True,True,نمود,1.0,0.0,False,False,False
سوءظن برد,1,0,True,True,برد,0.0,1.0,False,False,False
سوء شد,1,0,True,True,شد,0.0,1.0,False,False,False
سوء‌استفاده کرد,1,0,True,True,کرد,0.0,1.0,False,False,False
سوءظن ساخت,1,1,False,True,ساخت,1.0,0.0,False,False,False
بی‌اعتنایی شد,1,0,True,True,شد,0.0,1.0,False,False,False
دوش گرفت,1,0,True,True,گرفت,0.0,1.0,False,False,False
دوری نمود,1,0,True,True,نمود,0.0,1.0,False,False,False
دوره دید,1,0,True,True,دید,0.0,1.0,False,False,False
نقره‌داغ کرد,1,1,False,True,کرد,1.0,0.0,False,False,False
نفس کشت,1,0,True,True,کشت,0.0,1.0,False,False,False
دور ریخت,1,0,True,True,ریخت,0.0,1.0,False,False,False
دور داشت,1,1,False,True,داشت,1.0,0.0,False,False,False
تدوین گشت,1,0,True,True,گشت,0.0,1.0,False,False,False
تدوین شد,1,0,True,True,شد,0.0,1.0,False,False,False
تخمین شد,1,0,True,True,شد,0.0,1.0,False,False,False
تخمین زد,1,0,True,True,زد,0.0,1.0,False,False,False
تخلیه شد,1,0,True,True,شد,0.0,1.0,False,False,False
تخلف شد,1,0,True,True,شد,0.0,1.0,False,False,False
نفرت ورزید,1,0,True,True,ورزید,0.0,1.0,False,False,False
افراط شد,1,0,True,True,شد,0.0,1.0,False,False,False
نصب نمود,1,1,True,True,نمود,1.0,0.0,False,False,False
باخبر کرد,1,0,False,True,کرد,0.0,1.0,False,False,False
لکه‌دار کرد,1,1,False,True,کرد,1.0,0.0,False,False,False
لکه شد,1,0,True,True,شد,0.0,1.0,False,False,False
دم کرد,1,1,True,True,کرد,1.0,0.0,False,False,False
تدریس شد,1,0,True,True,شد,0.0,1.0,False,False,False
تدبیر شد,1,0,True,True,شد,0.0,1.0,False,False,False
دوبله شد,1,0,True,True,شد,0.0,1.0,False,False,False
نمونه‌برداری شد,1,0,True,True,شد,0.0,1.0,False,False,False
افترا زد,1,0,True,True,زد,0.0,1.0,False,False,False
نمایان کرد,1,1,False,True,کرد,1.0,0.0,False,False,False
نمایان ساخت,1,1,False,True,ساخت,1.0,0.0,False,False,False
نماز ایستاد,1,0,True,True,ایستاد,0.0,1.0,False,False,False
نماد کرد,1,1,False,True,کرد,1.0,0.0,False,False,False
نق‌نق کرد,1,0,True,True,کرد,0.0,1.0,False,False,False
دوباره‌نویسی شد,1,0,True,True,شد,0.0,1.0,False,False,False
دوام یافت,1,0,True,True,یافت,0.0,1.0,False,False,False
دور ساخت,1,1,False,True,ساخت,1.0,0.0,False,False,False
نقض نمود,1,0,True,True,نمود,0.0,1.0,False,False,False
نقش کرد,1,1,True,True,کرد,1.0,0.0,False,False,False
نقش نمود,1,1,False,True,نمود,1.0,0.0,False,False,False
اعمال نمود,1,1,True,True,نمود,1.0,0.0,False,False,False
بی‌آبرویی شد,1,0,True,True,شد,0.0,1.0,False,False,False
بیهوش کرد,1,0,False,True,کرد,0.0,1.0,False,False,False
لگد کرد,1,1,True,True,کرد,1.0,0.0,False,False,False
لگد شد,1,0,True,True,شد,0.0,1.0,False,False,False
لکه‌زدایی شد,1,0,True,True,شد,0.0,1.0,False,False,False
بارور گردانید,1,1,False,True,گردانید,1.0,0.0,False,False,False
بارفیکس زد,1,0,True,True,زد,0.0,1.0,False,False,False
ایمن کرد,1,1,False,True,کرد,1.0,0.0,False,False,False
ایفاء کرد,1,0,True,True,کرد,0.0,1.0,False,False,False
بادکش شد,1,0,True,True,شد,0.0,1.0,False,False,False
باد شد,1,0,True,True,شد,0.0,1.0,False,False,False
دقت نمود,1,0,True,True,نمود,0.0,1.0,False,False,False
ترقی یافت,1,0,True,True,یافت,0.0,1.0,False,False,False
تربیت یافت,1,0,True,True,یافت,0.0,1.0,False,False,False
ترانزیت کرد,1,1,True,True,کرد,1.0,0.0,False,False,False
نمره شد,1,0,True,True,شد,0.0,1.0,False,False,False
نمایش گذاشت,1,1,True,True,گذاشت,1.0,0.0,False,False,False
نهی شد,1,0,True,True,شد,0.0,1.0,False,False,False
دل‌خوش ساخت,1,1,False,True,ساخت,1.0,0.0,False,False,False
دل‌تنگی کرد,1,0,True,True,کرد,0.0,1.0,False,False,False
دنگ گرفت,1,0,True,True,گرفت,0.0,1.0,False,False,False
دندان‌قروچه کرد,1,0,True,True,کرد,0.0,1.0,False,False,False
دندان‌سازی کرد,1,0,True,True,کرد,0.0,1.0,False,False,False
دندان کرد,1,0,True,True,کرد,0.0,1.0,False,False,False
دنبال گشت,1,0,True,True,گشت,0.0,1.0,False,False,False
نهان کرد,1,1,False,True,کرد,1.0,0.0,False,False,False
نهادینه کرد,1,1,False,True,کرد,1.0,0.0,False,False,False
اعتماد نمود,1,0,True,True,نمود,0.0,1.0,False,False,False
نوع کرد,1,0,True,True,کرد,0.0,1.0,False,False,False
نوع شد,1,0,True,True,شد,0.0,1.0,False,False,False
لک کرد,1,0,False,True,کرد,0.0,1.0,False,False,False
لوله شد,1,0,True,True,شد,0.0,1.0,False,False,False
لیست شد,1,0,True,True,شد,0.0,1.0,False,False,False
لیزر شد,1,0,True,True,شد,0.0,1.0,False,False,False
سود برد,1,0,True,True,برد,0.0,1.0,False,False,False
لشکر کشید,1,0,True,True,کشید,0.0,1.0,False,False,False
له فرمود,1,1,True,True,فرمود,1.0,0.0,False,False,False
لنگ کرد,1,1,False,True,کرد,1.0,0.0,False,False,False
لمید,1,0,False,False,,0.0,1.0,False,False,False
لغو کرد,1,1,True,True,کرد,1.0,0.0,False,False,False
بیعت شد,1,0,True,True,شد,0.0,1.0,False,False,False
نوش کرد,1,0,True,True,کرد,0.0,1.0,False,False,False
دقیقه گذاشت,1,0,True,True,گذاشت,0.0,1.0,False,False,False
هدف‌گذاری شد,1,0,True,True,شد,0.0,1.0,False,False,False
تراشکاری شد,1,0,True,True,شد,0.0,1.0,False,False,False
نوش نمود,1,0,True,True,نمود,0.0,1.0,False,False,False
نوسازی شد,1,0,True,True,شد,0.0,1.0,False,False,False
نگاه شد,1,0,True,True,شد,0.0,1.0,False,False,False
نکو داشت,1,1,False,True,داشت,1.0,0.0,False,False,False
دعا شد,1,0,True,True,شد,0.0,1.0,False,False,False
دشمن داشت,1,1,False,True,داشت,1.0,0.0,False,False,False
دلال کرد,1,1,False,True,کرد,1.0,0.0,False,False,False
دلار داد,1,0,True,True,داد,0.0,1.0,False,False,False
دل خواست,1,0,True,True,خواست,0.0,1.0,False,False,False
نونوار کرد,1,1,False,True,کرد,1.0,0.0,False,False,False
نومید کرد,1,0,False,True,کرد,0.0,1.0,False,False,False
اغراق شد,1,0,True,True,شد,0.0,1.0,False,False,False
اعراض داد,1,1,True,True,داد,1.0,0.0,False,False,False
اعدام شد,1,0,True,True,شد,0.0,1.0,False,False,False
سپر کرد,1,1,False,True,کرد,1.0,0.0,False,False,False
سکونت گزید,1,0,True,True,گزید,0.0,1.0,False,False,False
سکونت نمود,1,0,True,True,نمود,0.0,1.0,False,False,False
لغو شد,1,0,True,True,شد,0.0,1.0,False,False,False
لعنت شد,1,0,True,True,شد,0.0,1.0,False,False,False
بازتعریف شد,1,0,True,True,شد,0.0,1.0,False,False,False
بازتاب شد,1,0,True,True,شد,0.0,1.0,False,False,False
بازرسی شد,1,0,True,True,شد,0.0,1.0,False,False,False
بازآفرینی شد,1,0,True,True,شد,0.0,1.0,False,False,False
سکنی گزید,1,0,True,True,گزید,0.0,1.0,False,False,False
سکندری رفت,1,0,True,True,رفت,0.0,1.0,False,False,False
نیاز داشت,1,1,True,True,داشت,1.0,0.0,False,False,False
اصلاح شد,1,0,True,True,شد,0.0,1.0,False,False,False
اشکال کرد,1,0,True,True,کرد,0.0,1.0,False,False,False
اشغال نمود,1,1,False,True,نمود,1.0,0.0,False,False,False
هدف‌گیری شد,1,0,True,True,شد,0.0,1.0,False,False,False
دستک زد,1,0,True,True,زد,0.0,1.0,False,False,False
هرس کرد,1,1,True,True,کرد,1.0,0.0,False,False,False
هدیه شد,1,0,True,True,شد,0.0,1.0,False,False,False
اطاعت نمود,1,0,True,True,نمود,0.0,1.0,False,False,False
ترک زد,1,1,True,True,زد,1.0,0.0,False,False,False
ترک داشت,1,0,True,True,داشت,0.0,1.0,False,False,False
ترویج نمود,1,1,True,True,نمود,1.0,0.0,False,False,False
ترغیب شد,1,0,True,True,شد,0.0,1.0,False,False,False
دعوت نمود,1,1,True,True,نمود,1.0,0.0,False,False,False
هدف گرفت,1,1,True,True,گرفت,1.0,0.0,False,False,False
هتک کرد,1,0,True,True,کرد,0.0,1.0,False,False,False
اعتراف داشت,1,1,True,True,داشت,1.0,0.0,False,False,False
هم رساند,1,0,True,True,رساند,0.0,1.0,False,False,False
هم آمد,1,0,True,True,آمد,0.0,1.0,False,False,False
اعتراض نمود,1,0,True,True,نمود,0.0,1.0,False,False,False
اطلاق گشت,1,0,True,True,گشت,0.0,1.0,False,False,False
تزیئن شد,1,0,True,True,شد,0.0,1.0,False,False,False
دست‌فروشی کرد,1,0,True,True,کرد,0.0,1.0,False,False,False
سپری نمود,1,1,True,True,نمود,1.0,0.0,False,False,False
بیرون داد,1,0,True,True,داد,0.0,1.0,False,False,False
بیتوته شد,1,0,True,True,شد,0.0,1.0,False,False,False
بیان نمود,1,1,True,True,نمود,1.0,0.0,False,False,False
بیان شد,1,0,True,True,شد,0.0,1.0,False,False,False
لشگرکشی شد,1,0,True,True,شد,0.0,1.0,False,False,False
لشکرکشی کرد,1,0,True,True,کرد,0.0,1.0,False,False,False
لحظه‌شماری شد,1,0,True,True,شد,0.0,1.0,False,False,False
لحاظ شد,1,0,True,True,شد,0.0,1.0,False,False,False
سیراب کرد,1,1,False,True,کرد,1.0,0.0,False,False,False
سیراب نمود,1,1,False,True,نمود,1.0,0.0,False,False,False
سیاه‌پوش کرد,1,1,False,True,کرد,1.0,0.0,False,False,False
دست‌خوش کرد,1,1,False,True,کرد,1.0,0.0,False,False,False
دستگیر گشت,1,0,True,True,گشت,0.0,1.0,False,False,False
اشاعه شد,1,0,True,True,شد,0.0,1.0,False,False,False
اشاره نمود,1,0,True,True,نمود,0.0,1.0,False,False,False
همراه ساخت,1,1,False,True,ساخت,1.0,0.0,False,False,False
دزدی نمود,1,0,True,True,نمود,0.0,1.0,False,False,False
دریغ ورزید,1,0,True,True,ورزید,0.0,1.0,False,False,False
دریافت گشت,1,0,True,True,گشت,0.0,1.0,False,False,False
ترویج شد,1,0,True,True,شد,0.0,1.0,False,False,False
ترمیم گشت,1,0,True,True,گشت,0.0,1.0,False,False,False
ترمیم شد,1,0,True,True,شد,0.0,1.0,False,False,False
دست گرفت,1,1,False,True,گرفت,1.0,0.0,False,False,False
دست نهاد,1,1,True,True,نهاد,1.0,0.0,False,False,False
همت کرد,1,0,True,True,کرد,0.0,1.0,False,False,False
هماهنگ کرد,1,1,False,True,کرد,1.0,0.0,False,False,False
هلاک ساخت,1,1,False,True,ساخت,1.0,0.0,False,False,False
دست رفت,1,0,True,True,رفت,0.0,1.0,False,False,False
دست برید,1,0,True,True,برید,0.0,1.0,False,False,False
درصدد آمد,1,0,True,True,آمد,0.0,1.0,False,False,False
درشتی نمود,1,0,True,True,نمود,0.0,1.0,False,False,False
هک کرد,1,1,True,True,کرد,1.0,0.0,False,False,False
هوشیار کرد,1,1,False,True,کرد,1.0,0.0,False,False,False
هوشمند کرد,1,1,False,True,کرد,1.0,0.0,False,False,False
هم‌مصاف کرد,1,0,False,True,کرد,0.0,1.0,False,False,False
هموار کرد,1,1,False,True,کرد,1.0,0.0,False,False,False
درددل کرد,1,0,True,True,کرد,0.0,1.0,False,False,False
تسلط یافت,1,0,True,True,یافت,0.0,1.0,False,False,False
تسلط کرد,1,0,True,True,کرد,0.0,1.0,False,False,False
تسریع شد,1,0,True,True,شد,0.0,1.0,False,False,False
ترکیب یافت,1,0,True,True,یافت,0.0,1.0,False,False,False
همه کرد,1,0,True,True,کرد,0.0,1.0,False,False,False
همسو گردانید,1,1,False,True,گردانید,1.0,0.0,False,False,False
همسایگی کرد,1,0,True,True,کرد,0.0,1.0,False,False,False
اشتباه شد,1,0,True,True,شد,0.0,1.0,False,False,False
سی‌تی‌اسکن گرفت,1,0,True,True,گرفت,0.0,1.0,False,False,False
بیزار کرد,1,1,False,True,کرد,1.0,0.0,False,False,False
بیرون کشید,1,1,False,True,کشید,1.0,0.0,False,False,False
بیرون کرد,1,1,False,True,کرد,1.0,0.0,False,False,False
وارد گشت,1,0,True,True,گشت,0.0,1.0,False,False,False
وادار نمود,1,1,False,True,نمود,1.0,0.0,False,False,False
واجب کرد,1,0,False,True,کرد,0.0,1.0,False,False,False
اشتباه گرفت,1,1,True,True,گرفت,1.0,0.0,False,False,False
اسپری شد,1,0,True,True,شد,0.0,1.0,False,False,False
اسهال کرد,1,1,True,True,کرد,1.0,0.0,False,False,False
اشاره رفت,1,0,True,True,رفت,0.0,1.0,False,False,False
اسیر گرفت,1,1,False,True,گرفت,1.0,0.0,False,False,False
درخشاند,1,1,False,False,,1.0,0.0,False,False,False
در داشت,1,1,True,True,داشت,1.0,0.0,False,False,False
درگیر نمود,1,1,False,True,نمود,1.0,0.0,False,False,False
دروغ بست,1,0,True,True,بست,0.0,1.0,False,False,False
ورز داد,1,0,True,True,داد,0.0,1.0,False,False,False
ور داشت,1,0,True,True,داشت,0.0,1.0,False,False,False
هم‌سطح‌سازی شد,1,0,True,True,شد,0.0,1.0,False,False,False
واهمه داشت,1,0,True,True,داشت,0.0,1.0,False,False,False
وام گرفت,1,1,True,True,گرفت,1.0,0.0,False,False,False
واصل کرد,1,1,False,True,کرد,1.0,0.0,False,False,False
شاشید,1,0,False,False,,0.0,1.0,False,False,False
شادمان ساخت,1,1,False,True,ساخت,1.0,0.0,False,False,False
شاد کرد,1,1,False,True,کرد,1.0,0.0,False,False,False
لبالب کرد,1,1,False,True,کرد,1.0,0.0,False,False,False
لاگین کرد,1,0,True,True,کرد,0.0,1.0,False,False,False
بازشناسی شد,1,0,True,True,شد,0.0,1.0,False,False,False
بازسازی شد,1,0,True,True,شد,0.0,1.0,False,False,False
بازرسی نمود,1,1,True,True,نمود,1.0,0.0,False,False,False
لانه‌گذاری شد,1,0,True,True,شد,0.0,1.0,False,False,False
شاد داشت,1,1,False,True,داشت,1.0,0.0,False,False,False
اسکن شد,1,0,True,True,شد,0.0,1.0,False,False,False
اسقاط کرد,1,1,True,True,کرد,1.0,0.0,False,False,False
استوار کرد,1,1,False,True,کرد,1.0,0.0,False,False,False
تشدید داد,1,1,True,True,داد,1.0,0.0,False,False,False
تشبیه شد,1,0,True,True,شد,0.0,1.0,False,False,False
تسکین یافت,1,0,True,True,یافت,0.0,1.0,False,False,False
تست شد,1,0,True,True,شد,0.0,1.0,False,False,False
تست زد,1,0,True,True,زد,0.0,1.0,False,False,False
تسبیح شد,1,0,True,True,شد,0.0,1.0,False,False,False
تساهل ورزید,1,0,True,True,ورزید,0.0,1.0,False,False,False
درد آمد,1,0,True,True,آمد,0.0,1.0,False,False,False
درخواست نمود,1,0,True,True,نمود,0.0,1.0,False,False,False
واگذار گشت,1,0,True,True,گشت,0.0,1.0,False,False,False
واکسن زد,1,0,True,True,زد,0.0,1.0,False,False,False
وزارت داشت,1,0,True,True,داشت,0.0,1.0,False,False,False
ورم کرد,1,0,False,True,کرد,0.0,1.0,False,False,False
تسلیم کرد,1,1,False,True,کرد,1.0,0.0,False,False,False
تسلیت گفت,1,1,True,True,گفت,1.0,0.0,False,False,False
داد کشید,1,0,True,True,کشید,0.0,1.0,False,False,False
خودداری ورزید,1,0,True,True,ورزید,0.0,1.0,False,False,False
خودداری نمود,1,0,True,True,نمود,0.0,1.0,False,False,False
خودداری شد,1,0,True,True,شد,0.0,1.0,False,False,False
داد رسید,1,0,True,True,رسید,0.0,1.0,False,False,False
داخل کرد,1,1,False,True,کرد,1.0,0.0,False,False,False
داخل ساخت,1,1,False,True,ساخت,1.0,0.0,False,False,False
خیانت نمود,1,0,True,True,نمود,0.0,1.0,False,False,False
در برید,1,1,True,True,برید,1.0,0.0,False,False,False
دانستن گرفت,1,1,False,True,گرفت,1.0,0.0,False,False,False
دامن‌گیر کرد,1,0,False,True,کرد,0.0,1.0,False,False,False
وداع گفت,1,1,True,True,گفت,1.0,0.0,False,False,False
اسیدشور کرد,1,1,True,True,کرد,1.0,0.0,False,False,False
اسکورت شد,1,0,True,True,شد,0.0,1.0,False,False,False
استنکاف ورزیده‌اند,1,0,True,True,ورزیده‌اند,0.0,1.0,False,False,False
استنشاق شد,1,0,True,True,شد,0.0,1.0,False,False,False
تشکر شد,1,0,True,True,شد,0.0,1.0,False,False,False
تشویق نمود,1,1,True,True,نمود,1.0,0.0,False,False,False
تشویق شد,1,0,True,True,شد,0.0,1.0,False,False,False
بیرون نمود,1,1,True,True,نمود,1.0,0.0,False,False,False
بیرون ساخت,1,1,False,True,ساخت,1.0,0.0,False,False,False
بچه آورد,1,0,True,True,آورد,0.0,1.0,False,False,False
بوسه‌باران کرد,1,1,True,True,کرد,1.0,0.0,False,False,False
لاس زد,1,0,True,True,زد,0.0,1.0,False,False,False
لابی کرد,1,0,True,True,کرد,0.0,1.0,False,False,False
بازگشایی شد,1,0,True,True,شد,0.0,1.0,False,False,False
بازگرداندی کرد,1,1,True,True,کرد,1.0,0.0,False,False,False
قید شد,1,0,True,True,شد,0.0,1.0,False,False,False
قیامت شد,1,0,True,True,شد,0.0,1.0,False,False,False
تسویه شد,1,0,True,True,شد,0.0,1.0,False,False,False
شبیه کرد,1,1,False,True,کرد,1.0,0.0,False,False,False
وکیل کرد,1,1,False,True,کرد,1.0,0.0,False,False,False
ولایت کرد,1,1,False,True,کرد,1.0,0.0,False,False,False
پادشاه کرد,1,0,False,True,کرد,0.0,1.0,False,False,False
پا گذاشت,1,1,False,True,گذاشت,1.0,0.0,False,False,False
پا نمود,1,1,True,True,نمود,1.0,0.0,False,False,False
خودخواهی کرد,1,0,True,True,کرد,0.0,1.0,False,False,False
خون کرد,1,1,False,True,کرد,1.0,0.0,False,False,False
وقع گذارد,1,0,True,True,گذارد,0.0,1.0,False,False,False
وقت کرد,1,0,True,True,کرد,0.0,1.0,False,False,False
وق زد,1,0,True,True,زد,0.0,1.0,False,False,False
وفات یافت,1,0,True,True,یافت,0.0,1.0,False,False,False
خوار نمود,1,1,False,True,نمود,1.0,0.0,False,False,False
خواب گرفت,1,0,True,True,گرفت,0.0,1.0,False,False,False
تشدید شد,1,0,True,True,شد,0.0,1.0,False,False,False
خوراک ساخت,1,1,False,True,ساخت,1.0,0.0,False,False,False
استنباط شد,1,0,True,True,شد,0.0,1.0,False,False,False
استناد شد,1,0,True,True,شد,0.0,1.0,False,False,False
ویران ساخت,1,1,False,True,ساخت,1.0,0.0,False,False,False
قوی گرفت,1,1,False,True,گرفت,1.0,0.0,False,False,False
قوی کرد,1,1,False,True,کرد,1.0,0.0,False,False,False
قناعت نمود,1,0,True,True,نمود,0.0,1.0,False,False,False
بازدید شد,1,0,True,True,شد,0.0,1.0,False,False,False
بازداشت کرد,1,1,True,True,کرد,1.0,0.0,False,False,False
بازداشت شد,1,0,True,True,شد,0.0,1.0,False,False,False
بازخواست شد,1,0,True,True,شد,0.0,1.0,False,False,False
بازجویی شد,1,0,True,True,شد,0.0,1.0,False,False,False
بهره‌گیری شد,1,0,True,True,شد,0.0,1.0,False,False,False
قطعی کرد,1,0,False,True,کرد,0.0,1.0,False,False,False
قصاص شد,1,0,True,True,شد,0.0,1.0,False,False,False
قلمداد شد,1,0,True,True,شد,0.0,1.0,False,False,False
قلقلک داد,1,1,True,True,داد,1.0,0.0,False,False,False
شب کرد,1,1,False,True,کرد,1.0,0.0,False,False,False
شایع کرد,1,0,False,True,کرد,0.0,1.0,False,False,False
شعله‌ور نمود,1,1,True,True,نمود,1.0,0.0,False,False,False
قلع کرد,1,1,True,True,کرد,1.0,0.0,False,False,False
قلدر کرد,1,0,True,True,کرد,0.0,1.0,False,False,False
بازنویسی شد,1,0,True,True,شد,0.0,1.0,False,False,False
بازنشسته کرد,1,0,False,True,کرد,0.0,1.0,False,False,False
شروع گردید,1,0,True,True,گردید,0.0,1.0,False,False,False
خودبین کرد,1,0,False,True,کرد,0.0,1.0,False,False,False
خود خواند,1,1,True,True,خواند,1.0,0.0,False,False,False
خود آمد,1,0,True,True,آمد,0.0,1.0,False,False,False
ویزیت شد,1,0,True,True,شد,0.0,1.0,False,False,False
ویرایش شد,1,0,True,True,شد,0.0,1.0,False,False,False
استنساخ شد,1,0,True,True,شد,0.0,1.0,False,False,False
استنتاج شد,1,0,True,True,شد,0.0,1.0,False,False,False
وضع شد,1,0,True,True,شد,0.0,1.0,False,False,False
پاک نمود,1,1,False,True,نمود,1.0,0.0,False,False,False
استقرا نمود,1,0,True,True,نمود,0.0,1.0,False,False,False
استقبال شد,1,0,True,True,شد,0.0,1.0,False,False,False
استقامت ورزیده‌اند,1,0,True,True,ورزیده‌اند,0.0,1.0,False,False,False
خطاطی شد,1,0,True,True,شد,0.0,1.0,False,False,False
خطا نمود,1,0,True,True,نمود,0.0,1.0,False,False,False
تصمیم‌گیری نمود,1,0,True,True,نمود,0.0,1.0,False,False,False
تصادف شد,1,0,True,True,شد,0.0,1.0,False,False,False
تشکیل یافت,1,0,True,True,یافت,0.0,1.0,False,False,False
تشکیل گشت,1,0,True,True,گشت,0.0,1.0,False,False,False
پارک شد,1,0,True,True,شد,0.0,1.0,False,False,False
پارو شد,1,0,True,True,شد,0.0,1.0,False,False,False
خو کرد,1,0,True,True,کرد,0.0,1.0,False,False,False
خنک کرد,1,1,False,True,کرد,1.0,0.0,False,False,False
خنثی شد,1,0,True,True,شد,0.0,1.0,False,False,False
شبستان گذاشت,1,1,False,True,گذاشت,1.0,0.0,False,False,False
پاک ساخت,1,1,False,True,ساخت,1.0,0.0,False,False,False
پاک داشت,1,1,False,True,داشت,1.0,0.0,False,False,False
پانسمان شد,1,0,True,True,شد,0.0,1.0,False,False,False
پالایش شد,1,0,True,True,شد,0.0,1.0,False,False,False
پافشاری ورزید,1,0,True,True,ورزید,0.0,1.0,False,False,False
استعاره گرفت,1,1,False,True,گرفت,1.0,0.0,False,False,False
استشمام شد,1,0,True,True,شد,0.0,1.0,False,False,False
پارتی‌بازی شد,1,0,True,True,شد,0.0,1.0,False,False,False
پافشاری شد,1,0,True,True,شد,0.0,1.0,False,False,False
پاسکاری کرد,1,1,True,True,کرد,1.0,0.0,False,False,False
پاسخ گفت,1,1,True,True,گفت,1.0,0.0,False,False,False
پاسخ داد,1,1,True,True,داد,1.0,0.0,False,False,False
پاس شد,1,0,True,True,شد,0.0,1.0,False,False,False
پای خاست,1,0,True,True,خاست,0.0,1.0,False,False,False
پاکسازی کرد,1,1,True,True,کرد,1.0,0.0,False,False,False
پاک گردانید,1,1,False,True,گردانید,1.0,0.0,False,False,False
خشکاند,1,1,False,False,,1.0,0.0,False,False,False
خلاص کرد,1,1,False,True,کرد,1.0,0.0,False,False,False
شرارت کرد,1,0,True,True,کرد,0.0,1.0,False,False,False
شخم خورد,1,0,True,True,خورد,0.0,1.0,False,False,False
بو برد,1,0,True,True,برد,0.0,1.0,False,False,False
به‌گزین کرد,1,1,True,True,کرد,1.0,0.0,False,False,False
به‌سازی شد,1,0,True,True,شد,0.0,1.0,False,False,False
بهینه‌سازی شد,1,0,True,True,شد,0.0,1.0,False,False,False
بهسازی کرد,1,1,True,True,کرد,1.0,0.0,False,False,False
قدم‌رنجه نمود,1,0,True,True,نمود,0.0,1.0,False,False,False
قدم داشت,1,0,True,True,داشت,0.0,1.0,False,False,False
قدردانی شد,1,0,True,True,شد,0.0,1.0,False,False,False
قرمز کرد,1,1,False,True,کرد,1.0,0.0,False,False,False
قرق کرد,1,1,True,True,کرد,1.0,0.0,False,False,False
بهره‌کشی شد,1,0,True,True,شد,0.0,1.0,False,False,False
خفه کرد,1,1,True,True,کرد,1.0,0.0,False,False,False
خریداری نمود,1,1,True,True,نمود,1.0,0.0,False,False,False
بهره‌مند کرد,1,0,False,True,کرد,0.0,1.0,False,False,False
شناخت کرد,1,0,True,True,کرد,0.0,1.0,False,False,False
قاچ کرد,1,0,True,True,کرد,0.0,1.0,False,False,False
بازی‌گردانی شد,1,0,True,True,شد,0.0,1.0,False,False,False
بازیافت شد,1,0,True,True,شد,0.0,1.0,False,False,False
بازیابی کرد,1,1,True,True,کرد,1.0,0.0,False,False,False
بازی شد,1,0,True,True,شد,0.0,1.0,False,False,False
شلوغ کرد,1,0,False,True,کرد,0.0,1.0,False,False,False
خروشیده‌ای,1,0,False,False,,0.0,1.0,False,False,False
تصفیه شد,1,0,True,True,شد,0.0,1.0,False,False,False
تصغیر شد,1,0,True,True,شد,0.0,1.0,False,False,False
تصرف آورد,1,1,True,True,آورد,1.0,0.0,False,False,False
تصدیق فرمود,1,1,True,True,فرمود,1.0,0.0,False,False,False
خط خورد,1,0,True,True,خورد,0.0,1.0,False,False,False
خضاب شد,1,0,True,True,شد,0.0,1.0,False,False,False
خرامید,1,0,False,False,,0.0,1.0,False,False,False
استخدام شد,1,0,True,True,شد,0.0,1.0,False,False,False
پایمال شد,1,0,True,True,شد,0.0,1.0,False,False,False
پایان یافت,1,0,True,True,یافت,0.0,1.0,False,False,False
پایان گرفت,1,0,True,True,گرفت,0.0,1.0,False,False,False
پخت شد,1,0,True,True,شد,0.0,1.0,False,False,False
پای‌گیر شد,1,0,True,True,شد,0.0,1.0,False,False,False
پای‌کوبی کرد,1,0,True,True,کرد,0.0,1.0,False,False,False
خراش افتاد,1,0,True,True,افتاد,0.0,1.0,False,False,False
تضعیف شد,1,0,True,True,شد,0.0,1.0,False,False,False
خشونت نورزید,1,0,True,True,نورزید,0.0,1.0,False,False,False
پایکوبی نمود,1,0,True,True,نمود,0.0,1.0,False,False,False
پایه‌گذاری نمود,1,1,True,True,نمود,1.0,0.0,False,False,False
استریل کرد,1,1,False,True,کرد,1.0,0.0,False,False,False
استرداد شد,1,0,True,True,شد,0.0,1.0,False,False,False
خست,1,1,False,False,,1.0,0.0,False,False,False
استخراج شد,1,0,True,True,شد,0.0,1.0,False,False,False
شفقت ورزیده‌اند,1,0,True,True,ورزیده‌اند,0.0,1.0,False,False,False
بو کشت,1,1,True,True,کشت,1.0,0.0,False,False,False
بو داد,1,0,True,True,داد,0.0,1.0,False,False,False
بهره‌برداری شد,1,0,True,True,شد,0.0,1.0,False,False,False
بهرهجویی کرد,1,0,True,True,کرد,0.0,1.0,False,False,False
قرائت شد,1,0,True,True,شد,0.0,1.0,False,False,False
قتل شد,1,0,True,True,شد,0.0,1.0,False,False,False
قتل رسید,1,0,True,True,رسید,0.0,1.0,False,False,False
قتل رسانید,1,1,True,True,رسانید,1.0,0.0,False,False,False
قتل رساند,1,1,True,True,رساند,1.0,0.0,False,False,False
تصور شد,1,0,True,True,شد,0.0,1.0,False,False,False
خراب نمود,1,1,False,True,نمود,1.0,0.0,False,False,False
خدمت نمود,1,0,True,True,نمود,0.0,1.0,False,False,False
خجالت کشت,1,0,True,True,کشت,0.0,1.0,False,False,False
خرج شد,1,0,True,True,شد,0.0,1.0,False,False,False
پررنگ کرد,1,1,False,True,کرد,1.0,0.0,False,False,False
پرگویی شد,1,0,True,True,شد,0.0,1.0,False,False,False
پر نمود,1,1,False,True,نمود,1.0,0.0,False,False,False
پذیرش شد,1,0,True,True,شد,0.0,1.0,False,False,False
پرده‌برداری شد,1,0,True,True,شد,0.0,1.0,False,False,False
پرداخت نمود,1,1,True,True,نمود,1.0,0.0,False,False,False
پرداخت شد,1,0,True,True,شد,0.0,1.0,False,False,False
پرخوری شد,1,0,True,True,شد,0.0,1.0,False,False,False
پرخاشگر کرد,1,1,False,True,کرد,1.0,0.0,False,False,False
استراحت نمود,1,0,True,True,نمود,0.0,1.0,False,False,False
استتار شد,1,0,True,True,شد,0.0,1.0,False,False,False
استانداردسازی شد,1,0,True,True,شد,0.0,1.0,False,False,False
ازدیاد شد,1,0,True,True,شد,0.0,1.0,False,False,False
استعلام شد,1,0,True,True,شد,0.0,1.0,False,False,False
استدعا داشت,1,1,True,True,داشت,1.0,0.0,False,False,False
استخفاف نمود,1,0,True,True,نمود,0.0,1.0,False,False,False
خاراند,1,1,False,False,,1.0,0.0,False,False,False
ختم کرد,1,0,True,True,کرد,0.0,1.0,False,False,False
خبرنگاری کرد,1,0,True,True,کرد,0.0,1.0,False,False,False
استحاله شد,1,0,True,True,شد,0.0,1.0,False,False,False
استجابت شد,1,0,True,True,شد,0.0,1.0,False,False,False
خانه‌نشین ساخت,1,1,False,True,ساخت,1.0,0.0,False,False,False
خام‌اندیشی کرد,1,0,True,True,کرد,0.0,1.0,False,False,False
خامی کرد,1,0,True,True,کرد,0.0,1.0,False,False,False
خاموش ساخت,1,1,False,True,ساخت,1.0,0.0,False,False,False
خالی نمود,1,1,False,True,نمود,1.0,0.0,False,False,False
تضافر کرد,1,0,True,True,کرد,0.0,1.0,False,False,False
تصویر کشت,1,1,True,True,کشت,1.0,0.0,False,False,False
پرسش شد,1,0,True,True,شد,0.0,1.0,False,False,False
پرستش شد,1,0,True,True,شد,0.0,1.0,False,False,False
پرستاری شد,1,0,True,True,شد,0.0,1.0,False,False,False
پررونق کرد,1,1,False,True,کرد,1.0,0.0,False,False,False
پلاک شد,1,0,True,True,شد,0.0,1.0,False,False,False
پلان کرد,1,1,True,True,کرد,1.0,0.0,False,False,False
پرپر کرد,1,1,False,True,کرد,1.0,0.0,False,False,False
پرهیزید,1,0,False,False,,0.0,1.0,False,False,False
پرهیز نمود,1,0,True,True,نمود,0.0,1.0,False,False,False
شهادت رسید,1,0,True,True,رسید,0.0,1.0,False,False,False
شکاند,1,1,False,False,,1.0,0.0,False,False,False
شکار شد,1,0,True,True,شد,0.0,1.0,False,False,False
شک داشت,1,0,True,True,داشت,0.0,1.0,False,False,False
شوکه کرد,1,1,False,True,کرد,1.0,0.0,False,False,False
قایم شد,1,0,True,True,شد,0.0,1.0,False,False,False
فیلمبرداری کرد,1,1,True,True,کرد,1.0,0.0,False,False,False
فیضان کرد,1,0,True,True,کرد,0.0,1.0,False,False,False
فیصله یافت,1,0,True,True,یافت,0.0,1.0,False,False,False
قاپ زد,1,1,True,True,زد,1.0,0.0,False,False,False
قانون‌شکنی کرد,1,0,True,True,کرد,0.0,1.0,False,False,False
پست شد,1,0,True,True,شد,0.0,1.0,False,False,False
پریشان کرد,1,1,False,True,کرد,1.0,0.0,False,False,False
شوق کرد,1,1,False,True,کرد,1.0,0.0,False,False,False
بهره‌جو کرد,1,0,True,True,کرد,0.0,1.0,False,False,False
به ساخت,1,1,False,True,ساخت,1.0,0.0,False,False,False
به آورد,1,1,True,True,آورد,1.0,0.0,False,False,False
بنیان‌گذاری شد,1,0,True,True,شد,0.0,1.0,False,False,False
قابل کرد,1,1,False,True,کرد,1.0,0.0,False,False,False
قتل‌عام کرد,1,1,True,True,کرد,1.0,0.0,False,False,False
بالا کرد,1,1,False,True,کرد,1.0,0.0,False,False,False
قائل کرد,1,1,True,True,کرد,1.0,0.0,False,False,False
شگفت‌زده کرد,1,1,False,True,کرد,1.0,0.0,False,False,False
بهانه‌تراشی کرد,1,0,True,True,کرد,0.0,1.0,False,False,False
ارجمند داشت,1,1,False,True,داشت,1.0,0.0,False,False,False
ارجاع داد,1,1,True,True,داد,1.0,0.0,False,False,False
ارج گذاشت,1,0,True,True,گذاشت,0.0,1.0,False,False,False
حکم نمود,1,0,True,True,نمود,0.0,1.0,False,False,False
ارزیابی شد,1,0,True,True,شد,0.0,1.0,False,False,False
ارزش‌گذاری کرد,1,0,True,True,کرد,0.0,1.0,False,False,False
تطمیع شد,1,0,True,True,شد,0.0,1.0,False,False,False
تطبیق یافت,1,0,True,True,یافت,0.0,1.0,False,False,False
خالص ساخت,1,0,False,True,ساخت,0.0,1.0,False,False,False
خاطرنشان ساخت,1,1,True,True,ساخت,1.0,0.0,False,False,False
خاضع کرد,1,1,False,True,کرد,1.0,0.0,False,False,False
خارید,1,0,False,False,,0.0,1.0,False,False,False
پلاسید,1,0,False,False,,0.0,1.0,False,False,False
پف کرد,1,0,True,True,کرد,0.0,1.0,False,False,False
پشتیبانی شد,1,0,True,True,شد,0.0,1.0,False,False,False
پشت پیچید,1,0,True,True,پیچید,0.0,1.0,False,False,False
ازدواج نمود,1,0,True,True,نمود,0.0,1.0,False,False,False
ارنج کرد,1,1,True,True,کرد,1.0,0.0,False,False,False
ارمغان فرستاد,1,1,True,True,فرستاد,1.0,0.0,False,False,False
فوران نمود,1,0,True,True,نمود,0.0,1.0,False,False,False
حقیر کرد,1,1,False,True,کرد,1.0,0.0,False,False,False
تطابق داد,1,1,True,True,داد,1.0,0.0,False,False,False
تضمین شد,1,0,True,True,شد,0.0,1.0,False,False,False
تضمین داد,1,0,True,True,داد,0.0,1.0,False,False,False
حمایت نمود,1,0,True,True,نمود,0.0,1.0,False,False,False
پنهان نمود,1,1,False,True,نمود,1.0,0.0,False,False,False
پناه کرد,1,0,True,True,کرد,0.0,1.0,False,False,False
پناه برید,1,0,True,True,برید,0.0,1.0,False,False,False
پلکان کرد,1,0,False,True,کرد,0.0,1.0,False,False,False
ارزیابی نمود,1,1,True,True,نمود,1.0,0.0,False,False,False
حمایت شد,1,0,True,True,شد,0.0,1.0,False,False,False
تعریض شد,1,0,True,True,شد,0.0,1.0,False,False,False
تعدیل شد,1,0,True,True,شد,0.0,1.0,False,False,False
تعبیه نهاد,1,1,True,True,نهاد,1.0,0.0,False,False,False
حکم‌فرما کرد,1,1,False,True,کرد,1.0,0.0,False,False,False
ارزانی فرمود,1,0,True,True,فرمود,0.0,1.0,False,False,False
پوشیده داشت,1,0,False,True,داشت,0.0,1.0,False,False,False
پوست کند,1,1,True,True,کند,1.0,0.0,False,False,False
پوست انداخت,1,0,True,True,انداخت,0.0,1.0,False,False,False
پهلوگیری کرد,1,0,True,True,کرد,0.0,1.0,False,False,False
حل گرفت,1,1,True,True,گرفت,1.0,0.0,False,False,False
صبر نمود,1,0,True,True,نمود,0.0,1.0,False,False,False
بنیان شد,1,0,True,True,شد,0.0,1.0,False,False,False
شکسته کرد,1,0,False,True,کرد,0.0,1.0,False,False,False
شکایت برد,1,0,True,True,برد,0.0,1.0,False,False,False
شیو کرد,1,1,True,True,کرد,1.0,0.0,False,False,False
شیرین کرد,1,1,False,True,کرد,1.0,0.0,False,False,False
فسخ نمود,1,1,False,True,نمود,1.0,0.0,False,False,False
فیصله داد,1,1,True,True,داد,1.0,0.0,False,False,False
فکر شد,1,0,True,True,شد,0.0,1.0,False,False,False
فک داشت,1,0,True,True,داشت,0.0,1.0,False,False,False
صحبت نمود,1,0,True,True,نمود,0.0,1.0,False,False,False
پیاده نمود,1,1,False,True,نمود,1.0,0.0,False,False,False
اخم کرد,1,0,True,True,کرد,0.0,1.0,False,False,False
اخفا شد,1,0,True,True,شد,0.0,1.0,False,False,False
اخذ شد,1,0,True,True,شد,0.0,1.0,False,False,False
پنهان ساخت,1,1,False,True,ساخت,1.0,0.0,False,False,False
ارتعاش کرد,1,0,True,True,کرد,0.0,1.0,False,False,False
ادیت کرد,1,1,True,True,کرد,1.0,0.0,False,False,False
ادغام شد,1,0,True,True,شد,0.0,1.0,False,False,False
ادب کرد,1,1,True,True,کرد,1.0,0.0,False,False,False
حسرت خورد,1,0,True,True,خورد,0.0,1.0,False,False,False
حساس کرد,1,0,False,True,کرد,0.0,1.0,False,False,False
تعلل نمود,1,0,True,True,نمود,0.0,1.0,False,False,False
تعاون کرد,1,0,True,True,کرد,0.0,1.0,False,False,False
تعاضد کرد,1,0,True,True,کرد,0.0,1.0,False,False,False
حلال کرد,1,0,False,True,کرد,0.0,1.0,False,False,False
پژمرده کرد,1,0,False,True,کرد,0.0,1.0,False,False,False
پیروزی یافت,1,0,True,True,یافت,0.0,1.0,False,False,False
پیر کرد,1,1,False,True,کرد,1.0,0.0,False,False,False
صادر گشت,1,0,True,True,گشت,0.0,1.0,False,False,False
صادر نمود,1,1,True,True,نمود,1.0,0.0,False,False,False
صادر داشت,1,1,True,True,داشت,1.0,0.0,False,False,False
صاحب کرد,1,1,False,True,کرد,1.0,0.0,False,False,False
صدقه داد,1,1,True,True,داد,1.0,0.0,False,False,False
فواره زد,1,0,True,True,زد,0.0,1.0,False,False,False
فهم شد,1,0,True,True,شد,0.0,1.0,False,False,False
بانگ شد,1,0,True,True,شد,0.0,1.0,False,False,False
فریم گرفت,1,0,True,True,گرفت,0.0,1.0,False,False,False
فریز نمود,1,0,True,True,نمود,0.0,1.0,False,False,False
فلش شد,1,0,True,True,شد,0.0,1.0,False,False,False
فلش زد,1,0,True,True,زد,0.0,1.0,False,False,False
فعالیت نمود,1,0,True,True,نمود,0.0,1.0,False,False,False
تعطیل کرد,1,1,False,True,کرد,1.0,0.0,False,False,False
تعریف نمود,1,1,True,True,نمود,1.0,0.0,False,False,False
پیش‌دستی نمود,1,0,True,True,نمود,0.0,1.0,False,False,False
حساب گذاشت,1,1,False,True,گذاشت,1.0,0.0,False,False,False
حساب شد,1,0,True,True,شد,0.0,1.0,False,False,False
حساب آورد,1,1,True,True,آورد,1.0,0.0,False,False,False
حس شد,1,0,True,True,شد,0.0,1.0,False,False,False
حفر نمود,1,1,True,True,نمود,1.0,0.0,False,False,False
حسین کرد,1,0,True,True,کرد,0.0,1.0,False,False,False
اختلاف کرد,1,0,True,True,کرد,0.0,1.0,False,False,False
پیشه ساخت,1,1,False,True,ساخت,1.0,0.0,False,False,False
پیشنهاد کرد,1,0,True,True,کرد,0.0,1.0,False,False,False
پیشنهاد نمود,1,1,True,True,نمود,1.0,0.0,False,False,False
پیشرفت داد,1,1,True,True,داد,1.0,0.0,False,False,False
حلال داشت,1,1,False,True,داشت,1.0,0.0,False,False,False
پی برید,1,0,True,True,برید,0.0,1.0,False,False,False
اختراع شد,1,0,True,True,شد,0.0,1.0,False,False,False
اخاذی شد,1,0,True,True,شد,0.0,1.0,False,False,False
احیا شد,1,0,True,True,شد,0.0,1.0,False,False,False
بنزین زد,1,0,True,True,زد,0.0,1.0,False,False,False
بنده‌نوازی کرد,1,0,True,True,کرد,0.0,1.0,False,False,False
بنده گردانید,1,1,False,True,گردانید,1.0,0.0,False,False,False
فشار گذاشت,1,1,False,True,گذاشت,1.0,0.0,False,False,False
فشار آمد,1,0,True,True,آمد,0.0,1.0,False,False,False
فسرد,1,0,False,False,,0.0,1.0,False,False,False
بجا آورد,1,1,True,True,آورد,1.0,0.0,False,False,False
صعود یافت,1,0,True,True,یافت,0.0,1.0,False,False,False
صعود داد,1,0,True,True,داد,0.0,1.0,False,False,False
صرف‌نظر کرد,1,0,True,True,کرد,0.0,1.0,False,False,False
صرفه‌جویی شد,1,0,True,True,شد,0.0,1.0,False,False,False
صرف شد,1,0,True,True,شد,0.0,1.0,False,False,False
حراج گذاشت,1,0,True,True,گذاشت,0.0,1.0,False,False,False
فروش رفت,1,0,True,True,رفت,0.0,1.0,False,False,False
حب گذاشت,1,1,False,True,گذاشت,1.0,0.0,False,False,False
تعمیر شد,1,0,True,True,شد,0.0,1.0,False,False,False
تعلیق شد,1,0,True,True,شد,0.0,1.0,False,False,False
احراز شد,1,0,True,True,شد,0.0,1.0,False,False,False
احداث گشت,1,0,True,True,گشت,0.0,1.0,False,False,False
احداث شد,1,0,True,True,شد,0.0,1.0,False,False,False
احتیاط شد,1,0,True,True,شد,0.0,1.0,False,False,False
احتیاج داشت,1,0,True,True,داشت,0.0,1.0,False,False,False
حاصل گشت,1,0,True,True,گشت,0.0,1.0,False,False,False
تعیین ساخت,1,1,True,True,ساخت,1.0,0.0,False,False,False
تعهد کرد,1,0,True,True,کرد,0.0,1.0,False,False,False
تعهد شد,1,0,True,True,شد,0.0,1.0,False,False,False
حرکت نمود,1,0,True,True,نمود,0.0,1.0,False,False,False
حرف‌نویسی کرد,1,1,True,True,کرد,1.0,0.0,False,False,False
حرف شد,1,0,True,True,شد,0.0,1.0,False,False,False
چاک زد,1,1,True,True,زد,1.0,0.0,False,False,False
چاپلوس کرد,1,0,True,True,کرد,0.0,1.0,False,False,False
جولان کرد,1,0,True,True,کرد,0.0,1.0,False,False,False
حتی کرد,1,0,True,True,کرد,0.0,1.0,False,False,False
بمباران شد,1,0,True,True,شد,0.0,1.0,False,False,False
بلوکه کرد,1,1,False,True,کرد,1.0,0.0,False,False,False
بلوا شد,1,0,True,True,شد,0.0,1.0,False,False,False
بلند ساخت,1,1,False,True,ساخت,1.0,0.0,False,False,False
بلا کرد,1,1,False,True,کرد,1.0,0.0,False,False,False
ببرسواری نمود,1,0,True,True,نمود,0.0,1.0,False,False,False
باورناپذیر کرد,1,0,False,True,کرد,0.0,1.0,False,False,False
ضرر کرد,1,0,False,True,کرد,0.0,1.0,False,False,False
ضرب گرفت,1,0,True,True,گرفت,0.0,1.0,False,False,False
فرمان‌روایی کرد,1,0,True,True,کرد,0.0,1.0,False,False,False
فرمانبردار کرد,1,1,False,True,کرد,1.0,0.0,False,False,False
فریاد آورد,1,0,True,True,آورد,0.0,1.0,False,False,False
جلوه‌گر ساخت,1,1,False,True,ساخت,1.0,0.0,False,False,False
احسان شد,1,0,True,True,شد,0.0,1.0,False,False,False
احساس نمود,1,0,True,True,نمود,0.0,1.0,False,False,False
احساس شد,1,0,True,True,شد,0.0,1.0,False,False,False
احتجاج شد,1,0,True,True,شد,0.0,1.0,False,False,False
احاله شد,1,0,True,True,شد,0.0,1.0,False,False,False
احاله داد,1,0,True,True,داد,0.0,1.0,False,False,False
احاطه شد,1,0,True,True,شد,0.0,1.0,False,False,False
چرب‌زبانی کرد,1,0,True,True,کرد,0.0,1.0,False,False,False
چربی‌زدایی کرد,1,1,True,True,کرد,1.0,0.0,False,False,False
چرب کرد,1,1,False,True,کرد,1.0,0.0,False,False,False
چرب نمود,1,1,False,True,نمود,1.0,0.0,False,False,False
اجحاف شد,1,0,True,True,شد,0.0,1.0,False,False,False
حرس کرد,1,1,True,True,کرد,1.0,0.0,False,False,False
اختلاس شد,1,0,True,True,شد,0.0,1.0,False,False,False
اختصاص یافت,1,0,True,True,یافت,0.0,1.0,False,False,False
اجرا گشت,1,0,True,True,گشت,0.0,1.0,False,False,False
چک شد,1,0,True,True,شد,0.0,1.0,False,False,False
چوبه گرفت,1,0,True,True,گرفت,0.0,1.0,False,False,False
اجتناب نمود,1,0,True,True,نمود,0.0,1.0,False,False,False
تفضل فرمود,1,0,True,True,فرمود,0.0,1.0,False,False,False
تفصیل کرد,1,1,True,True,کرد,1.0,0.0,False,False,False
جوش آورد,1,0,True,True,آورد,0.0,1.0,False,False,False
جور کرد,1,1,False,True,کرد,1.0,0.0,False,False,False
جواب داد,1,1,True,True,داد,1.0,0.0,False,False,False
جهت داد,1,1,True,True,داد,1.0,0.0,False,False,False
چسبانید,1,1,False,False,,1.0,0.0,False,False,False
چرخ‌کاری کرد,1,1,True,True,کرد,1.0,0.0,False,False,False
احتکار شد,1,0,True,True,شد,0.0,1.0,False,False,False
اثبات شد,1,0,True,True,شد,0.0,1.0,False,False,False
اتهام زد,1,0,True,True,زد,0.0,1.0,False,False,False
چشم‌پوشی نمود,1,0,True,True,نمود,0.0,1.0,False,False,False
طلوع نمود,1,0,True,True,نمود,0.0,1.0,False,False,False
تفحص شد,1,0,True,True,شد,0.0,1.0,False,False,False
جم خورد,1,0,True,True,خورد,0.0,1.0,False,False,False
جلوگیری ورزید,1,0,True,True,ورزید,0.0,1.0,False,False,False
چندان ساخت,1,1,False,True,ساخت,1.0,0.0,False,False,False
اجابت نمود,1,1,True,True,نمود,1.0,0.0,False,False,False
اجابت فرمود,1,1,True,True,فرمود,1.0,0.0,False,False,False
کار بست,1,1,True,True,بست,1.0,0.0,False,False,False
جلوس کرد,1,0,True,True,کرد,0.0,1.0,False,False,False
جلد کرد,1,1,True,True,کرد,1.0,0.0,False,False,False
جلب شد,1,0,True,True,شد,0.0,1.0,False,False,False
جفا کرد,1,0,True,True,کرد,0.0,1.0,False,False,False
جشن گرفت,1,1,True,True,گرفت,1.0,0.0,False,False,False
جهالت ورزید,1,0,True,True,ورزید,0.0,1.0,False,False,False
چشم چراند,1,0,True,True,چراند,0.0,1.0,False,False,False
اجماع شد,1,0,True,True,شد,0.0,1.0,False,False,False
چه کرد,1,0,False,True,کرد,0.0,1.0,False,False,False
چندک زد,1,0,True,True,زد,0.0,1.0,False,False,False
تقبل فرمود,1,1,True,True,فرمود,1.0,0.0,False,False,False
فروش رسید,1,0,True,True,رسید,0.0,1.0,False,False,False
فرهنگ‌سازی شد,1,0,True,True,شد,0.0,1.0,False,False,False
فرهنگ‌آفرینی کرد,1,0,True,True,کرد,0.0,1.0,False,False,False
فرموله کرد,1,1,True,True,کرد,1.0,0.0,False,False,False
بدعت‌گذاری شد,1,0,True,True,شد,0.0,1.0,False,False,False
بدشانسی آورد,1,0,True,True,آورد,0.0,1.0,False,False,False
بخشش کرد,1,0,True,True,کرد,0.0,1.0,False,False,False
بخشش نمود,1,0,True,True,نمود,0.0,1.0,False,False,False
بخش شد,1,0,True,True,شد,0.0,1.0,False,False,False
بداخلاقی کرد,1,0,False,True,کرد,0.0,1.0,False,False,False
بد کرد,1,0,True,True,کرد,0.0,1.0,False,False,False
ضبط نهاد,1,0,True,True,نهاد,0.0,1.0,False,False,False
صیقل کرد,1,1,True,True,کرد,1.0,0.0,False,False,False
تفویض گشت,1,0,True,True,گشت,0.0,1.0,False,False,False
کار گرفت,1,1,True,True,گرفت,1.0,0.0,False,False,False
کار گذاشت,1,1,True,True,گذاشت,1.0,0.0,False,False,False
کادربندی شد,1,0,True,True,شد,0.0,1.0,False,False,False
جرزنی شد,1,0,True,True,شد,0.0,1.0,False,False,False
جراحی شد,1,0,True,True,شد,0.0,1.0,False,False,False
جرأت کرد,1,0,True,True,کرد,0.0,1.0,False,False,False
جر شد,1,0,True,True,شد,0.0,1.0,False,False,False
جر داد,1,1,True,True,داد,1.0,0.0,False,False,False
جر خورد,1,0,True,True,خورد,0.0,1.0,False,False,False
جسور کرد,1,1,False,True,کرد,1.0,0.0,False,False,False
جست نمود,1,1,True,True,نمود,1.0,0.0,False,False,False
جست شد,1,0,True,True,شد,0.0,1.0,False,False,False
جزء کرد,1,1,False,True,کرد,1.0,0.0,False,False,False
چیز افتاد,1,0,True,True,افتاد,0.0,1.0,False,False,False
چیرگی یافت,1,0,True,True,یافت,0.0,1.0,False,False,False
ابله کرد,1,1,False,True,کرد,1.0,0.0,False,False,False
ابلاغ شد,1,0,True,True,شد,0.0,1.0,False,False,False
جد گرفت,1,1,False,True,گرفت,1.0,0.0,False,False,False
جبهه‌گیری شد,1,0,True,True,شد,0.0,1.0,False,False,False
طلبکاری کرد,1,0,True,True,کرد,0.0,1.0,False,False,False
صیحه کشت,1,0,True,True,کشت,0.0,1.0,False,False,False
ضعیف کرد,1,1,False,True,کرد,1.0,0.0,False,False,False
ضروری نمود,1,0,False,True,نمود,0.0,1.0,False,False,False
طرح شد,1,0,True,True,شد,0.0,1.0,False,False,False
بشارت فرمود,1,1,True,True,فرمود,1.0,0.0,False,False,False
بشارت داد,1,1,True,True,داد,1.0,0.0,False,False,False
بسنده کرد,1,0,False,True,کرد,0.0,1.0,False,False,False
بسط داد,1,1,True,True,داد,1.0,0.0,False,False,False
تقاضا نمود,1,0,True,True,نمود,0.0,1.0,False,False,False
تقابل شد,1,0,True,True,شد,0.0,1.0,False,False,False
تفکر نمود,1,0,True,True,نمود,0.0,1.0,False,False,False
جانشین ساخت,1,1,False,True,ساخت,1.0,0.0,False,False,False
جانب‌داری شد,1,0,True,True,شد,0.0,1.0,False,False,False
جایگیر نمود,1,0,False,True,نمود,0.0,1.0,False,False,False
جایگزین شد,1,0,True,True,شد,0.0,1.0,False,False,False
جایگذاری شد,1,0,True,True,شد,0.0,1.0,False,False,False
کار شد,1,0,True,True,شد,0.0,1.0,False,False,False
کتابدار کرد,1,0,True,True,کرد,0.0,1.0,False,False,False
تقصیر کرد,1,0,True,True,کرد,0.0,1.0,False,False,False
تقسیم‌بندی شد,1,0,True,True,شد,0.0,1.0,False,False,False
تقسیم گشت,1,0,True,True,گشت,0.0,1.0,False,False,False
جدول‌بندی شد,1,0,True,True,شد,0.0,1.0,False,False,False
جدال شد,1,0,True,True,شد,0.0,1.0,False,False,False
جدا نمود,1,1,False,True,نمود,1.0,0.0,False,False,False
کامل کرد,1,1,False,True,کرد,1.0,0.0,False,False,False
کافر شد,1,0,True,True,شد,0.0,1.0,False,False,False
چیره کرد,1,0,False,True,کرد,0.0,1.0,False,False,False
کشانید,1,1,False,False,,1.0,0.0,False,False,False
کاشی‌کاری کرد,1,1,True,True,کرد,1.0,0.0,False,False,False
کسب نمود,1,0,True,True,نمود,0.0,1.0,False,False,False
کری‌خوانی کرد,1,0,True,True,کرد,0.0,1.0,False,False,False
کراهت آمد,1,0,True,True,آمد,0.0,1.0,False,False,False
بسته‌بندی شد,1,0,True,True,شد,0.0,1.0,False,False,False
بستری کرد,1,1,False,True,کرد,1.0,0.0,False,False,False
فرد کرد,1,1,False,True,کرد,1.0,0.0,False,False,False
فربه ساخت,1,1,False,True,ساخت,1.0,0.0,False,False,False
فراهم فرمود,1,1,True,True,فرمود,1.0,0.0,False,False,False
بدرقه نمود,1,1,True,True,نمود,1.0,0.0,False,False,False
بدخوری شد,1,0,True,True,شد,0.0,1.0,False,False,False
فالگیری کرد,1,0,True,True,کرد,0.0,1.0,False,False,False
فال گرفت,1,0,True,True,گرفت,0.0,1.0,False,False,False
فرآوری شد,1,0,True,True,شد,0.0,1.0,False,False,False
کر کرد,1,1,False,True,کرد,1.0,0.0,False,False,False
تقلب شد,1,0,True,True,شد,0.0,1.0,False,False,False
جان افتاد,1,0,True,True,افتاد,0.0,1.0,False,False,False
جاری کرد,1,0,False,True,کرد,0.0,1.0,False,False,False
جارو شد,1,0,True,True,شد,0.0,1.0,False,False,False
آینه‌کاری کرد,1,1,True,True,کرد,1.0,0.0,False,False,False
جای گذاشت,1,1,True,True,گذاشت,1.0,0.0,False,False,False
جای داد,1,1,True,True,داد,1.0,0.0,False,False,False
کج کرد,1,1,False,True,کرد,1.0,0.0,False,False,False
کثیف کرد,1,1,False,True,کرد,1.0,0.0,False,False,False
کف کرد,1,0,True,True,کرد,0.0,1.0,False,False,False
کف داد,1,1,True,True,داد,1.0,0.0,False,False,False
جار کرد,1,0,True,True,کرد,0.0,1.0,False,False,False
جاده‌سازی شد,1,0,True,True,شد,0.0,1.0,False,False,False
تقسیط شد,1,0,True,True,شد,0.0,1.0,False,False,False
تقدیم گشت,1,0,True,True,گشت,0.0,1.0,False,False,False
کشت نمود,1,0,True,True,نمود,0.0,1.0,False,False,False
کسر کرد,1,1,True,True,کرد,1.0,0.0,False,False,False
کسر شد,1,1,True,True,شد,1.0,0.0,False,False,False
ابزار ساخت,1,1,False,True,ساخت,1.0,0.0,False,False,False
ابراز نمود,1,1,True,True,نمود,1.0,0.0,False,False,False
ثبت گشت,1,0,True,True,گشت,0.0,1.0,False,False,False
برابر کرد,1,1,False,True,کرد,1.0,0.0,False,False,False
فرض شد,1,0,True,True,شد,0.0,1.0,False,False,False
طعن زد,1,0,True,True,زد,0.0,1.0,False,False,False
طرد شد,1,0,True,True,شد,0.0,1.0,False,False,False
ظاهر کرد,1,0,True,True,کرد,0.0,1.0,False,False,False
طی نمود,1,1,True,True,نمود,1.0,0.0,False,False,False
طولانی کرد,1,1,False,True,کرد,1.0,0.0,False,False,False
طوفان کرد,1,0,True,True,کرد,0.0,1.0,False,False,False
طواف نمود,1,0,True,True,نمود,0.0,1.0,False,False,False
عاریه شد,1,0,True,True,شد,0.0,1.0,False,False,False
تقویم شد,1,1,True,True,شد,1.0,0.0,False,False,False
ثانیه‌شماری شد,1,0,True,True,شد,0.0,1.0,False,False,False
کمک نمود,1,0,True,True,نمود,0.0,1.0,False,False,False
کمک شد,1,0,True,True,شد,0.0,1.0,False,False,False
آگاه کرد,1,1,False,True,کرد,1.0,0.0,False,False,False
آکنده کرد,1,1,False,True,کرد,1.0,0.0,False,False,False
آکنده ساخت,1,1,False,True,ساخت,1.0,0.0,False,False,False
کم خورد,1,0,False,True,خورد,0.0,1.0,False,False,False
کلنجار رفت,1,0,True,True,رفت,0.0,1.0,False,False,False
کلافه کرد,1,1,False,True,کرد,1.0,0.0,False,False,False
تیمار شد,1,0,True,True,شد,0.0,1.0,False,False,False
تیم شد,1,0,True,True,شد,0.0,1.0,False,False,False
تیغه شد,1,0,True,True,شد,0.0,1.0,False,False,False
جا نهاد,1,1,True,True,نهاد,1.0,0.0,False,False,False
جا شد,1,0,True,True,شد,0.0,1.0,False,False,False
ثواب شد,1,0,True,True,شد,0.0,1.0,False,False,False
کش رفت,1,0,True,True,رفت,0.0,1.0,False,False,False
تکلم نمود,1,0,True,True,نمود,0.0,1.0,False,False,False
تکل کرد,1,1,True,True,کرد,1.0,0.0,False,False,False
تیز کرد,1,1,False,True,کرد,1.0,0.0,False,False,False
تیرباران شد,1,0,True,True,شد,0.0,1.0,False,False,False
تیر کشید,1,0,True,True,کشید,0.0,1.0,False,False,False
کنار آمد,1,0,True,True,آمد,0.0,1.0,False,False,False
ثروت‌اندوزی کرد,1,0,True,True,کرد,0.0,1.0,False,False,False
کفن کرد,1,0,True,True,کرد,0.0,1.0,False,False,False
کفر گرفت,1,0,True,True,گرفت,0.0,1.0,False,False,False
آوانویسی شد,1,0,True,True,شد,0.0,1.0,False,False,False
آندوسکوپی کرد,1,1,True,True,کرد,1.0,0.0,False,False,False
کم‌اعتنا کرد,1,1,False,True,کرد,1.0,0.0,False,False,False
تکیه نمود,1,0,True,True,نمود,0.0,1.0,False,False,False
تکه شد,1,0,True,True,شد,0.0,1.0,False,False,False
تلفظ شد,1,0,True,True,شد,0.0,1.0,False,False,False
تقطیر شد,1,0,True,True,شد,0.0,1.0,False,False,False
بزرگ‌نمایی شد,1,0,True,True,شد,0.0,1.0,False,False,False
تله‌پاتی شد,1,0,True,True,شد,0.0,1.0,False,False,False
تلقین شد,1,0,True,True,شد,0.0,1.0,False,False,False
تلطیف شد,1,0,True,True,شد,0.0,1.0,False,False,False
تلاوت شد,1,0,True,True,شد,0.0,1.0,False,False,False
تلاطم کرد,1,0,True,True,کرد,0.0,1.0,False,False,False
کنف کرد,1,1,False,True,کرد,1.0,0.0,False,False,False
آمیزش شد,1,0,True,True,شد,0.0,1.0,False,False,False
کمرنگ کرد,1,1,False,True,کرد,1.0,0.0,False,False,False
کمر بست,1,0,True,True,بست,0.0,1.0,False,False,False
کم گذاشت,1,0,True,True,گذاشت,0.0,1.0,False,False,False
آمد شد,1,0,True,True,شد,0.0,1.0,False,False,False
آمارگیری شد,1,0,True,True,شد,0.0,1.0,False,False,False
کند کرد,1,1,False,True,کرد,1.0,0.0,False,False,False
کنترل شد,1,0,True,True,شد,0.0,1.0,False,False,False
تکلیف شد,1,0,True,True,شد,0.0,1.0,False,False,False
تکبر ورزید,1,0,True,True,ورزید,0.0,1.0,False,False,False
تکان نخورده,1,0,True,True,نخورده,0.0,1.0,False,False,False
کوچک‌نمایی کرد,1,0,True,True,کرد,0.0,1.0,False,False,False
کودپاشی شد,1,0,True,True,شد,0.0,1.0,False,False,False
توپ‌بازی کرد,1,0,True,True,کرد,0.0,1.0,False,False,False
تله‌گذاری شد,1,0,True,True,شد,0.0,1.0,False,False,False
عادت‌زدایی شد,1,0,True,True,شد,0.0,1.0,False,False,False
عاجز کرد,1,0,False,True,کرد,0.0,1.0,False,False,False
بسترسازی شد,1,0,True,True,شد,0.0,1.0,False,False,False
طمع کرد,1,0,True,True,کرد,0.0,1.0,False,False,False
طمع بست,1,0,True,True,بست,0.0,1.0,False,False,False
ظلم نمود,1,0,True,True,نمود,0.0,1.0,False,False,False
فاش کرد,1,1,False,True,کرد,1.0,0.0,False,False,False
فاسد کرد,1,0,False,True,کرد,0.0,1.0,False,False,False
ظهور یافت,1,0,True,True,یافت,0.0,1.0,False,False,False
ظن برید,1,0,True,True,برید,0.0,1.0,False,False,False
توقیف نمود,1,1,True,True,نمود,1.0,0.0,False,False,False
توقیف شد,1,0,True,True,شد,0.0,1.0,False,False,False
بزرگ نمود,1,0,False,True,نمود,0.0,1.0,False,False,False
عرق کرد,1,0,True,True,کرد,0.0,1.0,False,False,False
بر خورد,1,0,True,True,خورد,0.0,1.0,False,False,False
بدی کرد,1,0,True,True,کرد,0.0,1.0,False,False,False
بدل گشت,1,0,True,True,گشت,0.0,1.0,False,False,False
عداوت نورزید,1,0,True,True,نورزید,0.0,1.0,False,False,False
عدالت ورزید,1,0,True,True,ورزید,0.0,1.0,False,False,False
عجله شد,1,0,True,True,شد,0.0,1.0,False,False,False
برپا ساخت,1,1,False,True,ساخت,1.0,0.0,False,False,False
برپا داشت,1,1,True,True,داشت,1.0,0.0,False,False,False
برهمکنش کرد,1,0,True,True,کرد,0.0,1.0,False,False,False
توقیع شد,1,0,True,True,شد,0.0,1.0,False,False,False
توقف فرمود,1,0,True,True,فرمود,0.0,1.0,False,False,False
تکذیب شد,1,0,True,True,شد,0.0,1.0,False,False,False
گردش کرد,1,0,True,True,کرد,0.0,1.0,False,False,False
آشکار نمود,1,1,False,True,نمود,1.0,0.0,False,False,False
آشوبید,1,0,False,False,,0.0,1.0,False,False,False
آشنایی‌زدایی شد,1,0,True,True,شد,0.0,1.0,False,False,False
آلوده کرد,1,1,False,True,کرد,1.0,0.0,False,False,False
آفتاب کرد,1,0,False,True,کرد,0.0,1.0,False,False,False
آغاز گشت,1,0,True,True,گشت,0.0,1.0,False,False,False
توجیه شد,1,0,True,True,شد,0.0,1.0,False,False,False
تمتع شد,1,0,True,True,شد,0.0,1.0,False,False,False
تلقیح شد,1,0,True,True,شد,0.0,1.0,False,False,False
تلقی گردید,1,0,True,True,گردید,0.0,1.0,False,False,False
تلقی نمود,1,1,True,True,نمود,1.0,0.0,False,False,False
تلفیق شد,1,0,True,True,شد,0.0,1.0,False,False,False
آغاز نمود,1,1,True,True,نمود,1.0,0.0,False,False,False
کیلو انداخت,1,0,True,True,انداخت,0.0,1.0,False,False,False
تولید نمود,1,1,True,True,نمود,1.0,0.0,False,False,False
گران کرد,1,1,False,True,کرد,1.0,0.0,False,False,False
گذشت کرد,1,0,True,True,کرد,0.0,1.0,False,False,False
گرم نمود,1,1,False,True,نمود,1.0,0.0,False,False,False
برنده کرد,1,0,False,True,کرد,0.0,1.0,False,False,False
برنامه‌ریزی نمود,1,0,True,True,نمود,0.0,1.0,False,False,False
برنامه‌ریزی شد,1,0,True,True,شد,0.0,1.0,False,False,False
غش رفت,1,0,True,True,رفت,0.0,1.0,False,False,False
برداشت داشت,1,0,True,True,داشت,0.0,1.0,False,False,False
برخوردار کرد,1,1,False,True,کرد,1.0,0.0,False,False,False
برج‌سازی کرد,1,0,True,True,کرد,0.0,1.0,False,False,False
برجسته کرد,1,1,False,True,کرد,1.0,0.0,False,False,False
برابری شد,1,0,True,True,شد,0.0,1.0,False,False,False
غرق کرد,1,1,False,True,کرد,1.0,0.0,False,False,False
غرق شد,1,0,True,True,شد,0.0,1.0,False,False,False
گرفتار آمد,1,0,True,True,آمد,0.0,1.0,False,False,False
گردن گذارد,1,0,True,True,گذارد,0.0,1.0,False,False,False
تهاجم شد,1,0,True,True,شد,0.0,1.0,False,False,False
تماس کرد,1,0,True,True,کرد,0.0,1.0,False,False,False
تلگراف شد,1,0,True,True,شد,0.0,1.0,False,False,False
گریه انداخت,1,0,True,True,انداخت,0.0,1.0,False,False,False
گریز زد,1,0,True,True,زد,0.0,1.0,False,False,False
آشنا نمود,1,1,False,True,نمود,1.0,0.0,False,False,False
توثیق فرمود,1,0,True,True,فرمود,0.0,1.0,False,False,False
توبیخ شد,1,0,True,True,شد,0.0,1.0,False,False,False
توبه نمود,1,0,True,True,نمود,0.0,1.0,False,False,False
توافق شد,1,0,True,True,شد,0.0,1.0,False,False,False
توازن کرد,1,0,True,True,کرد,0.0,1.0,False,False,False
توسل شد,1,0,True,True,شد,0.0,1.0,False,False,False
توسل جست,1,0,True,True,جست,0.0,1.0,False,False,False
توسعه یافت,1,0,True,True,یافت,0.0,1.0,False,False,False
توزیع شد,1,0,True,True,شد,0.0,1.0,False,False,False
گروکشی شد,1,1,True,True,شد,1.0,0.0,False,False,False
آشفته کرد,1,1,False,True,کرد,1.0,0.0,False,False,False
آشفته ساخت,1,1,False,True,ساخت,1.0,0.0,False,False,False
آسیب دید,1,0,True,True,دید,0.0,1.0,False,False,False
گزارش شد,1,0,True,True,شد,0.0,1.0,False,False,False
تهذیب شد,1,0,True,True,شد,0.0,1.0,False,False,False
غرش کرد,1,0,True,True,کرد,0.0,1.0,False,False,False
غرس کرد,1,1,True,True,کرد,1.0,0.0,False,False,False
غربال شد,1,0,True,True,شد,0.0,1.0,False,False,False
غلتاند,1,0,False,False,,0.0,1.0,False,False,False
غصب نمود,1,1,False,True,نمود,1.0,0.0,False,False,False
غارغار کرد,1,0,True,True,کرد,0.0,1.0,False,False,False
برملا کرد,1,1,False,True,کرد,1.0,0.0,False,False,False
عصبانی کرد,1,0,False,True,کرد,0.0,1.0,False,False,False
عقب‌نشینی نمود,1,0,True,True,نمود,0.0,1.0,False,False,False
عقب‌نشینی شد,1,0,True,True,شد,0.0,1.0,False,False,False
تهدید شد,1,0,True,True,شد,0.0,1.0,False,False,False
گشاده داشت,1,1,False,True,داشت,1.0,0.0,False,False,False
گسیل شد,1,0,True,True,شد,0.0,1.0,False,False,False
عق گرفت,1,0,True,True,گرفت,0.0,1.0,False,False,False
عفو کرد,1,1,True,True,کرد,1.0,0.0,False,False,False
عطا نمود,1,1,True,True,نمود,1.0,0.0,False,False,False
عید گرفت,1,1,True,True,گرفت,1.0,0.0,False,False,False
عیان کرد,1,1,False,True,کرد,1.0,0.0,False,False,False
عیان ساخت,1,1,False,True,ساخت,1.0,0.0,False,False,False
عصب‌کشی شد,1,0,True,True,شد,0.0,1.0,False,False,False
برکت شد,1,0,True,True,شد,0.0,1.0,False,False,False
برچسب خورد,1,0,True,True,خورد,0.0,1.0,False,False,False
عمل نمود,1,0,True,True,نمود,0.0,1.0,False,False,False
گسیل داشت,1,1,True,True,داشت,1.0,0.0,False,False,False
گسترده کرد,1,1,False,True,کرد,1.0,0.0,False,False,False
گستاخی شد,1,0,True,True,شد,0.0,1.0,False,False,False
گس کرد,1,0,False,True,کرد,0.0,1.0,False,False,False
گمانه‌زنی شد,1,0,True,True,شد,0.0,1.0,False,False,False
گمان شد,1,0,True,True,شد,0.0,1.0,False,False,False
آسفالت کرد,1,1,True,True,کرد,1.0,0.0,False,False,False
تمثیل شد,1,0,True,True,شد,0.0,1.0,False,False,False
تنگ‌نظری شد,1,0,True,True,شد,0.0,1.0,False,False,False
تنها گذاشت,1,1,False,True,گذاشت,1.0,0.0,False,False,False
تنقیه شد,1,0,True,True,شد,0.0,1.0,False,False,False
توأم کرد,1,1,False,True,کرد,1.0,0.0,False,False,False
تهییج شد,1,0,True,True,شد,0.0,1.0,False,False,False
تهیه گشت,1,0,True,True,گشت,0.0,1.0,False,False,False
تهویه شد,1,0,True,True,شد,0.0,1.0,False,False,False
آستر شد,1,0,True,True,شد,0.0,1.0,False,False,False
گفت شد,1,0,True,True,شد,0.0,1.0,False,False,False
گشت‌زنی شد,1,1,True,True,شد,1.0,0.0,False,False,False
گرگر کرد,1,0,True,True,کرد,0.0,1.0,False,False,False
گشایش شد,1,0,True,True,شد,0.0,1.0,False,False,False
تمرد شد,1,0,True,True,شد,0.0,1.0,False,False,False
تمدید شد,1,0,True,True,شد,0.0,1.0,False,False,False
گمارید,1,1,False,False,,1.0,0.0,False,False,False
گم شد,1,0,True,True,شد,0.0,1.0,False,False,False
گل‌کاری شد,1,0,True,True,شد,0.0,1.0,False,False,False
گلوله‌باران شد,1,0,True,True,شد,0.0,1.0,False,False,False
گله‌گذاری شد,1,0,True,True,شد,0.0,1.0,False,False,False
گله شد,1,0,True,True,شد,0.0,1.0,False,False,False
گلریزان کرد,1,0,True,True,کرد,0.0,1.0,False,False,False
گلدوزی شد,1,0,True,True,شد,0.0,1.0,False,False,False
گلباران شد,1,1,True,True,شد,1.0,0.0,False,False,False
گلایه شد,1,0,True,True,شد,0.0,1.0,False,False,False
گل شد,1,0,True,True,شد,0.0,1.0,False,False,False
گفت‌وگو کرد,1,0,True,True,کرد,0.0,1.0,False,False,False
آشنا ساخت,1,1,False,True,ساخت,1.0,0.0,False,False,False
گمراه نمود,1,1,False,True,نمود,1.0,0.0,False,False,False
گویندگی شد,1,0,True,True,شد,0.0,1.0,False,False,False
گویا کرد,1,1,False,True,کرد,1.0,0.0,False,False,False
تندی شد,1,0,True,True,شد,0.0,1.0,False,False,False
تنبیه نمود,1,1,True,True,نمود,1.0,0.0,False,False,False
تنبیه شد,1,0,True,True,شد,0.0,1.0,False,False,False
عمر کرد,1,0,True,True,کرد,0.0,1.0,False,False,False
عمارت شد,1,0,True,True,شد,0.0,1.0,False,False,False
برقرار نمود,1,1,True,True,نمود,1.0,0.0,False,False,False
برقرار ساخت,1,1,True,True,ساخت,1.0,0.0,False,False,False
غدر ورزید,1,0,True,True,ورزید,0.0,1.0,False,False,False
غبارروبی شد,1,0,True,True,شد,0.0,1.0,False,False,False
برف‌روبی شد,1,0,True,True,شد,0.0,1.0,False,False,False
بررسی نمود,1,1,True,True,نمود,1.0,0.0,False,False,False
تمسک شد,1,0,True,True,شد,0.0,1.0,False,False,False
تمرین شد,1,0,True,True,شد,0.0,1.0,False,False,False
تمرکز شد,1,0,True,True,شد,0.0,1.0,False,False,False
گوشزد کرد,1,0,True,True,کرد,0.0,1.0,False,False,False
آزرده ساخت,1,1,False,True,ساخت,1.0,0.0,False,False,False
گیر آورد,1,1,True,True,آورد,1.0,0.0,False,False,False
گیر آمد,1,0,True,True,آمد,0.0,1.0,False,False,False
گل‌فروشی کرد,1,0,False,True,کرد,0.0,1.0,False,False,False
گل‌اندود کرد,1,0,False,True,کرد,0.0,1.0,False,False,False
آزار کرد,1,1,True,True,کرد,1.0,0.0,False,False,False
آزار شد,1,0,True,True,شد,0.0,1.0,False,False,False
آزاد ساخت,1,1,False,True,ساخت,1.0,0.0,False,False,False
آردپاشی کرد,1,1,True,True,کرد,1.0,0.0,False,False,False
آرایشگر کرد,1,0,False,True,کرد,0.0,1.0,False,False,False
گند زد,1,0,True,True,زد,0.0,1.0,False,False,False
گناه ورزید,1,0,True,True,ورزید,0.0,1.0,False,False,False
گناه شد,1,0,True,True,شد,0.0,1.0,False,False,False
آتش‌افروزی شد,1,0,True,True,شد,0.0,1.0,False,False,False
گپ زد,1,0,True,True,زد,0.0,1.0,False,False,False
تناسب کرد,1,0,True,True,کرد,0.0,1.0,False,False,False
یراق شد,1,0,True,True,شد,0.0,1.0,False,False,False
یدک کشید,1,1,True,True,کشید,1.0,0.0,False,False,False
آتش شد,1,0,True,True,شد,0.0,1.0,False,False,False
آب‌کشی شد,1,0,True,True,شد,0.0,1.0,False,False,False
آب‌پاشی شد,1,0,True,True,شد,0.0,1.0,False,False,False
‌گذشت,1,0,False,False,,0.0,1.0,False,False,False
یقین داشت,1,0,False,True,داشت,0.0,1.0,False,False,False
‌افروخت,1,1,False,False,,1.0,0.0,False,False,False
‌آمیخت,1,0,False,False,,0.0,1.0,False,False,False
‌آفرید,1,1,False,False,,1.0,0.0,False,False,False
‌آشوبید,1,0,False,False,,0.0,1.0,False,False,False
یک‌سره کرد,1,1,False,True,کرد,1.0,0.0,False,False,False
آبیاری شد,1,0,True,True,شد,0.0,1.0,False,False,False
تمهید شد,1,0,True,True,شد,0.0,1.0,False,False,False
تمشیت شد,1,0,True,True,شد,0.0,1.0,False,False,False
بی‌پروایی کرد,1,0,True,True,کرد,0.0,1.0,False,False,False
بی‌پاسخ گذاشت,1,1,False,True,گذاشت,1.0,0.0,False,False,False
بی‌وفایی شد,1,0,True,True,شد,0.0,1.0,False,False,False
سرنگون ساخت,1,1,True,True,ساخت,1.0,0.0,False,False,False
‌گذاشت,1,1,False,False,,1.0,0.0,False,False,False
‌نهاد,1,1,False,False,,1.0,0.0,False,False,False
‌نشاند,1,1,False,False,,1.0,0.0,False,False,False
‌غلتید,1,0,False,False,,0.0,1.0,False,False,False
‌شناخت,1,1,False,False,,1.0,0.0,False,False,False
آدم‌فروشی کرد,1,0,False,True,کرد,0.0,1.0,False,False,False
آدم کرد,1,1,False,True,کرد,1.0,0.0,False,False,False
آبی کرد,1,0,False,True,کرد,0.0,1.0,False,False,False
یکسان کرد,1,1,False,True,کرد,1.0,0.0,False,False,False
یورتمه رفت,1,0,True,True,رفت,0.0,1.0,False,False,False
تنبلی نمود,1,0,True,True,نمود,0.0,1.0,False,False,False
تناول شد,1,0,True,True,شد,0.0,1.0,False,False,False
