predicate,n,n_obj,n_oblarg,cp_strict,cp_broad,light_verb,obj_rate,oblarg_rate,omission_rate,pp_verb,transitive_5,transitive_10,transitive_20
داشت,1336,1313,83,False,False,,0.9827844311377245,0.06212574850299401,0.017215568862275488,False,True,True,True
رفت,487,10,379,False,False,,0.02053388090349076,0.7782340862422998,0.9794661190965093,True,False,False,False
آمد,461,2,310,False,False,,0.004338394793926247,0.6724511930585684,0.9956616052060737,True,False,False,False
داد,448,432,208,False,False,,0.9642857142857143,0.4642857142857143,0.0357142857142857,False,True,True,True
گرفت,375,352,162,False,False,,0.9386666666666666,0.432,0.06133333333333335,False,True,True,True
رسید,307,2,269,False,False,,0.006514657980456026,0.8762214983713354,0.993485342019544,True,False,False,False
آورد,271,251,201,False,False,,0.9261992619926199,0.7416974169741697,0.07380073800738007,False,True,True,True
دید,215,191,9,False,False,,0.8883720930232558,0.04186046511627907,0.11162790697674418,False,True,True,True
پیدا کرد,207,204,1,True,True,کرد,0.9855072463768116,0.004830917874396135,0.01449275362318836,False,True,True,True
کرد,175,135,20,False,False,,0.7714285714285715,0.11428571428571428,0.22857142857142854,False,True,True,True
گذاشت,165,148,127,False,False,,0.896969696969697,0.7696969696969697,0.10303030303030303,False,True,True,True
افتاد,159,1,123,False,False,,0.006289308176100629,0.7735849056603774,0.9937106918238994,True,False,False,False
خواند,152,134,17,False,False,,0.881578947368421,0.1118421052631579,0.11842105263157898,False,True,True,True
نشست,151,9,110,False,False,,0.059602649006622516,0.7284768211920529,0.9403973509933775,True,False,False,False
زد,148,124,69,False,False,,0.8378378378378378,0.46621621621621623,0.16216216216216217,False,True,True,True
گفت,144,103,47,False,False,,0.7152777777777778,0.3263888888888889,0.2847222222222222,False,True,True,True
کشید,135,124,87,False,False,,0.9185185185185185,0.6444444444444445,0.08148148148148149,False,True,True,True
برد,132,108,80,False,False,,0.8181818181818182,0.6060606060606061,0.18181818181818177,False,True,True,True
خورد,128,78,31,False,False,,0.609375,0.2421875,0.390625,False,True,True,True
انداخت,118,110,91,False,False,,0.9322033898305084,0.7711864406779662,0.06779661016949157,False,True,True,True
نوشت,107,77,15,False,False,,0.719626168224299,0.14018691588785046,0.28037383177570097,False,True,True,True
انجام داد,102,88,1,True,True,داد,0.8627450980392157,0.00980392156862745,0.13725490196078427,False,True,True,True
وجود داشت,100,2,36,True,True,داشت,0.02,0.36,0.98,True,False,False,False
گشت,98,5,64,False,False,,0.05102040816326531,0.6530612244897959,0.9489795918367347,True,False,False,False
ماند,91,0,55,False,False,,0.0,0.6043956043956044,1.0,True,False,False,False
ایستاد,87,0,58,False,False,,0.0,0.6666666666666666,1.0,True,False,False,False
یافت,85,83,10,False,False,,0.9764705882352941,0.11764705882352941,0.02352941176470591,False,True,True,True
پرداخت,81,10,73,False,False,,0.12345679012345678,0.9012345679012346,0.8765432098765432,True,False,False,False
گذشت,75,0,49,False,False,,0.0,0.6533333333333333,1.0,True,False,False,False
ریخت,75,43,46,False,False,,0.5733333333333334,0.6133333333333333,0.42666666666666664,False,True,True,True
رساند,74,73,67,False,False,,0.9864864864864865,0.9054054054054054,0.013513513513513487,False,True,True,True
استفاده کرد,74,4,69,True,True,کرد,0.05405405405405406,0.9324324324324325,0.9459459459459459,True,False,False,False
وارد شد,72,0,12,True,True,شد,0.0,0.16666666666666666,1.0,True,False,False,False
بست,71,68,18,False,False,,0.9577464788732394,0.2535211267605634,0.04225352112676062,False,True,True,True
نهاد,65,59,42,False,False,,0.9076923076923077,0.6461538461538462,0.09230769230769231,False,True,True,True
شناخت,64,62,6,False,False,,0.96875,0.09375,0.03125,False,True,True,True
شروع کرد,62,14,5,True,True,کرد,0.22580645161290322,0.08064516129032258,0.7741935483870968,False,True,True,True
فرستاد,59,50,38,False,False,,0.847457627118644,0.6440677966101694,0.15254237288135597,False,True,True,True
ساخت,55,50,4,False,False,,0.9090909090909091,0.07272727272727272,0.09090909090909094,False,True,True,True
نگاه کرد,55,12,38,True,True,کرد,0.21818181818181817,0.6909090909090909,0.7818181818181819,True,False,False,False
شنید,55,45,5,False,False,,0.8181818181818182,0.09090909090909091,0.18181818181818177,False,True,True,True
دوست داشت,55,49,0,True,True,داشت,0.8909090909090909,0.0,0.10909090909090913,False,True,True,True
بخشید,54,42,11,False,False,,0.7777777777777778,0.2037037037037037,0.2222222222222222,False,True,True,True
خواست,54,40,22,False,False,,0.7407407407407407,0.4074074074074074,0.2592592592592593,False,True,True,True
رسانید,53,50,51,False,False,,0.9433962264150944,0.9622641509433962,0.05660377358490565,False,True,True,True
نشان داد,53,49,14,True,True,داد,0.9245283018867925,0.2641509433962264,0.07547169811320753,False,True,True,True
قرار داد,50,45,38,True,True,داد,0.9,0.76,0.09999999999999998,False,True,True,True
پذیرفت,50,40,1,False,False,,0.8,0.02,0.19999999999999996,False,True,True,True
کشت,50,43,3,False,False,,0.86,0.06,0.14,False,True,True,True
گذارد,49,45,31,False,False,,0.9183673469387755,0.6326530612244898,0.08163265306122447,False,True,True,True
عمل کرد,48,4,18,True,True,کرد,0.08333333333333333,0.375,0.9166666666666666,True,False,False,False
شکست,48,39,0,False,False,,0.8125,0.0,0.1875,False,True,True,True
شد,46,1,10,False,False,,0.021739130434782608,0.21739130434782608,0.9782608695652174,True,False,False,False
اقدام کرد,46,0,10,True,True,کرد,0.0,0.21739130434782608,1.0,True,False,False,False
حرف زد,45,0,14,True,True,زد,0.0,0.3111111111111111,1.0,True,False,False,False
خاست,44,0,18,False,False,,0.0,0.4090909090909091,1.0,True,False,False,False
قرار گرفت,44,1,38,True,True,گرفت,0.022727272727272728,0.8636363636363636,0.9772727272727273,True,False,False,False
دانست,43,25,1,False,False,,0.5813953488372093,0.023255813953488372,0.41860465116279066,False,True,True,True
باز کرد,41,40,0,False,True,کرد,0.975609756097561,0.0,0.024390243902439046,False,True,True,True
برگزار شد,41,0,2,True,True,شد,0.0,0.04878048780487805,1.0,True,False,False,False
زندگی کرد,40,2,16,True,True,کرد,0.05,0.4,0.95,True,False,False,False
حرکت کرد,39,0,19,True,True,کرد,0.0,0.48717948717948717,1.0,True,False,False,False
خندید,38,0,7,False,False,,0.0,0.18421052631578946,1.0,True,False,False,False
دست داد,37,27,7,True,True,داد,0.7297297297297297,0.1891891891891892,0.2702702702702703,False,True,True,True
کار کرد,35,0,7,True,True,کرد,0.0,0.2,1.0,True,False,False,False
شرکت کرد,35,1,33,True,True,کرد,0.02857142857142857,0.9428571428571428,0.9714285714285714,True,False,False,False
گرداند,35,34,26,False,False,,0.9714285714285714,0.7428571428571429,0.02857142857142858,False,True,True,True
ترسید,35,0,23,False,False,,0.0,0.6571428571428571,1.0,True,False,False,False
ایجاد کرد,34,26,0,True,True,کرد,0.7647058823529411,0.0,0.23529411764705888,False,True,True,True
مرد,32,0,1,False,False,,0.0,0.03125,1.0,True,False,False,False
گوش داد,32,5,22,True,True,داد,0.15625,0.6875,0.84375,True,False,False,False
گشود,32,32,7,False,False,,1.0,0.21875,0.0,False,True,True,True
دست زد,32,1,19,True,True,زد,0.03125,0.59375,0.96875,True,False,False,False
نشاند,32,31,18,False,False,,0.96875,0.5625,0.03125,False,True,True,True
افکند,31,30,24,False,False,,0.967741935483871,0.7741935483870968,0.032258064516129004,False,True,True,True
جست,30,28,3,False,False,,0.9333333333333333,0.1,0.06666666666666665,False,True,True,True
اندیشید,30,3,22,False,False,,0.1,0.7333333333333333,0.9,True,False,False,False
کوبید,29,21,21,False,False,,0.7241379310344828,0.7241379310344828,0.27586206896551724,False,True,True,True
شست,29,25,3,False,False,,0.8620689655172413,0.10344827586206896,0.13793103448275867,False,True,True,True
کمک کرد,29,1,19,True,True,کرد,0.034482758620689655,0.6551724137931034,0.9655172413793104,True,False,False,False
گذراند,29,27,16,False,False,,0.9310344827586207,0.5517241379310345,0.06896551724137934,False,True,True,True
سپرد,28,25,28,False,False,,0.8928571428571429,1.0,0.1071428571428571,False,True,True,True
فراموش کرد,28,23,0,True,True,کرد,0.8214285714285714,0.0,0.1785714285714286,False,True,True,True
گزید,28,28,2,False,False,,1.0,0.07142857142857142,0.0,False,True,True,True
دست آورد,27,26,0,True,True,آورد,0.9629629629629629,0.0,0.03703703703703709,False,True,True,True
وارد کرد,27,22,11,True,True,کرد,0.8148148148148148,0.4074074074074074,0.18518518518518523,False,True,True,True
انگیخت,27,27,3,False,False,,1.0,0.1111111111111111,0.0,False,True,True,True
حل کرد,27,27,0,True,True,کرد,1.0,0.0,0.0,False,True,True,True
آفرید,27,26,3,False,False,,0.9629629629629629,0.1111111111111111,0.03703703703703709,False,True,True,True
اشاره کرد,27,1,25,True,True,کرد,0.037037037037037035,0.9259259259259259,0.962962962962963,True,False,False,False
رها کرد,26,19,0,False,True,کرد,0.7307692307692307,0.0,0.2692307692307693,False,True,True,True
نگریست,26,4,19,False,False,,0.15384615384615385,0.7307692307692307,0.8461538461538461,True,False,False,False
بازی کرد,26,4,7,True,True,کرد,0.15384615384615385,0.2692307692307692,0.8461538461538461,True,False,False,False
ادامه داد,26,7,16,True,True,داد,0.2692307692307692,0.6153846153846154,0.7307692307692308,True,False,False,False
احساس کرد,26,7,0,True,True,کرد,0.2692307692307692,0.0,0.7307692307692308,False,True,True,True
فهمید,26,16,2,False,False,,0.6153846153846154,0.07692307692307693,0.3846153846153846,False,True,True,True
پرید,26,0,18,False,False,,0.0,0.6923076923076923,1.0,True,False,False,False
فروخت,26,19,7,False,False,,0.7307692307692307,0.2692307692307692,0.2692307692307693,False,True,True,True
برید,25,24,9,False,False,,0.96,0.36,0.040000000000000036,False,True,True,True
جنگید,25,0,15,False,False,,0.0,0.6,1.0,True,False,False,False
فکر کرد,25,0,12,True,True,کرد,0.0,0.48,1.0,True,False,False,False
صحبت کرد,25,0,20,True,True,کرد,0.0,0.8,1.0,True,False,False,False
آغاز شد,25,0,3,True,True,شد,0.0,0.12,1.0,True,False,False,False
تلاش کرد,25,0,11,True,True,کرد,0.0,0.44,1.0,True,False,False,False
وجود آمد,25,0,3,True,True,آمد,0.0,0.12,1.0,True,False,False,False
تغییر کرد,24,0,2,True,True,کرد,0.0,0.08333333333333333,1.0,True,False,False,False
نوشید,24,21,0,False,False,,0.875,0.0,0.125,False,True,True,True
انتخاب کرد,24,23,1,True,True,کرد,0.9583333333333334,0.041666666666666664,0.04166666666666663,False,True,True,True
کوشید,24,0,9,False,False,,0.0,0.375,1.0,True,False,False,False
پیچید,24,10,20,False,False,,0.4166666666666667,0.8333333333333334,0.5833333333333333,True,False,False,False
اعلام کرد,24,19,0,True,True,کرد,0.7916666666666666,0.0,0.20833333333333337,False,True,True,True
جمع کرد,23,20,2,True,True,کرد,0.8695652173913043,0.08695652173913043,0.13043478260869568,False,True,True,True
اصلاح کرد,23,19,1,True,True,کرد,0.8260869565217391,0.043478260869565216,0.17391304347826086,False,True,True,True
چید,23,22,5,False,False,,0.9565217391304348,0.21739130434782608,0.04347826086956519,False,True,True,True
سوخت,23,0,0,False,False,,0.0,0.0,1.0,False,False,False,False
سر زد,23,0,19,True,True,زد,0.0,0.8260869565217391,1.0,True,False,False,False
خوابید,23,0,4,False,False,,0.0,0.17391304347826086,1.0,True,False,False,False
تغییر داد,23,13,2,True,True,داد,0.5652173913043478,0.08695652173913043,0.4347826086956522,False,True,True,True
بیان کرد,22,19,1,True,True,کرد,0.8636363636363636,0.045454545454545456,0.13636363636363635,False,True,True,True
بارید,22,1,5,False,False,,0.045454545454545456,0.22727272727272727,0.9545454545454546,True,False,False,False
گریست,22,1,1,False,False,,0.045454545454545456,0.045454545454545456,0.9545454545454546,False,False,False,False
دوخت,22,19,15,False,False,,0.8636363636363636,0.6818181818181818,0.13636363636363635,False,True,True,True
خرید,22,17,2,False,False,,0.7727272727272727,0.09090909090909091,0.2272727272727273,False,True,True,True
نقل کرد,22,11,11,True,True,کرد,0.5,0.5,0.5,False,True,True,True
حمایت کرد,22,2,17,True,True,کرد,0.09090909090909091,0.7727272727272727,0.9090909090909091,True,False,False,False
سر داد,22,19,3,True,True,داد,0.8636363636363636,0.13636363636363635,0.13636363636363635,False,True,True,True
دریافت کرد,22,21,8,True,True,کرد,0.9545454545454546,0.36363636363636365,0.045454545454545414,False,True,True,True
راه داد,22,21,19,True,True,داد,0.9545454545454546,0.8636363636363636,0.045454545454545414,False,True,True,True
تجدید کرد,22,7,12,True,True,کرد,0.3181818181818182,0.5454545454545454,0.6818181818181819,True,False,False,False
صرف کرد,22,11,11,True,True,کرد,0.5,0.5,0.5,False,True,True,True
افراشت,21,20,5,False,False,,0.9523809523809523,0.23809523809523808,0.04761904761904767,False,True,True,True
امر کرد,21,9,9,True,True,کرد,0.42857142857142855,0.42857142857142855,0.5714285714285714,False,True,True,True
سخن گفت,21,0,13,True,True,گفت,0.0,0.6190476190476191,1.0,True,False,False,False
نفوذ کرد,21,0,19,True,True,کرد,0.0,0.9047619047619048,1.0,True,False,False,False
بررسی کرد,21,20,1,True,True,کرد,0.9523809523809523,0.047619047619047616,0.04761904761904767,False,True,True,True
ترک کرد,21,21,1,True,True,کرد,1.0,0.047619047619047616,0.0,False,True,True,True
شمرد,21,16,1,False,False,,0.7619047619047619,0.047619047619047616,0.23809523809523814,False,True,True,True
قرار داشت,21,0,18,True,True,داشت,0.0,0.8571428571428571,1.0,True,False,False,False
آغاز کرد,21,18,3,True,True,کرد,0.8571428571428571,0.14285714285714285,0.1428571428571429,False,True,True,True
دوید,21,2,8,False,False,,0.09523809523809523,0.38095238095238093,0.9047619047619048,True,False,False,False
بین رفت,21,0,0,True,True,رفت,0.0,0.0,1.0,False,False,False,False
اظهار کرد,21,4,7,True,True,کرد,0.19047619047619047,0.3333333333333333,0.8095238095238095,True,False,False,False
آویخت,21,14,20,False,False,,0.6666666666666666,0.9523809523809523,0.33333333333333337,False,True,True,True
کاشت,20,17,6,False,False,,0.85,0.3,0.15000000000000002,False,True,True,True
توانست,20,0,0,False,False,,0.0,0.0,1.0,False,False,False,False
تمام کرد,20,18,0,False,True,کرد,0.9,0.0,0.09999999999999998,False,True,True,True
پوشید,19,15,0,False,False,,0.7894736842105263,0.0,0.21052631578947367,False,True,True,True
تابید,19,11,7,False,False,,0.5789473684210527,0.3684210526315789,0.42105263157894735,False,True,True,True
گریه کرد,19,0,0,True,True,کرد,0.0,0.0,1.0,False,False,False,False
تن داد,19,0,17,True,True,داد,0.0,0.8947368421052632,1.0,True,False,False,False
آموخت,19,17,6,False,False,,0.8947368421052632,0.3157894736842105,0.10526315789473684,False,True,True,True
ارائه داد,19,18,4,True,True,داد,0.9473684210526315,0.21052631578947367,0.052631578947368474,False,True,True,True
پیوست,19,0,19,False,False,,0.0,1.0,1.0,True,False,False,False
درد کرد,18,0,10,True,True,کرد,0.0,0.5555555555555556,1.0,True,False,False,False
باد داد,18,18,0,True,True,داد,1.0,0.0,0.0,False,True,True,True
تحقیق کرد,18,1,14,True,True,کرد,0.05555555555555555,0.7777777777777778,0.9444444444444444,True,False,False,False
ایمان آورد,18,0,17,True,True,آورد,0.0,0.9444444444444444,1.0,True,False,False,False
پرسید,18,11,9,False,False,,0.6111111111111112,0.5,0.38888888888888884,False,True,True,True
دمید,18,4,13,False,False,,0.2222222222222222,0.7222222222222222,0.7777777777777778,True,False,False,False
مراجعه کرد,18,1,18,True,True,کرد,0.05555555555555555,1.0,0.9444444444444444,True,False,False,False
یاد افتاد,18,0,0,True,True,افتاد,0.0,0.0,1.0,False,False,False,False
نجات داد,18,16,5,True,True,داد,0.8888888888888888,0.2777777777777778,0.11111111111111116,False,True,True,True
حمله کرد,18,0,17,True,True,کرد,0.0,0.9444444444444444,1.0,True,False,False,False
معرفی کرد,17,15,6,True,True,کرد,0.8823529411764706,0.35294117647058826,0.11764705882352944,False,True,True,True
خرید کرد,17,7,5,True,True,کرد,0.4117647058823529,0.29411764705882354,0.5882352941176471,False,True,True,True
اختصاص داد,17,17,15,True,True,داد,1.0,0.8823529411764706,0.0,False,True,True,True
استعفا داد,17,0,2,True,True,داد,0.0,0.11764705882352941,1.0,True,False,False,False
کشاند,17,16,16,False,False,,0.9411764705882353,0.9411764705882353,0.05882352941176472,False,True,True,True
فراهم کرد,17,15,1,False,True,کرد,0.8823529411764706,0.058823529411764705,0.11764705882352944,False,True,True,True
پرس کرد,17,11,4,True,True,کرد,0.6470588235294118,0.23529411764705882,0.3529411764705882,False,True,True,True
راند,17,13,11,False,False,,0.7647058823529411,0.6470588235294118,0.23529411764705888,False,True,True,True
برداشت کرد,17,6,6,True,True,کرد,0.35294117647058826,0.35294117647058826,0.6470588235294117,False,True,True,True
خودداری کرد,17,0,17,True,True,کرد,0.0,1.0,1.0,True,False,False,False
برخورد کرد,17,1,16,True,True,کرد,0.058823529411764705,0.9411764705882353,0.9411764705882353,True,False,False,False
دعوت کرد,17,14,10,True,True,کرد,0.8235294117647058,0.5882352941176471,0.17647058823529416,False,True,True,True
درست کرد,17,17,0,False,True,کرد,1.0,0.0,0.0,False,True,True,True
لرزید,17,1,5,False,False,,0.058823529411764705,0.29411764705882354,0.9411764705882353,True,False,False,False
تنظیم کرد,17,17,0,True,True,کرد,1.0,0.0,0.0,False,True,True,True
طلبید,17,15,13,False,False,,0.8823529411764706,0.7647058823529411,0.11764705882352944,False,True,True,True
حذف کرد,17,16,5,True,True,کرد,0.9411764705882353,0.29411764705882354,0.05882352941176472,False,True,True,True
حفظ کرد,17,15,2,False,True,کرد,0.8823529411764706,0.11764705882352941,0.11764705882352944,False,True,True,True
همراهی کرد,17,9,9,True,True,کرد,0.5294117647058824,0.5294117647058824,0.47058823529411764,False,True,True,True
دستگیر شد,17,0,0,True,True,شد,0.0,0.0,1.0,False,False,False,False
قطع کرد,17,16,1,True,True,کرد,0.9411764705882353,0.058823529411764705,0.05882352941176472,False,True,True,True
تولید کرد,17,13,0,True,True,کرد,0.7647058823529411,0.0,0.23529411764705888,False,True,True,True
کند,17,16,11,False,False,,0.9411764705882353,0.6470588235294118,0.05882352941176472,False,True,True,True
فشرد,17,16,2,False,False,,0.9411764705882353,0.11764705882352941,0.05882352941176472,False,True,True,True
دفاع کرد,17,1,16,True,True,کرد,0.058823529411764705,0.9411764705882353,0.9411764705882353,True,False,False,False
چرخید,17,1,7,False,False,,0.058823529411764705,0.4117647058823529,0.9411764705882353,True,False,False,False
تاخت,17,0,14,False,False,,0.0,0.8235294117647058,1.0,True,False,False,False
تکرار کرد,17,15,0,True,True,کرد,0.8823529411764706,0.0,0.11764705882352944,False,True,True,True
یاد گرفت,17,13,0,True,True,گرفت,0.7647058823529411,0.0,0.23529411764705888,False,True,True,True
رفتار کرد,16,0,9,True,True,کرد,0.0,0.5625,1.0,True,False,False,False
صورت گرفت,16,0,0,True,True,گرفت,0.0,0.0,1.0,False,False,False,False
مسالمت کرد,16,0,11,True,True,کرد,0.0,0.6875,1.0,True,False,False,False
پاشید,16,14,10,False,False,,0.875,0.625,0.125,False,True,True,True
شکست داد,16,16,1,True,True,داد,1.0,0.0625,0.0,False,True,True,True
استفاده شد,16,0,11,True,True,شد,0.0,0.6875,1.0,True,False,False,False
جمع شد,16,0,5,True,True,شد,0.0,0.3125,1.0,True,False,False,False
افروخت,16,15,0,False,False,,0.9375,0.0,0.0625,False,True,True,True
مالید,16,16,12,False,False,,1.0,0.75,0.0,False,True,True,True
پوشاند,16,16,5,False,False,,1.0,0.3125,0.0,False,True,True,True
سوزاند,16,16,0,False,False,,1.0,0.0,0.0,False,True,True,True
افزود,16,5,15,False,False,,0.3125,0.9375,0.6875,True,False,False,False
متهم کرد,16,16,0,False,True,کرد,1.0,0.0,0.0,False,True,True,True
راه رفت,16,0,3,True,True,رفت,0.0,0.1875,1.0,True,False,False,False
شکایت کرد,16,0,14,True,True,کرد,0.0,0.875,1.0,True,False,False,False
دست کشید,16,0,15,True,True,کشید,0.0,0.9375,1.0,True,False,False,False
فرار کرد,16,0,7,True,True,کرد,0.0,0.4375,1.0,True,False,False,False
سجده کرد,16,1,9,True,True,کرد,0.0625,0.5625,0.9375,True,False,False,False
بوسید,16,14,0,False,False,,0.875,0.0,0.125,False,True,True,True
گردید,16,1,12,False,False,,0.0625,0.75,0.9375,True,False,False,False
دست یافت,16,0,16,True,True,یافت,0.0,1.0,1.0,True,False,False,False
دلجویی کرد,16,0,16,True,True,کرد,0.0,1.0,1.0,True,False,False,False
رعایت کرد,16,14,0,True,True,کرد,0.875,0.0,0.125,False,True,True,True
بازتعریف کرد,15,14,0,True,True,کرد,0.9333333333333333,0.0,0.06666666666666665,False,True,True,True
جهید,15,0,10,False,False,,0.0,0.6666666666666666,1.0,True,False,False,False
پر زد,15,0,2,True,True,زد,0.0,0.13333333333333333,1.0,True,False,False,False
پر کرد,15,12,0,False,True,کرد,0.8,0.0,0.19999999999999996,False,True,True,True
عکس گرفت,15,0,12,True,True,گرفت,0.0,0.8,1.0,True,False,False,False
نصب کرد,15,15,4,True,True,کرد,1.0,0.26666666666666666,0.0,False,True,True,True
ظهور کرد,15,0,5,True,True,کرد,0.0,0.3333333333333333,1.0,True,False,False,False
جلب کرد,15,14,8,True,True,کرد,0.9333333333333333,0.5333333333333333,0.06666666666666665,False,True,True,True
تحمل کرد,15,13,0,True,True,کرد,0.8666666666666667,0.0,0.1333333333333333,False,True,True,True
تافت,15,13,9,False,False,,0.8666666666666667,0.6,0.1333333333333333,False,True,True,True
تبدیل شد,15,1,8,True,True,شد,0.06666666666666667,0.5333333333333333,0.9333333333333333,True,False,False,False
گریخت,15,0,13,False,False,,0.0,0.8666666666666667,1.0,True,False,False,False
قبول داشت,15,14,0,True,True,داشت,0.9333333333333333,0.0,0.06666666666666665,False,True,True,True
تربیت کرد,15,12,0,True,True,کرد,0.8,0.0,0.19999999999999996,False,True,True,True
تراشید,15,13,1,False,False,,0.8666666666666667,0.06666666666666667,0.1333333333333333,False,True,True,True
پرهیز,15,0,15,False,False,,0.0,1.0,1.0,True,False,False,False
ازدواج کرد,15,0,3,True,True,کرد,0.0,0.2,1.0,True,False,False,False
تشکیل داد,15,14,0,True,True,داد,0.9333333333333333,0.0,0.06666666666666665,False,True,True,True
شرکت جست,15,0,15,True,True,جست,0.0,1.0,1.0,True,False,False,False
دست داشت,15,5,10,True,True,داشت,0.3333333333333333,0.6666666666666666,0.6666666666666667,True,False,False,False
ستاند,15,15,8,False,False,,1.0,0.5333333333333333,0.0,False,True,True,True
تشویق کرد,15,14,11,True,True,کرد,0.9333333333333333,0.7333333333333333,0.06666666666666665,False,True,True,True
تصرف کرد,15,12,2,True,True,کرد,0.8,0.13333333333333333,0.19999999999999996,False,True,True,True
مقاومت کرد,15,0,10,True,True,کرد,0.0,0.6666666666666666,1.0,True,False,False,False
بلند شد,15,0,3,True,True,شد,0.0,0.2,1.0,True,False,False,False
بزرگ‌نمایی کرد,15,5,1,True,True,کرد,0.3333333333333333,0.06666666666666667,0.6666666666666667,False,True,True,True
کسب کرد,15,10,2,True,True,کرد,0.6666666666666666,0.13333333333333333,0.33333333333333337,False,True,True,True
کشف کرد,15,13,1,True,True,کرد,0.8666666666666667,0.06666666666666667,0.1333333333333333,False,True,True,True
امتحان کرد,15,14,1,True,True,کرد,0.9333333333333333,0.06666666666666667,0.06666666666666665,False,True,True,True
شکل گرفت,15,0,4,True,True,گرفت,0.0,0.26666666666666666,1.0,True,False,False,False
کاهش داد,15,15,3,True,True,داد,1.0,0.2,0.0,False,True,True,True
بحث کرد,14,0,9,True,True,کرد,0.0,0.6428571428571429,1.0,True,False,False,False
پدید آورد,14,14,1,True,True,آورد,1.0,0.07142857142857142,0.0,False,True,True,True
هدایت کرد,14,14,6,True,True,کرد,1.0,0.42857142857142855,0.0,False,True,True,True
چسبید,14,2,12,False,False,,0.14285714285714285,0.8571428571428571,0.8571428571428572,True,False,False,False
طلب کرد,14,8,8,True,True,کرد,0.5714285714285714,0.5714285714285714,0.4285714285714286,False,True,True,True
کنترل کرد,14,14,0,True,True,کرد,1.0,0.0,0.0,False,True,True,True
رحم کرد,14,0,11,True,True,کرد,0.0,0.7857142857142857,1.0,True,False,False,False
جلوگیری کرد,14,0,14,True,True,کرد,0.0,1.0,1.0,True,False,False,False
جنباند,14,13,0,False,False,,0.9285714285714286,0.0,0.0714285714285714,False,True,True,True
آمیخت,14,6,13,False,False,,0.42857142857142855,0.9285714285714286,0.5714285714285714,True,False,False,False
کاست,14,2,12,False,False,,0.14285714285714285,0.8571428571428571,0.8571428571428572,True,False,False,False
نمایاند,14,14,6,False,False,,1.0,0.42857142857142855,0.0,False,True,True,True
نفس کشید,14,1,0,True,True,کشید,0.07142857142857142,0.0,0.9285714285714286,False,False,False,False
پیمود,14,14,0,False,False,,1.0,0.0,0.0,False,True,True,True
راه افتاد,14,0,3,True,True,افتاد,0.0,0.21428571428571427,1.0,True,False,False,False
شتاب کرد,14,0,6,True,True,کرد,0.0,0.42857142857142855,1.0,True,False,False,False
افزایش داد,14,14,1,True,True,داد,1.0,0.07142857142857142,0.0,False,True,True,True
تعلق گرفت,14,1,13,True,True,گرفت,0.07142857142857142,0.9285714285714286,0.9285714285714286,True,False,False,False
تمرین کرد,14,3,1,True,True,کرد,0.21428571428571427,0.07142857142857142,0.7857142857142857,False,True,True,True
شتافت,14,0,14,False,False,,0.0,1.0,1.0,True,False,False,False
حکومت کرد,14,1,9,True,True,کرد,0.07142857142857142,0.6428571428571429,0.9285714285714286,True,False,False,False
نمایش داد,14,14,1,True,True,داد,1.0,0.07142857142857142,0.0,False,True,True,True
شعله کشید,14,0,0,True,True,کشید,0.0,0.0,1.0,False,False,False,False
سفر کرد,14,0,11,True,True,کرد,0.0,0.7857142857142857,1.0,True,False,False,False
نالید,14,0,6,False,False,,0.0,0.42857142857142855,1.0,True,False,False,False
تأمل کرد,14,0,5,True,True,کرد,0.0,0.35714285714285715,1.0,True,False,False,False
محبت کرد,14,1,9,True,True,کرد,0.07142857142857142,0.6428571428571429,0.9285714285714286,True,False,False,False
ترقی کرد,14,0,4,True,True,کرد,0.0,0.2857142857142857,1.0,True,False,False,False
آماده کرد,14,11,0,False,True,کرد,0.7857142857142857,0.0,0.2142857142857143,False,True,True,True
داد کرد,14,2,4,True,True,کرد,0.14285714285714285,0.2857142857142857,0.8571428571428572,True,False,False,False
مقابله کرد,14,1,12,True,True,کرد,0.07142857142857142,0.8571428571428571,0.9285714285714286,True,False,False,False
نتیجه‌گیری کرد,14,0,4,True,True,کرد,0.0,0.2857142857142857,1.0,True,False,False,False
نهی کرد,14,11,7,True,True,کرد,0.7857142857142857,0.5,0.2142857142857143,False,True,True,True
قبول کرد,14,8,2,True,True,کرد,0.5714285714285714,0.14285714285714285,0.4285714285714286,False,True,True,True
دوری جست,14,0,14,True,True,جست,0.0,1.0,1.0,True,False,False,False
ترساند,14,13,1,False,False,,0.9285714285714286,0.07142857142857142,0.0714285714285714,False,True,True,True
نشانید,13,13,5,False,False,,1.0,0.38461538461538464,0.0,False,True,True,True
کاوید,13,12,0,False,False,,0.9230769230769231,0.0,0.07692307692307687,False,True,True,True
کتک زد,13,12,0,True,True,زد,0.9230769230769231,0.0,0.07692307692307687,False,True,True,True
بستگی داشت,13,0,11,True,True,داشت,0.0,0.8461538461538461,1.0,True,False,False,False
تپید,13,0,3,False,False,,0.0,0.23076923076923078,1.0,True,False,False,False
پدید آمد,13,0,1,True,True,آمد,0.0,0.07692307692307693,1.0,True,False,False,False
باقی ماند,13,0,6,True,True,ماند,0.0,0.46153846153846156,1.0,True,False,False,False
اتحاد کرد,13,0,11,True,True,کرد,0.0,0.8461538461538461,1.0,True,False,False,False
خوش آمد,13,0,9,True,True,آمد,0.0,0.6923076923076923,1.0,True,False,False,False
افزایش یافت,13,0,3,True,True,یافت,0.0,0.23076923076923078,1.0,True,False,False,False
خداحافظی کرد,13,0,11,True,True,کرد,0.0,0.8461538461538461,1.0,True,False,False,False
خواباند,13,13,8,False,False,,1.0,0.6153846153846154,0.0,False,True,True,True
صبر کرد,13,0,4,True,True,کرد,0.0,0.3076923076923077,1.0,True,False,False,False
صادر کرد,13,13,3,True,True,کرد,1.0,0.23076923076923078,0.0,False,True,True,True
راه انداخت,13,12,1,True,True,انداخت,0.9230769230769231,0.07692307692307693,0.07692307692307687,False,True,True,True
عطا کرد,13,11,11,True,True,کرد,0.8461538461538461,0.8461538461538461,0.15384615384615385,False,True,True,True
مؤاخذه کرد,13,10,5,True,True,کرد,0.7692307692307693,0.38461538461538464,0.23076923076923073,False,True,True,True
بهره گرفت,13,0,13,True,True,گرفت,0.0,1.0,1.0,True,False,False,False
سازماندهی کرد,13,8,0,True,True,کرد,0.6153846153846154,0.0,0.3846153846153846,False,True,True,True
درخواست کرد,13,3,9,True,True,کرد,0.23076923076923078,0.6923076923076923,0.7692307692307692,True,False,False,False
ارائه کرد,13,12,2,True,True,کرد,0.9230769230769231,0.15384615384615385,0.07692307692307687,False,True,True,True
شلیک کرد,13,10,9,True,True,کرد,0.7692307692307693,0.6923076923076923,0.23076923076923073,False,True,True,True
کم آورد,13,3,2,True,True,آورد,0.23076923076923078,0.15384615384615385,0.7692307692307692,False,True,True,True
مطالعه کرد,13,7,0,True,True,کرد,0.5384615384615384,0.0,0.46153846153846156,False,True,True,True
پرستید,13,13,0,False,False,,1.0,0.0,0.0,False,True,True,True
چنگ کشید,13,1,10,True,True,کشید,0.07692307692307693,0.7692307692307693,0.9230769230769231,True,False,False,False
گوش کرد,13,7,5,True,True,کرد,0.5384615384615384,0.38461538461538464,0.46153846153846156,False,True,True,True
توضیح داد,13,6,7,True,True,داد,0.46153846153846156,0.5384615384615384,0.5384615384615384,True,False,False,False
پا داشت,13,13,0,False,True,داشت,1.0,0.0,0.0,False,True,True,True
دستگیر کرد,13,13,1,True,True,کرد,1.0,0.07692307692307693,0.0,False,True,True,True
فتح کرد,13,9,0,True,True,کرد,0.6923076923076923,0.0,0.3076923076923077,False,True,True,True
دریغ کرد,13,6,13,True,True,کرد,0.46153846153846156,1.0,0.5384615384615384,True,False,False,False
وادار کرد,13,12,0,False,True,کرد,0.9230769230769231,0.0,0.07692307692307687,False,True,True,True
پروراند,13,12,5,False,False,,0.9230769230769231,0.38461538461538464,0.07692307692307687,False,True,True,True
فاصله گرفت,13,0,13,True,True,گرفت,0.0,1.0,1.0,True,False,False,False
پیش آمد,13,0,0,True,True,آمد,0.0,0.0,1.0,False,False,False,False
مخالفت کرد,13,0,8,True,True,کرد,0.0,0.6153846153846154,1.0,True,False,False,False
فشار داد,13,13,4,True,True,داد,1.0,0.3076923076923077,0.0,False,True,True,True
رست,13,0,11,False,False,,0.0,0.8461538461538461,1.0,True,False,False,False
چاپ کرد,13,13,0,True,True,کرد,1.0,0.0,0.0,False,True,True,True
دیدار کرد,13,1,12,True,True,کرد,0.07692307692307693,0.9230769230769231,0.9230769230769231,True,False,False,False
دنیا آمد,13,0,3,True,True,آمد,0.0,0.23076923076923078,1.0,True,False,False,False
فروگذار کرد,13,3,1,True,True,کرد,0.23076923076923078,0.07692307692307693,0.7692307692307692,False,True,True,True
نگهداری کرد,13,11,6,True,True,کرد,0.8461538461538461,0.46153846153846156,0.15384615384615385,False,True,True,True
توبه کرد,13,0,4,True,True,کرد,0.0,0.3076923076923077,1.0,True,False,False,False
چلاند,13,11,0,False,False,,0.8461538461538461,0.0,0.15384615384615385,False,True,True,True
پرداخت کرد,13,13,1,True,True,کرد,1.0,0.07692307692307693,0.0,False,True,True,True
جنگ کرد,13,1,6,True,True,کرد,0.07692307692307693,0.46153846153846156,0.9230769230769231,True,False,False,False
مذاکره کرد,13,0,8,True,True,کرد,0.0,0.6153846153846154,1.0,True,False,False,False
بازتاب کرد,13,5,4,True,True,کرد,0.38461538461538464,0.3076923076923077,0.6153846153846154,False,True,True,True
هم پاشید,13,5,0,True,True,پاشید,0.38461538461538464,0.0,0.6153846153846154,False,True,True,True
کنار زد,13,13,3,True,True,زد,1.0,0.23076923076923078,0.0,False,True,True,True
آتش زد,13,9,1,True,True,زد,0.6923076923076923,0.07692307692307693,0.3076923076923077,False,True,True,True
اهانت کرد,12,0,12,True,True,کرد,0.0,1.0,1.0,True,False,False,False
نسبت داد,12,12,12,True,True,داد,1.0,1.0,0.0,False,True,True,True
تکیه داد,12,1,11,True,True,داد,0.08333333333333333,0.9166666666666666,0.9166666666666666,True,False,False,False
کنار گذاشت,12,12,0,True,True,گذاشت,1.0,0.0,0.0,False,True,True,True
نثار کرد,12,10,0,True,True,کرد,0.8333333333333334,0.0,0.16666666666666663,False,True,True,True
پخت کرد,12,6,0,True,True,کرد,0.5,0.0,0.5,False,True,True,True
جا ماند,12,0,8,True,True,ماند,0.0,0.6666666666666666,1.0,True,False,False,False
شن‌ریزی کرد,12,8,3,True,True,کرد,0.6666666666666666,0.25,0.33333333333333337,False,True,True,True
هم کوبید,12,12,0,True,True,کوبید,1.0,0.0,0.0,False,True,True,True
منتشر کرد,12,9,0,True,True,کرد,0.75,0.0,0.25,False,True,True,True
فریب داد,12,11,0,True,True,داد,0.9166666666666666,0.0,0.08333333333333337,False,True,True,True
استنشاق کرد,12,10,1,True,True,کرد,0.8333333333333334,0.08333333333333333,0.16666666666666663,False,True,True,True
تحویل گرفت,12,11,3,True,True,گرفت,0.9166666666666666,0.25,0.08333333333333337,False,True,True,True
انجامید,12,0,12,False,False,,0.0,1.0,1.0,True,False,False,False
توجه کرد,12,0,10,True,True,کرد,0.0,0.8333333333333334,1.0,True,False,False,False
موافقت کرد,12,0,10,True,True,کرد,0.0,0.8333333333333334,1.0,True,False,False,False
هدیه کرد,12,11,9,True,True,کرد,0.9166666666666666,0.75,0.08333333333333337,False,True,True,True
تا کرد,12,7,3,True,True,کرد,0.5833333333333334,0.25,0.41666666666666663,False,True,True,True
رشد کرد,12,0,1,True,True,کرد,0.0,0.08333333333333333,1.0,True,False,False,False
معراج کرد,12,0,4,True,True,کرد,0.0,0.3333333333333333,1.0,True,False,False,False
سردبیری کرد,12,12,0,True,True,کرد,1.0,0.0,0.0,False,True,True,True
خارج کرد,12,10,0,False,True,کرد,0.8333333333333334,0.0,0.16666666666666663,False,True,True,True
سبقت جست,12,0,7,True,True,جست,0.0,0.5833333333333334,1.0,True,False,False,False
عمل آمد,12,1,2,True,True,آمد,0.08333333333333333,0.16666666666666666,0.9166666666666666,True,False,False,False
خرج کرد,12,9,2,True,True,کرد,0.75,0.16666666666666666,0.25,False,True,True,True
سر برد,12,3,9,True,True,برد,0.25,0.75,0.75,True,False,False,False
تعمق کرد,12,1,9,True,True,کرد,0.08333333333333333,0.75,0.9166666666666666,True,False,False,False
اعتماد کرد,12,0,12,True,True,کرد,0.0,1.0,1.0,True,False,False,False
اجرا کرد,12,11,0,True,True,کرد,0.9166666666666666,0.0,0.08333333333333337,False,True,True,True
درجا زد,12,0,3,True,True,زد,0.0,0.25,1.0,True,False,False,False
قیام کرد,12,0,3,True,True,کرد,0.0,0.25,1.0,True,False,False,False
تشدید کرد,12,8,0,True,True,کرد,0.6666666666666666,0.0,0.33333333333333337,False,True,True,True
پیدا شد,12,1,3,True,True,شد,0.08333333333333333,0.25,0.9166666666666666,True,False,False,False
بازنگری کرد,12,6,6,True,True,کرد,0.5,0.5,0.5,False,True,True,True
رو کرد,12,6,3,True,True,کرد,0.5,0.25,0.5,False,True,True,True
رو آورد,12,0,11,True,True,آورد,0.0,0.9166666666666666,1.0,True,False,False,False
ظلم کرد,12,0,8,True,True,کرد,0.0,0.6666666666666666,1.0,True,False,False,False
کوفت,12,8,11,False,False,,0.6666666666666666,0.9166666666666666,0.33333333333333337,False,True,True,True
طول کشید,12,0,7,True,True,کشید,0.0,0.5833333333333334,1.0,True,False,False,False
اتفاق افتاد,12,0,0,True,True,افتاد,0.0,0.0,1.0,False,False,False,False
باقی گذاشت,12,12,6,True,True,گذاشت,1.0,0.5,0.0,False,True,True,True
چسباند,12,12,11,False,False,,1.0,0.9166666666666666,0.0,False,True,True,True
مجازات کرد,12,9,0,True,True,کرد,0.75,0.0,0.25,False,True,True,True
پرهیز کرد,12,0,11,True,True,کرد,0.0,0.9166666666666666,1.0,True,False,False,False
ناله کرد,12,1,2,True,True,کرد,0.08333333333333333,0.16666666666666666,0.9166666666666666,True,False,False,False
رهاند,12,12,12,False,False,,1.0,1.0,0.0,False,True,True,True
بیعت کرد,12,0,7,True,True,کرد,0.0,0.5833333333333334,1.0,True,False,False,False
روشن کرد,12,12,0,False,True,کرد,1.0,0.0,0.0,False,True,True,True
تهیه کرد,12,11,2,True,True,کرد,0.9166666666666666,0.16666666666666666,0.08333333333333337,False,True,True,True
جوشید,12,0,5,False,False,,0.0,0.4166666666666667,1.0,True,False,False,False
اجابت کرد,12,10,0,True,True,کرد,0.8333333333333334,0.0,0.16666666666666663,False,True,True,True
گماشت,12,12,10,False,False,,1.0,0.8333333333333334,0.0,False,True,True,True
تقلید کرد,12,2,9,True,True,کرد,0.16666666666666666,0.75,0.8333333333333334,True,False,False,False
تعریف کرد,12,7,4,True,True,کرد,0.5833333333333334,0.3333333333333333,0.41666666666666663,False,True,True,True
غلبه کرد,12,0,12,True,True,کرد,0.0,1.0,1.0,True,False,False,False
آزار داد,12,12,0,True,True,داد,1.0,0.0,0.0,False,True,True,True
میل کرد,12,8,7,True,True,کرد,0.6666666666666666,0.5833333333333334,0.33333333333333337,False,True,True,True
نقاشی کرد,12,7,0,True,True,کرد,0.5833333333333334,0.0,0.41666666666666663,False,True,True,True
پافشاری داشت,12,0,10,True,True,داشت,0.0,0.8333333333333334,1.0,True,False,False,False
پیگیری کرد,12,11,0,True,True,کرد,0.9166666666666666,0.0,0.08333333333333337,False,True,True,True
تجربه کرد,12,11,1,True,True,کرد,0.9166666666666666,0.08333333333333333,0.08333333333333337,False,True,True,True
مشاهده کرد,12,12,0,True,True,کرد,1.0,0.0,0.0,False,True,True,True
تجلی کرد,12,1,9,True,True,کرد,0.08333333333333333,0.75,0.9166666666666666,True,False,False,False
شکنجه کرد,12,9,0,True,True,کرد,0.75,0.0,0.25,False,True,True,True
افشاند,12,11,3,False,False,,0.9166666666666666,0.25,0.08333333333333337,False,True,True,True
برنامه‌ریزی کرد,12,0,10,True,True,کرد,0.0,0.8333333333333334,1.0,True,False,False,False
درمان کرد,12,12,1,True,True,کرد,1.0,0.08333333333333333,0.0,False,True,True,True
افراط کرد,12,0,9,True,True,کرد,0.0,0.75,1.0,True,False,False,False
گنجاند,12,11,12,False,False,,0.9166666666666666,1.0,0.08333333333333337,False,True,True,True
اسکان کرد,11,1,8,True,True,کرد,0.09090909090909091,0.7272727272727273,0.9090909090909091,True,False,False,False
تحلیل کرد,11,11,0,True,True,کرد,1.0,0.0,0.0,False,True,True,True
آرام گرفت,11,0,4,True,True,گرفت,0.0,0.36363636363636365,1.0,True,False,False,False
پاس داشت,11,11,0,True,True,داشت,1.0,0.0,0.0,False,True,True,True
آمرزید,11,9,0,False,False,,0.8181818181818182,0.0,0.18181818181818177,False,True,True,True
ایفا کرد,11,8,1,True,True,کرد,0.7272727272727273,0.09090909090909091,0.2727272727272727,False,True,True,True
صدا زد,11,11,0,True,True,زد,1.0,0.0,0.0,False,True,True,True
ایجاد شد,11,2,0,True,True,شد,0.18181818181818182,0.0,0.8181818181818181,False,False,False,False
آزمایش کرد,11,8,1,True,True,کرد,0.7272727272727273,0.09090909090909091,0.2727272727272727,False,True,True,True
مرور کرد,11,11,0,True,True,کرد,1.0,0.0,0.0,False,True,True,True
بازسازی کرد,11,11,0,True,True,کرد,1.0,0.0,0.0,False,True,True,True
بازگو کرد,11,11,1,True,True,کرد,1.0,0.09090909090909091,0.0,False,True,True,True
ثبت کرد,11,9,6,True,True,کرد,0.8181818181818182,0.5454545454545454,0.18181818181818177,False,True,True,True
جهاد کرد,11,0,7,True,True,کرد,0.0,0.6363636363636364,1.0,True,False,False,False
شنا کرد,11,2,5,True,True,کرد,0.18181818181818182,0.45454545454545453,0.8181818181818181,True,False,False,False
بازرسی کرد,11,8,2,True,True,کرد,0.7272727272727273,0.18181818181818182,0.2727272727272727,False,True,True,True
دوره کرد,11,9,0,True,True,کرد,0.8181818181818182,0.0,0.18181818181818177,False,True,True,True
تدوین کرد,11,10,1,True,True,کرد,0.9090909090909091,0.09090909090909091,0.09090909090909094,False,True,True,True
رواج کرد,11,2,4,True,True,کرد,0.18181818181818182,0.36363636363636365,0.8181818181818181,True,False,False,False
تبدیل کرد,11,9,7,True,True,کرد,0.8181818181818182,0.6363636363636364,0.18181818181818177,False,True,True,True
پیشی گرفت,11,0,11,True,True,گرفت,0.0,1.0,1.0,True,False,False,False
فریب خورد,11,0,0,True,True,خورد,0.0,0.0,1.0,False,False,False,False
رنجید,11,1,9,False,False,,0.09090909090909091,0.8181818181818182,0.9090909090909091,True,False,False,False
رقم زد,11,11,1,True,True,زد,1.0,0.09090909090909091,0.0,False,True,True,True
مداخله کرد,11,0,8,True,True,کرد,0.0,0.7272727272727273,1.0,True,False,False,False
دور کرد,11,8,0,False,True,کرد,0.7272727272727273,0.0,0.2727272727272727,False,True,True,True
تحویل داد,11,9,2,True,True,داد,0.8181818181818182,0.18181818181818182,0.18181818181818177,False,True,True,True
تداخل کرد,11,0,11,True,True,کرد,0.0,1.0,1.0,True,False,False,False
دگرگون کرد,11,10,0,True,True,کرد,0.9090909090909091,0.0,0.09090909090909094,False,True,True,True
تازیانه زد,11,7,3,True,True,زد,0.6363636363636364,0.2727272727272727,0.36363636363636365,False,True,True,True
هم ریخت,11,11,0,True,True,ریخت,1.0,0.0,0.0,False,True,True,True
زد کرد,11,0,7,True,True,کرد,0.0,0.6363636363636364,1.0,True,False,False,False
دعا کرد,11,2,4,True,True,کرد,0.18181818181818182,0.36363636363636365,0.8181818181818181,True,False,False,False
پیروی کرد,11,0,11,True,True,کرد,0.0,1.0,1.0,True,False,False,False
بوسه زد,11,0,11,True,True,زد,0.0,1.0,1.0,True,False,False,False
ترکید,11,0,0,False,False,,0.0,0.0,1.0,False,False,False,False
دم زد,11,0,5,True,True,زد,0.0,0.45454545454545453,1.0,True,False,False,False
تأثیر گذاشت,11,0,9,True,True,گذاشت,0.0,0.8181818181818182,1.0,True,False,False,False
تردید کرد,11,0,7,True,True,کرد,0.0,0.6363636363636364,1.0,True,False,False,False
پیشگویی کرد,11,7,1,True,True,کرد,0.6363636363636364,0.09090909090909091,0.36363636363636365,False,True,True,True
دقت کرد,11,0,7,True,True,کرد,0.0,0.6363636363636364,1.0,True,False,False,False
حک کرد,11,11,8,True,True,کرد,1.0,0.7272727272727273,0.0,False,True,True,True
وفات کرد,11,0,0,True,True,کرد,0.0,0.0,1.0,False,False,False,False
فرق کرد,11,0,4,True,True,کرد,0.0,0.36363636363636365,1.0,True,False,False,False
توطئه کرد,11,0,6,True,True,کرد,0.0,0.5454545454545454,1.0,True,False,False,False
تقدیم داشت,11,10,7,True,True,داشت,0.9090909090909091,0.6363636363636364,0.09090909090909094,False,True,True,True
تقسیم‌بندی کرد,11,10,5,True,True,کرد,0.9090909090909091,0.45454545454545453,0.09090909090909094,False,True,True,True
فایده کرد,11,0,0,True,True,کرد,0.0,0.0,1.0,False,False,False,False
ادامه داشت,11,0,2,True,True,داشت,0.0,0.18181818181818182,1.0,True,False,False,False
داد زد,11,1,2,True,True,زد,0.09090909090909091,0.18181818181818182,0.9090909090909091,True,False,False,False
لغزید,11,0,5,False,False,,0.0,0.45454545454545453,1.0,True,False,False,False
تشکر کرد,11,0,11,True,True,کرد,0.0,1.0,1.0,True,False,False,False
ادامه یافت,11,0,0,True,True,یافت,0.0,0.0,1.0,False,False,False,False
دزدید,11,11,3,False,False,,1.0,0.2727272727272727,0.0,False,True,True,True
تسری کرد,11,0,11,True,True,کرد,0.0,1.0,1.0,True,False,False,False
دست آمد,11,0,2,True,True,آمد,0.0,0.18181818181818182,1.0,True,False,False,False
بالید,11,0,10,False,False,,0.0,0.9090909090909091,1.0,True,False,False,False
بافت,11,11,1,False,False,,1.0,0.09090909090909091,0.0,False,True,True,True
مانور کرد,11,0,7,True,True,کرد,0.0,0.6363636363636364,1.0,True,False,False,False
مبارزه کرد,11,0,6,True,True,کرد,0.0,0.5454545454545454,1.0,True,False,False,False
خطابه کرد,11,0,1,True,True,کرد,0.0,0.09090909090909091,1.0,True,False,False,False
نشانه گرفت,11,10,2,True,True,گرفت,0.9090909090909091,0.18181818181818182,0.09090909090909094,False,True,True,True
چرخاند,11,11,5,False,False,,1.0,0.45454545454545453,0.0,False,True,True,True
دنبال کرد,11,11,0,True,True,کرد,1.0,0.0,0.0,False,True,True,True
پیشه کرد,11,11,0,True,True,کرد,1.0,0.0,0.0,False,True,True,True
حصول کرد,11,11,2,True,True,کرد,1.0,0.18181818181818182,0.0,False,True,True,True
معالجه کرد,11,11,0,True,True,کرد,1.0,0.0,0.0,False,True,True,True
امضا کرد,11,9,0,True,True,کرد,0.8181818181818182,0.0,0.18181818181818177,False,True,True,True
نگه داشت,11,10,6,True,True,داشت,0.9090909090909091,0.5454545454545454,0.09090909090909094,False,True,True,True
شرح داد,11,9,1,True,True,داد,0.8181818181818182,0.09090909090909091,0.18181818181818177,False,True,True,True
بود,11,0,3,False,False,,0.0,0.2727272727272727,1.0,True,False,False,False
همکاری کرد,11,0,10,True,True,کرد,0.0,0.9090909090909091,1.0,True,False,False,False
سان دید,11,4,7,True,True,دید,0.36363636363636365,0.6363636363636364,0.6363636363636364,True,False,False,False
اختیار کرد,11,11,0,True,True,کرد,1.0,0.0,0.0,False,True,True,True
درخشید,11,0,0,False,False,,0.0,0.0,1.0,False,False,False,False
عرضه کرد,11,10,5,True,True,کرد,0.9090909090909091,0.45454545454545453,0.09090909090909094,False,True,True,True
خاطر آورد,11,11,0,True,True,آورد,1.0,0.0,0.0,False,True,True,True
ستود,11,11,0,False,False,,1.0,0.0,0.0,False,True,True,True
سلطه کرد,11,0,8,True,True,کرد,0.0,0.7272727272727273,1.0,True,False,False,False
تعدیل کرد,11,7,1,True,True,کرد,0.6363636363636364,0.09090909090909091,0.36363636363636365,False,True,True,True
تعرض کرد,11,0,11,True,True,کرد,0.0,1.0,1.0,True,False,False,False
سکوت کرد,11,0,3,True,True,کرد,0.0,0.2727272727272727,1.0,True,False,False,False
عهده داشت,11,11,0,True,True,داشت,1.0,0.0,0.0,False,True,True,True
سلام کرد,11,0,7,True,True,کرد,0.0,0.6363636363636364,1.0,True,False,False,False
تقدیر کرد,11,0,11,True,True,کرد,0.0,1.0,1.0,True,False,False,False
عشق ورزید,11,0,11,True,True,ورزید,0.0,1.0,1.0,True,False,False,False
احوال‌پرسی کرد,11,0,7,True,True,کرد,0.0,0.6363636363636364,1.0,True,False,False,False
پوشش داد,11,10,0,True,True,داد,0.9090909090909091,0.0,0.09090909090909094,False,True,True,True
تعبیر کرد,11,8,1,True,True,کرد,0.7272727272727273,0.09090909090909091,0.2727272727272727,False,True,True,True
تضمین کرد,11,11,1,True,True,کرد,1.0,0.09090909090909091,0.0,False,True,True,True
خلق کرد,11,11,2,True,True,کرد,1.0,0.18181818181818182,0.0,False,True,True,True
اجاره کرد,11,11,1,True,True,کرد,1.0,0.09090909090909091,0.0,False,True,True,True
علاج کرد,11,6,0,True,True,کرد,0.5454545454545454,0.0,0.4545454545454546,False,True,True,True
یورش برد,11,0,11,True,True,برد,0.0,1.0,1.0,True,False,False,False
سرکوب کرد,11,10,0,True,True,کرد,0.9090909090909091,0.0,0.09090909090909094,False,True,True,True
بلند کرد,11,11,1,False,True,کرد,1.0,0.09090909090909091,0.0,False,True,True,True
میخ کرد,11,10,5,True,True,کرد,0.9090909090909091,0.45454545454545453,0.09090909090909094,False,True,True,True
احترام گذارد,11,0,10,True,True,گذارد,0.0,0.9090909090909091,1.0,True,False,False,False
توسعه داد,11,11,2,True,True,داد,1.0,0.18181818181818182,0.0,False,True,True,True
آشامید,11,6,0,False,False,,0.5454545454545454,0.0,0.4545454545454546,False,True,True,True
تثبیت کرد,11,11,2,True,True,کرد,1.0,0.18181818181818182,0.0,False,True,True,True
شکفت,11,1,0,False,False,,0.09090909090909091,0.0,0.9090909090909091,False,False,False,False
کوتاهی کرد,11,0,6,True,True,کرد,0.0,0.5454545454545454,1.0,True,False,False,False
مشخص کرد,11,11,0,False,True,کرد,1.0,0.0,0.0,False,True,True,True
مدیریت کرد,11,9,0,True,True,کرد,0.8181818181818182,0.0,0.18181818181818177,False,True,True,True
پرتاب کرد,11,10,7,True,True,کرد,0.9090909090909091,0.6363636363636364,0.09090909090909094,False,True,True,True
جمع‌آوری کرد,11,11,2,True,True,کرد,1.0,0.18181818181818182,0.0,False,True,True,True
پاک کرد,11,9,0,False,True,کرد,0.8181818181818182,0.0,0.18181818181818177,False,True,True,True
یاد کرد,11,5,4,True,True,کرد,0.45454545454545453,0.36363636363636365,0.5454545454545454,False,True,True,True
تکان داد,10,9,0,True,True,داد,0.9,0.0,0.09999999999999998,False,True,True,True
تکیه کرد,10,0,9,True,True,کرد,0.0,0.9,1.0,True,False,False,False
گیر افتاد,10,0,7,True,True,افتاد,0.0,0.7,1.0,True,False,False,False
آشپزی کرد,10,0,0,True,True,کرد,0.0,0.0,1.0,False,False,False,False
پراند,10,10,3,False,False,,1.0,0.3,0.0,False,True,True,True
توهین کرد,10,0,8,True,True,کرد,0.0,0.8,1.0,True,False,False,False
شوخی کرد,10,0,8,True,True,کرد,0.0,0.8,1.0,True,False,False,False
شکست خورد,10,0,6,True,True,خورد,0.0,0.6,1.0,True,False,False,False
مراقبت کرد,10,0,9,True,True,کرد,0.0,0.9,1.0,True,False,False,False
استیفا کرد,10,10,0,True,True,کرد,1.0,0.0,0.0,False,True,True,True
تجلیل کرد,10,1,9,True,True,کرد,0.1,0.9,0.9,True,False,False,False
استمداد کرد,10,0,8,True,True,کرد,0.0,0.8,1.0,True,False,False,False
استناد جست,10,0,10,True,True,جست,0.0,1.0,1.0,True,False,False,False
غلت زد,10,0,7,True,True,زد,0.0,0.7,1.0,True,False,False,False
خنداند,10,8,1,False,False,,0.8,0.1,0.19999999999999996,False,True,True,True
احترام گذاشت,10,0,10,True,True,گذاشت,0.0,1.0,1.0,True,False,False,False
سنجید,10,9,4,False,False,,0.9,0.4,0.09999999999999998,False,True,True,True
تعلیق کرد,10,10,0,True,True,کرد,1.0,0.0,0.0,False,True,True,True
تعلیم داد,10,7,4,True,True,داد,0.7,0.4,0.30000000000000004,False,True,True,True
تعظیم کرد,10,1,8,True,True,کرد,0.1,0.8,0.9,True,False,False,False
تعویض کرد,10,9,1,True,True,کرد,0.9,0.1,0.09999999999999998,False,True,True,True
تفکیک کرد,10,10,7,True,True,کرد,1.0,0.7,0.0,False,True,True,True
تقبل کرد,10,10,0,True,True,کرد,1.0,0.0,0.0,False,True,True,True
پلکید,10,0,7,False,False,,0.0,0.7,1.0,True,False,False,False
اتمام کرد,10,0,8,True,True,کرد,0.0,0.8,1.0,True,False,False,False
پشتیبانی کرد,10,2,7,True,True,کرد,0.2,0.7,0.8,True,False,False,False
تقلب کرد,10,0,3,True,True,کرد,0.0,0.3,1.0,True,False,False,False
سینه زد,10,0,0,True,True,زد,0.0,0.0,1.0,False,False,False,False
نظارت کرد,10,1,8,True,True,کرد,0.1,0.8,0.9,True,False,False,False
نظاره کرد,10,10,0,True,True,کرد,1.0,0.0,0.0,False,True,True,True
نظر گرفت,10,10,2,True,True,گرفت,1.0,0.2,0.0,False,True,True,True
برانداز کرد,10,10,0,True,True,کرد,1.0,0.0,0.0,False,True,True,True
کار رفت,10,0,6,True,True,رفت,0.0,0.6,1.0,True,False,False,False
داوری کرد,10,4,5,True,True,کرد,0.4,0.5,0.6,True,False,False,False
تعقیب کرد,10,10,0,True,True,کرد,1.0,0.0,0.0,False,True,True,True
گلزنی کرد,10,0,0,True,True,کرد,0.0,0.0,1.0,False,False,False,False
اختصاص داشت,10,0,8,True,True,داشت,0.0,0.8,1.0,True,False,False,False
سرزنش کرد,10,10,0,True,True,کرد,1.0,0.0,0.0,False,True,True,True
سر آمد,10,0,0,True,True,آمد,0.0,0.0,1.0,False,False,False,False
سپری کرد,10,10,2,True,True,کرد,1.0,0.2,0.0,False,True,True,True
برطرف کرد,10,10,0,True,True,کرد,1.0,0.0,0.0,False,True,True,True
برقرار کرد,10,10,0,True,True,کرد,1.0,0.0,0.0,False,True,True,True
اثر گذاشت,10,0,10,True,True,گذاشت,0.0,1.0,1.0,True,False,False,False
گناه کرد,10,0,0,True,True,کرد,0.0,0.0,1.0,False,False,False,False
پناه برد,10,0,10,True,True,برد,0.0,1.0,1.0,True,False,False,False
تفکر کرد,10,0,6,True,True,کرد,0.0,0.6,1.0,True,False,False,False
چک کرد,10,10,0,True,True,کرد,1.0,0.0,0.0,False,True,True,True
زوال کرد,10,0,0,True,True,کرد,0.0,0.0,1.0,False,False,False,False
اعزام کرد,10,10,7,True,True,کرد,1.0,0.7,0.0,False,True,True,True
اطلاع داد,10,8,9,True,True,داد,0.8,0.9,0.19999999999999996,False,True,True,True
دخالت کرد,10,0,10,True,True,کرد,0.0,1.0,1.0,True,False,False,False
تصاحب کرد,10,10,0,True,True,کرد,1.0,0.0,0.0,False,True,True,True
ملاقات کرد,10,4,5,True,True,کرد,0.4,0.5,0.6,True,False,False,False
لجبازی کرد,10,0,4,True,True,کرد,0.0,0.4,1.0,True,False,False,False
ادراک کرد,10,8,0,True,True,کرد,0.8,0.0,0.19999999999999996,False,True,True,True
اعتراف کرد,10,0,5,True,True,کرد,0.0,0.5,1.0,True,False,False,False
گرد آمد,10,0,6,True,True,آمد,0.0,0.6,1.0,True,False,False,False
ریشه کرد,10,0,7,True,True,کرد,0.0,0.7,1.0,True,False,False,False
چشم‌پوشی کرد,10,0,10,True,True,کرد,0.0,1.0,1.0,True,False,False,False
چشید,10,9,1,False,False,,0.9,0.1,0.09999999999999998,False,True,True,True
سازش کرد,10,0,9,True,True,کرد,0.0,0.9,1.0,True,False,False,False
نهضت کرد,10,0,0,True,True,کرد,0.0,0.0,1.0,False,False,False,False
تسریع کرد,10,5,1,True,True,کرد,0.5,0.1,0.5,False,True,True,True
تشریح کرد,10,9,0,True,True,کرد,0.9,0.0,0.09999999999999998,False,True,True,True
وقت گذاشت,10,0,8,True,True,گذاشت,0.0,0.8,1.0,True,False,False,False
بال زد,10,0,0,True,True,زد,0.0,0.0,1.0,False,False,False,False
نصیحت کرد,10,9,0,True,True,کرد,0.9,0.0,0.09999999999999998,False,True,True,True
روا داشت,10,9,5,True,True,داشت,0.9,0.5,0.09999999999999998,False,True,True,True
دشمنی کرد,10,0,8,True,True,کرد,0.0,0.8,1.0,True,False,False,False
ترکیب کرد,10,10,9,True,True,کرد,1.0,0.9,0.0,False,True,True,True
دعوا کرد,10,0,5,True,True,کرد,0.0,0.5,1.0,True,False,False,False
چنگ زد,10,4,6,True,True,زد,0.4,0.6,0.6,True,False,False,False
عبور کرد,10,0,9,True,True,کرد,0.0,0.9,1.0,True,False,False,False
تلاقی کرد,10,0,8,True,True,کرد,0.0,0.8,1.0,True,False,False,False
خاموش کرد,10,10,0,False,True,کرد,1.0,0.0,0.0,False,True,True,True
پرواز کرد,10,0,5,True,True,کرد,0.0,0.5,1.0,True,False,False,False
حسرت کشید,10,0,1,True,True,کشید,0.0,0.1,1.0,True,False,False,False
محافظت کرد,10,3,6,True,True,کرد,0.3,0.6,0.7,True,False,False,False
تمجید کرد,10,2,8,True,True,کرد,0.2,0.8,0.8,True,False,False,False
حمله برد,10,0,10,True,True,برد,0.0,1.0,1.0,True,False,False,False
معامله کرد,10,2,6,True,True,کرد,0.2,0.6,0.8,True,False,False,False
تردد کرد,10,0,8,True,True,کرد,0.0,0.8,1.0,True,False,False,False
رنج برد,10,0,9,True,True,برد,0.0,0.9,1.0,True,False,False,False
قفل کرد,10,9,0,True,True,کرد,0.9,0.0,0.09999999999999998,False,True,True,True
ترک خورد,10,1,0,True,True,خورد,0.1,0.0,0.9,False,False,False,False
اتخاذ داشت,10,10,1,True,True,داشت,1.0,0.1,0.0,False,True,True,True
اتخاذ کرد,10,10,0,True,True,کرد,1.0,0.0,0.0,False,True,True,True
وفق داد,10,10,9,True,True,داد,1.0,0.9,0.0,False,True,True,True
پرت کرد,10,9,6,True,True,کرد,0.9,0.6,0.09999999999999998,False,True,True,True
مطابقت کرد,10,2,10,True,True,کرد,0.2,1.0,0.8,True,False,False,False
مطرح کرد,10,9,0,False,True,کرد,0.9,0.0,0.09999999999999998,False,True,True,True
جیغ زد,10,0,0,True,True,زد,0.0,0.0,1.0,False,False,False,False
بازخواست کرد,10,8,2,True,True,کرد,0.8,0.2,0.19999999999999996,False,True,True,True
منتقل کرد,10,9,3,True,True,کرد,0.9,0.3,0.09999999999999998,False,True,True,True
رسیدگی کرد,10,0,9,True,True,کرد,0.0,0.9,1.0,True,False,False,False
نگاشت,10,9,0,False,False,,0.9,0.0,0.09999999999999998,False,True,True,True
تدریس کرد,10,4,1,True,True,کرد,0.4,0.1,0.6,False,True,True,True
تخلص کرد,10,4,5,True,True,کرد,0.4,0.5,0.6,True,False,False,False
گسترد,10,10,6,False,False,,1.0,0.6,0.0,False,True,True,True
گسترش داد,10,10,1,True,True,داد,1.0,0.1,0.0,False,True,True,True
قصد کرد,10,0,0,True,True,کرد,0.0,0.0,1.0,False,False,False,False
منتشر ساخت,10,10,0,True,True,ساخت,1.0,0.0,0.0,False,True,True,True
تاباند,10,10,7,False,False,,1.0,0.7,0.0,False,True,True,True
رخ داد,10,0,0,True,True,داد,0.0,0.0,1.0,False,False,False,False
رخ کشید,10,10,0,True,True,کشید,1.0,0.0,0.0,False,True,True,True
دچار کرد,10,6,0,False,True,کرد,0.6,0.0,0.4,False,True,True,True
تخریب کرد,10,9,0,True,True,کرد,0.9,0.0,0.09999999999999998,False,True,True,True
توجیه کرد,10,8,1,True,True,کرد,0.8,0.1,0.19999999999999996,False,True,True,True
فعالیت کرد,10,0,4,True,True,کرد,0.0,0.4,1.0,True,False,False,False
هراسید,10,0,9,False,False,,0.0,0.9,1.0,True,False,False,False
گروید,10,0,9,False,False,,0.0,0.9,1.0,True,False,False,False
تاول زد,10,0,0,True,True,زد,0.0,0.0,1.0,False,False,False,False
شناسایی کرد,10,8,0,True,True,کرد,0.8,0.0,0.19999999999999996,False,True,True,True
طلوع کرد,10,0,3,True,True,کرد,0.0,0.3,1.0,True,False,False,False
جا داد,10,10,10,True,True,داد,1.0,1.0,0.0,False,True,True,True
پخت,10,8,0,False,False,,0.8,0.0,0.19999999999999996,False,True,True,True
آزمود,10,10,2,False,False,,1.0,0.2,0.0,False,True,True,True
صدا کرد,10,7,0,True,True,کرد,0.7,0.0,0.30000000000000004,False,True,True,True
جبران کرد,10,8,0,True,True,کرد,0.8,0.0,0.19999999999999996,False,True,True,True
اهدا کرد,10,9,2,True,True,کرد,0.9,0.2,0.09999999999999998,False,True,True,True
آب گرفت,10,9,0,True,True,گرفت,0.9,0.0,0.09999999999999998,False,True,True,True
پایداری کرد,9,0,5,True,True,کرد,0.0,0.5555555555555556,1.0,True,False,False,False
استتار کرد,9,7,2,True,True,کرد,0.7777777777777778,0.2222222222222222,0.2222222222222222,False,True,True,True
جایگزین کرد,9,8,1,False,True,کرد,0.8888888888888888,0.1111111111111111,0.11111111111111116,False,True,True,True
پیش‌بینی کرد,9,8,0,True,True,کرد,0.8888888888888888,0.0,0.11111111111111116,False,True,True,True
دک کرد,9,9,0,True,True,کرد,1.0,0.0,0.0,False,True,True,True
هزینه کرد,9,8,8,True,True,کرد,0.8888888888888888,0.8888888888888888,0.11111111111111116,False,True,True,True
گریاند,9,8,0,False,False,,0.8888888888888888,0.0,0.11111111111111116,False,True,True,True
منفجر کرد,9,8,0,True,True,کرد,0.8888888888888888,0.0,0.11111111111111116,False,True,True,True
منعکس کرد,9,9,0,False,True,کرد,1.0,0.0,0.0,False,True,True,True
آراست,9,9,5,False,False,,1.0,0.5555555555555556,0.0,False,True,True,True
استخراج کرد,9,9,2,True,True,کرد,1.0,0.2222222222222222,0.0,False,True,True,True
یاد آمد,9,1,1,True,True,آمد,0.1111111111111111,0.1111111111111111,0.8888888888888888,False,False,False,False
کناره‌گیری کرد,9,0,9,True,True,کرد,0.0,1.0,1.0,True,False,False,False
کناره گرفت,9,0,7,True,True,گرفت,0.0,0.7777777777777778,1.0,True,False,False,False
کم‌کاری کرد,9,0,7,True,True,کرد,0.0,0.7777777777777778,1.0,True,False,False,False
کمین کرد,9,0,5,True,True,کرد,0.0,0.5555555555555556,1.0,True,False,False,False
انگشت‌نگاری کرد,9,1,7,True,True,کرد,0.1111111111111111,0.7777777777777778,0.8888888888888888,True,False,False,False
انکار کرد,9,8,0,True,True,کرد,0.8888888888888888,0.0,0.11111111111111116,False,True,True,True
گیر کرد,9,0,7,True,True,کرد,0.0,0.7777777777777778,1.0,True,False,False,False
آشتی داد,9,8,5,True,True,داد,0.8888888888888888,0.5555555555555556,0.11111111111111116,False,True,True,True
تکریم کرد,9,7,0,True,True,کرد,0.7777777777777778,0.0,0.2222222222222222,False,True,True,True
صدد آمد,9,0,0,True,True,آمد,0.0,0.0,1.0,False,False,False,False
انعکاس کرد,9,1,7,True,True,کرد,0.1111111111111111,0.7777777777777778,0.8888888888888888,True,False,False,False
ایستادگی کرد,9,0,7,True,True,کرد,0.0,0.7777777777777778,1.0,True,False,False,False
توکل کرد,9,0,8,True,True,کرد,0.0,0.8888888888888888,1.0,True,False,False,False
توقیف کرد,9,9,0,True,True,کرد,1.0,0.0,0.0,False,True,True,True
تکثیر کرد,9,6,1,True,True,کرد,0.6666666666666666,0.1111111111111111,0.33333333333333337,False,True,True,True
تک‌روی کرد,9,0,3,True,True,کرد,0.0,0.3333333333333333,1.0,True,False,False,False
تحریم کرد,9,9,0,True,True,کرد,1.0,0.0,0.0,False,True,True,True
تحریف کرد,9,7,2,True,True,کرد,0.7777777777777778,0.2222222222222222,0.2222222222222222,False,True,True,True
دیکته کرد,9,9,8,True,True,کرد,1.0,0.8888888888888888,0.0,False,True,True,True
تدبیر کرد,9,5,2,True,True,کرد,0.5555555555555556,0.2222222222222222,0.4444444444444444,False,True,True,True
تداعی کرد,9,8,2,True,True,کرد,0.8888888888888888,0.2222222222222222,0.11111111111111116,False,True,True,True
دوستی کرد,9,0,8,True,True,کرد,0.0,0.8888888888888888,1.0,True,False,False,False
دوری کرد,9,0,9,True,True,کرد,0.0,1.0,1.0,True,False,False,False
استناد داد,9,7,9,True,True,داد,0.7777777777777778,1.0,0.2222222222222222,False,True,True,True
راز کرد,9,0,9,True,True,کرد,0.0,1.0,1.0,True,False,False,False
تجمع کرد,9,0,9,True,True,کرد,0.0,1.0,1.0,True,False,False,False
قدم زد,9,0,5,True,True,زد,0.0,0.5555555555555556,1.0,True,False,False,False
پادرمیانی کرد,9,0,3,True,True,کرد,0.0,0.3333333333333333,1.0,True,False,False,False
مصاحبه کرد,9,0,8,True,True,کرد,0.0,0.8888888888888888,1.0,True,False,False,False
مشورت کرد,9,0,9,True,True,کرد,0.0,1.0,1.0,True,False,False,False
شکل داد,9,7,2,True,True,داد,0.7777777777777778,0.2222222222222222,0.2222222222222222,False,True,True,True
صف‌بندی کرد,9,1,7,True,True,کرد,0.1111111111111111,0.7777777777777778,0.8888888888888888,True,False,False,False
آشکارسازی کرد,9,9,0,True,True,کرد,1.0,0.0,0.0,False,True,True,True
پذیرایی کرد,9,0,8,True,True,کرد,0.0,0.8888888888888888,1.0,True,False,False,False
تراش داد,9,9,0,True,True,داد,1.0,0.0,0.0,False,True,True,True
قصور کرد,9,0,8,True,True,کرد,0.0,0.8888888888888888,1.0,True,False,False,False
پیکار کرد,9,0,7,True,True,کرد,0.0,0.7777777777777778,1.0,True,False,False,False
پیچاند,9,8,4,False,False,,0.8888888888888888,0.4444444444444444,0.11111111111111116,False,True,True,True
پیوند داد,9,9,9,True,True,داد,1.0,1.0,0.0,False,True,True,True
تجویز کرد,9,9,4,True,True,کرد,1.0,0.4444444444444444,0.0,False,True,True,True
قورت داد,9,7,0,True,True,داد,0.7777777777777778,0.0,0.2222222222222222,False,True,True,True
تورق کرد,9,7,0,True,True,کرد,0.7777777777777778,0.0,0.2222222222222222,False,True,True,True
بازگردانی کرد,9,7,2,True,True,کرد,0.7777777777777778,0.2222222222222222,0.2222222222222222,False,True,True,True
کلید خورد,9,0,0,True,True,خورد,0.0,0.0,1.0,False,False,False,False
پیشرفت کرد,9,0,1,True,True,کرد,0.0,0.1111111111111111,1.0,True,False,False,False
ترمیم کرد,9,6,0,True,True,کرد,0.6666666666666666,0.0,0.33333333333333337,False,True,True,True
چادر زد,9,0,6,True,True,زد,0.0,0.6666666666666666,1.0,True,False,False,False
هدر داد,9,8,0,True,True,داد,0.8888888888888888,0.0,0.11111111111111116,False,True,True,True
ترک گفت,9,8,0,True,True,گفت,0.8888888888888888,0.0,0.11111111111111116,False,True,True,True
ترویج کرد,9,5,1,True,True,کرد,0.5555555555555556,0.1111111111111111,0.4444444444444444,False,True,True,True
دلگرم کرد,9,9,0,True,True,کرد,1.0,0.0,0.0,False,True,True,True
قضاوت کرد,9,0,2,True,True,کرد,0.0,0.2222222222222222,1.0,True,False,False,False
استناد کرد,9,0,8,True,True,کرد,0.0,0.8888888888888888,1.0,True,False,False,False
مهربانی کرد,9,0,7,True,True,کرد,0.0,0.7777777777777778,1.0,True,False,False,False
تبلیغ کرد,9,7,2,True,True,کرد,0.7777777777777778,0.2222222222222222,0.2222222222222222,False,True,True,True
تبعیت کرد,9,2,7,True,True,کرد,0.2222222222222222,0.7777777777777778,0.7777777777777778,True,False,False,False
گسست,9,8,3,False,False,,0.8888888888888888,0.3333333333333333,0.11111111111111116,False,True,True,True
آنالیز کرد,9,8,0,True,True,کرد,0.8888888888888888,0.0,0.11111111111111116,False,True,True,True
طرح کرد,9,7,1,True,True,کرد,0.7777777777777778,0.1111111111111111,0.2222222222222222,False,True,True,True
طراحی کرد,9,8,0,True,True,کرد,0.8888888888888888,0.0,0.11111111111111116,False,True,True,True
طواف کرد,9,0,5,True,True,کرد,0.0,0.5555555555555556,1.0,True,False,False,False
نتیجه گرفت,9,1,1,True,True,گرفت,0.1111111111111111,0.1111111111111111,0.8888888888888888,False,False,False,False
شمارش کرد,9,7,0,True,True,کرد,0.7777777777777778,0.0,0.2222222222222222,False,True,True,True
شلاق زد,9,7,1,True,True,زد,0.7777777777777778,0.1111111111111111,0.2222222222222222,False,True,True,True
جنبید,9,0,0,False,False,,0.0,0.0,1.0,False,False,False,False
تساهل کرد,9,0,5,True,True,کرد,0.0,0.5555555555555556,1.0,True,False,False,False
دشنام داد,9,3,5,True,True,داد,0.3333333333333333,0.5555555555555556,0.6666666666666667,True,False,False,False
تاب داد,9,9,0,True,True,داد,1.0,0.0,0.0,False,True,True,True
تا زد,9,8,1,True,True,زد,0.8888888888888888,0.1111111111111111,0.11111111111111116,False,True,True,True
رجوع کرد,9,0,9,True,True,کرد,0.0,1.0,1.0,True,False,False,False
تسخیر کرد,9,9,0,True,True,کرد,1.0,0.0,0.0,False,True,True,True
دستگیری کرد,9,1,8,True,True,کرد,0.1111111111111111,0.8888888888888888,0.8888888888888888,True,False,False,False
بازی خورد,9,0,2,True,True,خورد,0.0,0.2222222222222222,1.0,True,False,False,False
انتخاب شد,9,1,1,True,True,شد,0.1111111111111111,0.1111111111111111,0.8888888888888888,False,False,False,False
بازپرداخت کرد,9,6,3,True,True,کرد,0.6666666666666666,0.3333333333333333,0.33333333333333337,False,True,True,True
شستشو داد,9,9,0,True,True,داد,1.0,0.0,0.0,False,True,True,True
حاصل شد,9,0,2,True,True,شد,0.0,0.2222222222222222,1.0,True,False,False,False
ارسال داشت,9,8,8,True,True,داشت,0.8888888888888888,0.8888888888888888,0.11111111111111116,False,True,True,True
ارزید,9,0,5,False,False,,0.0,0.5555555555555556,1.0,True,False,False,False
فوران کرد,9,1,1,True,True,کرد,0.1111111111111111,0.1111111111111111,0.8888888888888888,False,False,False,False
تشریف آورد,9,0,3,True,True,آورد,0.0,0.3333333333333333,1.0,True,False,False,False
ارتحال کرد,9,0,0,True,True,کرد,0.0,0.0,1.0,False,False,False,False
لب بست,9,0,2,True,True,بست,0.0,0.2222222222222222,1.0,True,False,False,False
تألیف کرد,9,8,0,True,True,کرد,0.8888888888888888,0.0,0.11111111111111116,False,True,True,True
نیت کرد,9,4,1,True,True,کرد,0.4444444444444444,0.1111111111111111,0.5555555555555556,False,True,True,True
اشاعه کرد,9,4,3,True,True,کرد,0.4444444444444444,0.3333333333333333,0.5555555555555556,False,True,True,True
درید,9,9,0,False,False,,1.0,0.0,0.0,False,True,True,True
درک کرد,9,9,0,True,True,کرد,1.0,0.0,0.0,False,True,True,True
محاسبه کرد,9,7,0,True,True,کرد,0.7777777777777778,0.0,0.2222222222222222,False,True,True,True
مطابقه کرد,9,7,8,True,True,کرد,0.7777777777777778,0.8888888888888888,0.2222222222222222,False,True,True,True
تواضع کرد,9,0,6,True,True,کرد,0.0,0.6666666666666666,1.0,True,False,False,False
طغیان کرد,9,0,1,True,True,کرد,0.0,0.1111111111111111,1.0,True,False,False,False
عبادت کرد,9,2,1,True,True,کرد,0.2222222222222222,0.1111111111111111,0.7777777777777778,False,False,False,False
کشمکش کرد,9,0,5,True,True,کرد,0.0,0.5555555555555556,1.0,True,False,False,False
درنگ کرد,9,0,6,True,True,کرد,0.0,0.6666666666666666,1.0,True,False,False,False
فریاد زد,9,3,1,True,True,زد,0.3333333333333333,0.1111111111111111,0.6666666666666667,False,True,True,True
موضع گرفت,9,0,6,True,True,گرفت,0.0,0.6666666666666666,1.0,True,False,False,False
رقصید,9,0,4,False,False,,0.0,0.4444444444444444,1.0,True,False,False,False
تصدیق کرد,9,8,0,True,True,کرد,0.8888888888888888,0.0,0.11111111111111116,False,True,True,True
ادغام کرد,9,7,7,True,True,کرد,0.7777777777777778,0.7777777777777778,0.2222222222222222,False,True,True,True
اخراج کرد,9,9,6,True,True,کرد,1.0,0.6666666666666666,0.0,False,True,True,True
چرخ زد,9,0,7,True,True,زد,0.0,0.7777777777777778,1.0,True,False,False,False
فرود آورد,9,9,8,True,True,آورد,1.0,0.8888888888888888,0.0,False,True,True,True
گردانید,9,8,5,False,False,,0.8888888888888888,0.5555555555555556,0.11111111111111116,False,True,True,True
بی‌حجابی کرد,9,0,0,True,True,کرد,0.0,0.0,1.0,False,False,False,False
تنفس کرد,9,6,1,True,True,کرد,0.6666666666666666,0.1111111111111111,0.33333333333333337,False,True,True,True
پا زد,9,1,1,True,True,زد,0.1111111111111111,0.1111111111111111,0.8888888888888888,False,False,False,False
شروع شد,9,0,3,True,True,شد,0.0,0.3333333333333333,1.0,True,False,False,False
شخم زد,9,9,0,True,True,زد,1.0,0.0,0.0,False,True,True,True
نازل کرد,9,9,1,True,True,کرد,1.0,0.1111111111111111,0.0,False,True,True,True
خیساند,9,8,5,False,False,,0.8888888888888888,0.5555555555555556,0.11111111111111116,False,True,True,True
خیانت کرد,9,0,7,True,True,کرد,0.0,0.7777777777777778,1.0,True,False,False,False
تعدی کرد,9,0,5,True,True,کرد,0.0,0.5555555555555556,1.0,True,False,False,False
تظاهر کرد,9,0,4,True,True,کرد,0.0,0.4444444444444444,1.0,True,False,False,False
تصویب کرد,9,8,0,True,True,کرد,0.8888888888888888,0.0,0.11111111111111116,False,True,True,True
زایید,9,6,0,False,False,,0.6666666666666666,0.0,0.33333333333333337,False,True,True,True
بین برد,9,9,0,True,True,برد,1.0,0.0,0.0,False,True,True,True
ریزش کرد,9,0,0,True,True,کرد,0.0,0.0,1.0,False,False,False,False
موعظه کرد,9,3,2,True,True,کرد,0.3333333333333333,0.2222222222222222,0.6666666666666667,False,True,True,True
گله کرد,9,0,8,True,True,کرد,0.0,0.8888888888888888,1.0,True,False,False,False
پهن کرد,9,9,0,False,True,کرد,1.0,0.0,0.0,False,True,True,True
اطاعت کرد,9,2,4,True,True,کرد,0.2222222222222222,0.4444444444444444,0.7777777777777778,True,False,False,False
بیداد کرد,9,0,0,True,True,کرد,0.0,0.0,1.0,False,False,False,False
امتناع ورزید,9,0,8,True,True,ورزید,0.0,0.8888888888888888,1.0,True,False,False,False
بدعت گذاشت,9,2,4,True,True,گذاشت,0.2222222222222222,0.4444444444444444,0.7777777777777778,True,False,False,False
نطق کرد,9,0,0,True,True,کرد,0.0,0.0,1.0,False,False,False,False
تماس گرفت,9,0,8,True,True,گرفت,0.0,0.8888888888888888,1.0,True,False,False,False
آه کشید,9,1,0,True,True,کشید,0.1111111111111111,0.0,0.8888888888888888,False,False,False,False
ویرایش کرد,9,8,0,True,True,کرد,0.8888888888888888,0.0,0.11111111111111116,False,True,True,True
پنهان کرد,9,9,0,False,True,کرد,1.0,0.0,0.0,False,True,True,True
تعلل کرد,9,0,5,True,True,کرد,0.0,0.5555555555555556,1.0,True,False,False,False
وجود آورد,9,8,0,True,True,آورد,0.8888888888888888,0.0,0.11111111111111116,False,True,True,True
غیبت کرد,9,0,3,True,True,کرد,0.0,0.3333333333333333,1.0,True,False,False,False
زمزمه کرد,9,7,0,True,True,کرد,0.7777777777777778,0.0,0.2222222222222222,False,True,True,True
اعدام کرد,9,9,0,True,True,کرد,1.0,0.0,0.0,False,True,True,True
چکاند,9,9,4,False,False,,1.0,0.4444444444444444,0.0,False,True,True,True
غلتید,9,0,9,False,False,,0.0,1.0,1.0,True,False,False,False
له‌له زد,9,0,2,True,True,زد,0.0,0.2222222222222222,1.0,True,False,False,False
احیا کرد,9,9,0,True,True,کرد,1.0,0.0,0.0,False,True,True,True
گم کرد,9,9,0,True,True,کرد,1.0,0.0,0.0,False,True,True,True
مانست,9,2,7,False,False,,0.2222222222222222,0.7777777777777778,0.7777777777777778,True,False,False,False
حرمت نهاد,9,7,1,True,True,نهاد,0.7777777777777778,0.1111111111111111,0.2222222222222222,False,True,True,True
حفاظت کرد,9,1,9,True,True,کرد,0.1111111111111111,1.0,0.8888888888888888,True,False,False,False
عدول کرد,9,0,9,True,True,کرد,0.0,1.0,1.0,True,False,False,False
سپاسگزاری کرد,9,0,8,True,True,کرد,0.0,0.8888888888888888,1.0,True,False,False,False
غفلت کرد,9,0,6,True,True,کرد,0.0,0.6666666666666666,1.0,True,False,False,False
فتوا داد,9,0,1,True,True,داد,0.0,0.1111111111111111,1.0,True,False,False,False
نوازش داد,9,9,0,True,True,داد,1.0,0.0,0.0,False,True,True,True
تعیین کرد,9,8,1,True,True,کرد,0.8888888888888888,0.1111111111111111,0.11111111111111116,False,True,True,True
تفریح کرد,9,0,0,True,True,کرد,0.0,0.0,1.0,False,False,False,False
تفاوت گذاشت,9,0,9,True,True,گذاشت,0.0,1.0,1.0,True,False,False,False
سخنرانی کرد,9,0,1,True,True,کرد,0.0,0.1111111111111111,1.0,True,False,False,False
بنیان گذاشت,9,9,1,True,True,گذاشت,1.0,0.1111111111111111,0.0,False,True,True,True
لگد زد,9,2,5,True,True,زد,0.2222222222222222,0.5555555555555556,0.7777777777777778,True,False,False,False
لکه‌زدایی کرد,9,4,0,True,True,کرد,0.4444444444444444,0.0,0.5555555555555556,False,True,True,True
ورزید,9,6,1,False,False,,0.6666666666666666,0.1111111111111111,0.33333333333333337,False,True,True,True
ابلاغ کرد,9,8,7,True,True,کرد,0.8888888888888888,0.7777777777777778,0.11111111111111116,False,True,True,True
ابراز کرد,9,2,1,True,True,کرد,0.2222222222222222,0.1111111111111111,0.7777777777777778,False,False,False,False
سوگواری کرد,9,0,6,True,True,کرد,0.0,0.6666666666666666,1.0,True,False,False,False
سوء کرد,9,0,0,True,True,کرد,0.0,0.0,1.0,False,False,False,False
بذرپاشی کرد,9,3,2,True,True,کرد,0.3333333333333333,0.2222222222222222,0.6666666666666667,False,True,True,True
برش داد,9,8,0,True,True,داد,0.8888888888888888,0.0,0.11111111111111116,False,True,True,True
سنگینی کرد,9,0,8,True,True,کرد,0.0,0.8888888888888888,1.0,True,False,False,False
سوق داد,9,8,9,True,True,داد,0.8888888888888888,1.0,0.11111111111111116,False,True,True,True
مجاهده کرد,9,0,5,True,True,کرد,0.0,0.5555555555555556,1.0,True,False,False,False
ورانداز کرد,9,8,0,True,True,کرد,0.8888888888888888,0.0,0.11111111111111116,False,True,True,True
خزید,9,0,9,False,False,,0.0,1.0,1.0,True,False,False,False
تفویض کرد,9,8,7,True,True,کرد,0.8888888888888888,0.7777777777777778,0.11111111111111116,False,True,True,True
پناه گرفت,9,0,9,True,True,گرفت,0.0,1.0,1.0,True,False,False,False
بند آورد,9,9,1,True,True,آورد,1.0,0.1111111111111111,0.0,False,True,True,True
نماز خواند,9,0,1,True,True,خواند,0.0,0.1111111111111111,1.0,True,False,False,False
سر رسید,9,0,0,True,True,رسید,0.0,0.0,1.0,False,False,False,False
نادیده گرفت,9,9,0,True,True,گرفت,1.0,0.0,0.0,False,True,True,True
اقامه کرد,9,8,0,True,True,کرد,0.8888888888888888,0.0,0.11111111111111116,False,True,True,True
الحاق کرد,9,4,8,True,True,کرد,0.4444444444444444,0.8888888888888888,0.5555555555555556,True,False,False,False
اتو کشید,9,5,0,True,True,کشید,0.5555555555555556,0.0,0.4444444444444444,False,True,True,True
تمرکز کرد,9,0,7,True,True,کرد,0.0,0.7777777777777778,1.0,True,False,False,False
تمدید کرد,9,7,2,True,True,کرد,0.7777777777777778,0.2222222222222222,0.2222222222222222,False,True,True,True
خشکید,9,0,0,False,False,,0.0,0.0,1.0,False,False,False,False
اتصالی کرد,9,0,0,False,True,کرد,0.0,0.0,1.0,False,False,False,False
اجحاف کرد,9,0,8,True,True,کرد,0.0,0.8888888888888888,1.0,True,False,False,False
سرایید,9,7,0,False,False,,0.7777777777777778,0.0,0.2222222222222222,False,True,True,True
سرما خورد,9,0,0,True,True,خورد,0.0,0.0,1.0,False,False,False,False
غارت کرد,9,8,0,True,True,کرد,0.8888888888888888,0.0,0.11111111111111116,False,True,True,True
سرپیچی کرد,9,0,8,True,True,کرد,0.0,0.8888888888888888,1.0,True,False,False,False
پسندید,9,8,0,False,False,,0.8888888888888888,0.0,0.11111111111111116,False,True,True,True
تلاوت کرد,9,9,0,True,True,کرد,1.0,0.0,0.0,False,True,True,True
معاینه کرد,9,8,0,True,True,کرد,0.8888888888888888,0.0,0.11111111111111116,False,True,True,True
اقامت کرد,9,1,9,True,True,کرد,0.1111111111111111,1.0,0.8888888888888888,True,False,False,False
عزاداری کرد,9,1,2,True,True,کرد,0.1111111111111111,0.2222222222222222,0.8888888888888888,True,False,False,False
وصیت کرد,9,2,2,True,True,کرد,0.2222222222222222,0.2222222222222222,0.7777777777777778,False,False,False,False
مجالست کرد,9,0,9,True,True,کرد,0.0,1.0,1.0,True,False,False,False
پخش کرد,9,9,0,True,True,کرد,1.0,0.0,0.0,False,True,True,True
آزرد,9,8,1,False,False,,0.8888888888888888,0.1111111111111111,0.11111111111111116,False,True,True,True
جابجا کرد,9,8,0,True,True,کرد,0.8888888888888888,0.0,0.11111111111111116,False,True,True,True
جا گذاشت,9,9,5,True,True,گذاشت,1.0,0.5555555555555556,0.0,False,True,True,True
مرقوم کرد,9,9,0,True,True,کرد,1.0,0.0,0.0,False,True,True,True
آب‌گیری کرد,9,5,0,True,True,کرد,0.5555555555555556,0.0,0.4444444444444444,False,True,True,True
صله کرد,9,0,4,True,True,کرد,0.0,0.4444444444444444,1.0,True,False,False,False
شکوه کرد,9,0,8,True,True,کرد,0.0,0.8888888888888888,1.0,True,False,False,False
جریمه کرد,9,9,1,True,True,کرد,1.0,0.1111111111111111,0.0,False,True,True,True
آذین کرد,9,7,5,True,True,کرد,0.7777777777777778,0.5555555555555556,0.2222222222222222,False,True,True,True
آتش گرفت,9,0,0,True,True,گرفت,0.0,0.0,1.0,False,False,False,False
یادداشت کرد,8,7,0,True,True,کرد,0.875,0.0,0.125,False,True,True,True
آب‌پاشی کرد,8,5,0,True,True,کرد,0.625,0.0,0.375,False,True,True,True
یاری داد,8,6,4,True,True,داد,0.75,0.5,0.25,False,True,True,True
آذین بست,8,8,0,True,True,بست,1.0,0.0,0.0,False,True,True,True
یاری کرد,8,8,3,True,True,کرد,1.0,0.375,0.0,False,True,True,True
تیراندازی کرد,8,0,5,True,True,کرد,0.0,0.625,1.0,True,False,False,False
شیهه کشید,8,0,0,True,True,کشید,0.0,0.0,1.0,False,False,False,False
اوقات‌تلخی کرد,8,0,3,True,True,کرد,0.0,0.375,1.0,True,False,False,False
آروغ زد,8,0,0,True,True,زد,0.0,0.0,1.0,False,False,False,False
تکلم کرد,8,1,7,True,True,کرد,0.125,0.875,0.875,True,False,False,False
پالایش کرد,8,7,1,True,True,کرد,0.875,0.125,0.125,False,True,True,True
پانسمان کرد,8,7,0,True,True,کرد,0.875,0.0,0.125,False,True,True,True
استعمار کرد,8,7,0,True,True,کرد,0.875,0.0,0.125,False,True,True,True
استعمال کرد,8,8,1,True,True,کرد,1.0,0.125,0.0,False,True,True,True
جاسوسی کرد,8,0,4,True,True,کرد,0.0,0.5,1.0,True,False,False,False
جدیت کرد,8,0,5,True,True,کرد,0.0,0.625,1.0,True,False,False,False
جدا کرد,8,6,0,False,True,کرد,0.75,0.0,0.25,False,True,True,True
اهتمام ورزید,8,1,8,True,True,ورزید,0.125,1.0,0.875,True,False,False,False
نجات کرد,8,0,5,True,True,کرد,0.0,0.625,1.0,True,False,False,False
صیانت کرد,8,2,6,True,True,کرد,0.25,0.75,0.75,True,False,False,False
بادکش کرد,8,7,0,True,True,کرد,0.875,0.0,0.125,False,True,True,True
توقف کرد,8,0,4,True,True,کرد,0.0,0.5,1.0,True,False,False,False
تکبر کرد,8,0,4,True,True,کرد,0.0,0.5,1.0,True,False,False,False
تکاند,8,7,1,False,False,,0.875,0.125,0.125,False,True,True,True
جفت کرد,8,8,1,False,True,کرد,1.0,0.125,0.0,False,True,True,True
تخته کرد,8,8,0,True,True,کرد,1.0,0.0,0.0,False,True,True,True
تحکم کرد,8,2,7,True,True,کرد,0.25,0.875,0.75,True,False,False,False
تخم‌ریزی کرد,8,0,5,True,True,کرد,0.0,0.625,1.0,True,False,False,False
تحریک کرد,8,8,3,True,True,کرد,1.0,0.375,0.0,False,True,True,True
قرض داد,8,8,5,True,True,داد,1.0,0.625,0.0,False,True,True,True
ذخیره کرد,8,6,1,True,True,کرد,0.75,0.125,0.25,False,True,True,True
سرپرستی کرد,8,7,1,True,True,کرد,0.875,0.125,0.125,False,True,True,True
افشا کرد,8,5,0,True,True,کرد,0.625,0.0,0.375,False,True,True,True
عقوبت کرد,8,4,1,True,True,کرد,0.5,0.125,0.5,False,True,True,True
عقب‌گرد کرد,8,0,0,True,True,کرد,0.0,0.0,1.0,False,False,False,False
نقش بست,8,1,8,True,True,بست,0.125,1.0,0.875,True,False,False,False
سستی ورزید,8,0,7,True,True,ورزید,0.0,0.875,1.0,True,False,False,False
بروز کرد,8,0,5,True,True,کرد,0.0,0.625,1.0,True,False,False,False
بروز داد,8,8,1,True,True,داد,1.0,0.125,0.0,False,True,True,True
کالبدشکافی کرد,8,8,0,True,True,کرد,1.0,0.0,0.0,False,True,True,True
مبالغه کرد,8,0,7,True,True,کرد,0.0,0.875,1.0,True,False,False,False
وصله کرد,8,7,1,True,True,کرد,0.875,0.125,0.125,False,True,True,True
وصف کرد,8,7,0,True,True,کرد,0.875,0.0,0.125,False,True,True,True
پسروی کرد,8,0,1,True,True,کرد,0.0,0.125,1.0,True,False,False,False
تلافی کرد,8,4,0,True,True,کرد,0.5,0.0,0.5,False,True,True,True
خدمت کرد,8,0,6,True,True,کرد,0.0,0.75,1.0,True,False,False,False
خریداری کرد,8,8,2,True,True,کرد,1.0,0.25,0.0,False,True,True,True
اتکا کرد,8,0,8,True,True,کرد,0.0,1.0,1.0,True,False,False,False
عروج کرد,8,0,5,True,True,کرد,0.0,0.625,1.0,True,False,False,False
عرضه داشت,8,7,4,True,True,داشت,0.875,0.5,0.125,False,True,True,True
عذرخواهی کرد,8,0,7,True,True,کرد,0.0,0.875,1.0,True,False,False,False
عفونت کرد,8,0,0,True,True,کرد,0.0,0.0,1.0,False,False,False,False
اقتدا کرد,8,0,8,True,True,کرد,0.0,1.0,1.0,True,False,False,False
ناخنک زد,8,1,6,True,True,زد,0.125,0.75,0.875,True,False,False,False
تمسخر کرد,8,8,0,True,True,کرد,1.0,0.0,0.0,False,True,True,True
تقیه کرد,8,0,0,True,True,کرد,0.0,0.0,1.0,False,False,False,False
پشتک زد,8,0,1,True,True,زد,0.0,0.125,1.0,True,False,False,False
اجرا شد,8,1,0,True,True,شد,0.125,0.0,0.875,False,False,False,False
اجتهاد کرد,8,1,2,True,True,کرد,0.125,0.25,0.875,True,False,False,False
اجتناب داشت,8,0,8,True,True,داشت,0.0,1.0,1.0,True,False,False,False
سفارش داد,8,6,2,True,True,داد,0.75,0.25,0.25,False,True,True,True
سرایت کرد,8,0,8,True,True,کرد,0.0,1.0,1.0,True,False,False,False
بغل زد,8,8,0,True,True,زد,1.0,0.0,0.0,False,True,True,True
نعره زد,8,0,0,True,True,زد,0.0,0.0,1.0,False,False,False,False
بر داشت,8,8,0,True,True,داشت,1.0,0.0,0.0,False,True,True,True
بدگویی کرد,8,0,6,True,True,کرد,0.0,0.75,1.0,True,False,False,False
برش زد,8,8,0,True,True,زد,1.0,0.0,0.0,False,True,True,True
سوخت‌گیری کرد,8,0,0,True,True,کرد,0.0,0.0,1.0,False,False,False,False
مارش زد,8,0,0,True,True,زد,0.0,0.0,1.0,False,False,False,False
ماجراجویی کرد,8,1,0,True,True,کرد,0.125,0.0,0.875,False,False,False,False
اثر گرفت,8,0,8,True,True,گرفت,0.0,1.0,1.0,True,False,False,False
معرکه گرفت,8,1,1,True,True,گرفت,0.125,0.125,0.875,False,False,False,False
تفوق داد,8,6,6,True,True,داد,0.75,0.75,0.25,False,True,True,True
تفهیم کرد,8,8,7,True,True,کرد,1.0,0.875,0.0,False,True,True,True
سر آورد,8,0,8,True,True,آورد,0.0,1.0,1.0,True,False,False,False
پمپ کرد,8,6,4,True,True,کرد,0.75,0.5,0.25,False,True,True,True
تقبیح کرد,8,8,0,True,True,کرد,1.0,0.0,0.0,False,True,True,True
تمایز گذاشت,8,0,8,True,True,گذاشت,0.0,1.0,1.0,True,False,False,False
حمل کرد,8,6,2,True,True,کرد,0.75,0.25,0.25,False,True,True,True
زیاده‌روی کرد,8,0,7,True,True,کرد,0.0,0.875,1.0,True,False,False,False
تغذیه کرد,8,5,3,True,True,کرد,0.625,0.375,0.375,False,True,True,True
اتو زد,8,6,0,True,True,زد,0.75,0.0,0.25,False,True,True,True
پند گرفت,8,0,8,True,True,گرفت,0.0,1.0,1.0,True,False,False,False
پنجه زد,8,1,2,True,True,زد,0.125,0.25,0.875,True,False,False,False
خمیازه کشید,8,0,1,True,True,کشید,0.0,0.125,1.0,True,False,False,False
سبقت گرفت,8,0,6,True,True,گرفت,0.0,0.75,1.0,True,False,False,False
بنیاد کرد,8,8,4,True,True,کرد,1.0,0.5,0.0,False,True,True,True
سجود کرد,8,1,3,True,True,کرد,0.125,0.375,0.875,True,False,False,False
نمونه‌برداری کرد,8,1,7,True,True,کرد,0.125,0.875,0.875,True,False,False,False
غلت داد,8,6,4,True,True,داد,0.75,0.5,0.25,False,True,True,True
غلبه داد,8,7,5,True,True,داد,0.875,0.625,0.125,False,True,True,True
تقابل کرد,8,0,8,True,True,کرد,0.0,1.0,1.0,True,False,False,False
ورق زد,8,8,0,True,True,زد,1.0,0.0,0.0,False,True,True,True
پرپر زد,8,0,0,True,True,زد,0.0,0.0,1.0,False,False,False,False
اتراق کرد,8,0,7,True,True,کرد,0.0,0.875,1.0,True,False,False,False
پروا کرد,8,0,7,True,True,کرد,0.0,0.875,1.0,True,False,False,False
تنبلی کرد,8,0,2,True,True,کرد,0.0,0.25,1.0,True,False,False,False
حلقه کرد,8,7,6,True,True,کرد,0.875,0.75,0.125,False,True,True,True
حلقه زد,8,0,8,True,True,زد,0.0,1.0,1.0,True,False,False,False
شبیه‌سازی کرد,8,8,0,True,True,کرد,1.0,0.0,0.0,False,True,True,True
امانت‌داری کرد,8,0,1,True,True,کرد,0.0,0.125,1.0,True,False,False,False
الگوبرداری کرد,8,0,8,True,True,کرد,0.0,1.0,1.0,True,False,False,False
الگو گرفت,8,0,8,True,True,گرفت,0.0,1.0,1.0,True,False,False,False
عذر آورد,8,0,1,True,True,آورد,0.0,0.125,1.0,True,False,False,False
تفاخر کرد,8,0,7,True,True,کرد,0.0,0.875,1.0,True,False,False,False
افتتاح کرد,8,8,0,True,True,کرد,1.0,0.0,0.0,False,True,True,True
افت کرد,8,0,1,True,True,کرد,0.0,0.125,1.0,True,False,False,False
اعتصاب کرد,8,0,1,True,True,کرد,0.0,0.125,1.0,True,False,False,False
اعمال کرد,8,8,4,True,True,کرد,1.0,0.5,0.0,False,True,True,True
فداکاری کرد,8,0,2,True,True,کرد,0.0,0.25,1.0,True,False,False,False
فحش داد,8,0,7,True,True,داد,0.0,0.875,1.0,True,False,False,False
بوس کرد,8,5,0,True,True,کرد,0.625,0.0,0.375,False,True,True,True
زدود,8,8,4,False,False,,1.0,0.5,0.0,False,True,True,True
اطلاق کرد,8,7,8,True,True,کرد,0.875,1.0,0.125,False,True,True,True
زیست,8,2,2,False,False,,0.25,0.25,0.75,False,False,False,False
زجر داد,8,8,0,True,True,داد,1.0,0.0,0.0,False,True,True,True
زنجیر کرد,8,8,3,True,True,کرد,1.0,0.375,0.0,False,True,True,True
چکید,8,0,6,False,False,,0.0,0.75,1.0,True,False,False,False
زیان داد,8,0,1,True,True,داد,0.0,0.125,1.0,True,False,False,False
مغلطه کرد,8,1,1,True,True,کرد,0.125,0.125,0.875,False,False,False,False
گل‌کاری کرد,8,5,0,True,True,کرد,0.625,0.0,0.375,False,True,True,True
گلگی کرد,8,0,6,True,True,کرد,0.0,0.75,1.0,True,False,False,False
احداث کرد,8,8,4,True,True,کرد,1.0,0.5,0.0,False,True,True,True
احتیاط ورزید,8,0,6,True,True,ورزید,0.0,0.75,1.0,True,False,False,False
مجامعت کرد,8,0,7,True,True,کرد,0.0,0.875,1.0,True,False,False,False
حسودی کرد,8,0,6,True,True,کرد,0.0,0.75,1.0,True,False,False,False
پرورش داد,8,7,0,True,True,داد,0.875,0.0,0.125,False,True,True,True
بدل‌کاری کرد,8,1,0,True,True,کرد,0.125,0.0,0.875,False,False,False,False
بدرقه کرد,8,8,0,True,True,کرد,1.0,0.0,0.0,False,True,True,True
شادی کرد,8,0,1,True,True,کرد,0.0,0.125,1.0,True,False,False,False
حقیقت داشت,8,0,0,True,True,داشت,0.0,0.0,1.0,False,False,False,False
وقوف کرد,8,1,7,True,True,کرد,0.125,0.875,0.875,True,False,False,False
آموزش داد,8,5,4,True,True,داد,0.625,0.5,0.375,False,True,True,True
آهنگسازی کرد,8,3,2,True,True,کرد,0.375,0.25,0.625,False,True,True,True
آهار زد,8,6,0,True,True,زد,0.75,0.0,0.25,False,True,True,True
پا آورد,8,8,0,True,True,آورد,1.0,0.0,0.0,False,True,True,True
پنچرگیری کرد,8,6,0,True,True,کرد,0.75,0.0,0.25,False,True,True,True
وداع کرد,8,1,5,True,True,کرد,0.125,0.625,0.875,True,False,False,False
وحشت کرد,8,0,4,True,True,کرد,0.0,0.5,1.0,True,False,False,False
تعصب ورزید,8,0,4,True,True,ورزید,0.0,0.5,1.0,True,False,False,False
غوغا کرد,8,1,1,True,True,کرد,0.125,0.125,0.875,False,False,False,False
چپاند,8,8,7,False,False,,1.0,0.875,0.0,False,True,True,True
بچه‌داری کرد,8,0,0,True,True,کرد,0.0,0.0,1.0,False,False,False,False
مونتاژ کرد,8,8,0,True,True,کرد,1.0,0.0,0.0,False,True,True,True
گردن گذاشت,8,0,7,True,True,گذاشت,0.0,0.875,1.0,True,False,False,False
تصمیم‌گیری کرد,8,0,6,True,True,کرد,0.0,0.75,1.0,True,False,False,False
تصفیه کرد,8,7,0,True,True,کرد,0.875,0.0,0.125,False,True,True,True
احسان کرد,8,1,7,True,True,کرد,0.125,0.875,0.875,True,False,False,False
لنگر گرفت,8,0,5,True,True,گرفت,0.0,0.625,1.0,True,False,False,False
لینک کرد,8,6,0,True,True,کرد,0.75,0.0,0.25,False,True,True,True
واکنش داد,8,0,8,True,True,داد,0.0,1.0,1.0,True,False,False,False
خوش‌رفتاری کرد,8,0,8,True,True,کرد,0.0,1.0,1.0,True,False,False,False
پوست گرفت,8,6,0,True,True,گرفت,0.75,0.0,0.25,False,True,True,True
پوزخند زد,8,0,5,True,True,زد,0.0,0.625,1.0,True,False,False,False
فراهم آورد,8,8,0,True,True,آورد,1.0,0.0,0.0,False,True,True,True
فراری داد,8,8,3,True,True,داد,1.0,0.375,0.0,False,True,True,True
اضافه کرد,8,8,7,True,True,کرد,1.0,0.875,0.0,False,True,True,True
بو کشید,8,6,0,True,True,کشید,0.75,0.0,0.25,False,True,True,True
امتناع کرد,8,0,8,True,True,کرد,0.0,1.0,1.0,True,False,False,False
رونمایی کرد,8,4,4,True,True,کرد,0.5,0.5,0.5,False,True,True,True
وول خورد,8,1,5,True,True,خورد,0.125,0.625,0.875,True,False,False,False
تملک کرد,8,7,0,True,True,کرد,0.875,0.0,0.125,False,True,True,True
تنزل کرد,8,0,5,True,True,کرد,0.0,0.625,1.0,True,False,False,False
تنید,8,5,6,False,False,,0.625,0.75,0.375,False,True,True,True
مجادله کرد,8,0,7,True,True,کرد,0.0,0.875,1.0,True,False,False,False
کوچ داد,8,8,5,True,True,داد,1.0,0.625,0.0,False,True,True,True
کشتی گرفت,8,0,2,True,True,گرفت,0.0,0.25,1.0,True,False,False,False
بخشود,8,7,2,False,False,,0.875,0.25,0.125,False,True,True,True
شراکت کرد,8,0,8,True,True,کرد,0.0,1.0,1.0,True,False,False,False
نافرمانی کرد,8,2,2,True,True,کرد,0.25,0.25,0.75,False,False,False,False
عبور داد,8,7,8,True,True,داد,0.875,1.0,0.125,False,True,True,True
خوش کرد,8,1,7,False,True,کرد,0.125,0.875,0.875,True,False,False,False
تعجیل کرد,8,0,7,True,True,کرد,0.0,0.875,1.0,True,False,False,False
نوشاند,8,7,7,False,False,,0.875,0.875,0.125,False,True,True,True
ریاست کرد,8,1,2,True,True,کرد,0.125,0.25,0.875,True,False,False,False
فرمود,8,4,0,False,False,,0.5,0.0,0.5,False,True,True,True
درج کرد,8,6,3,True,True,کرد,0.75,0.375,0.25,False,True,True,True
دراز کشید,8,0,6,True,True,کشید,0.0,0.75,1.0,True,False,False,False
تطمیع کرد,8,8,0,True,True,کرد,1.0,0.0,0.0,False,True,True,True
تطبیق داد,8,8,8,True,True,داد,1.0,1.0,0.0,False,True,True,True
تضییع کرد,8,8,0,True,True,کرد,1.0,0.0,0.0,False,True,True,True
دامن زد,8,0,8,True,True,زد,0.0,1.0,1.0,True,False,False,False
داغ کرد,8,8,0,True,True,کرد,1.0,0.0,0.0,False,True,True,True
لغزش کرد,8,0,0,True,True,کرد,0.0,0.0,1.0,False,False,False,False
لغزاند,8,8,7,False,False,,1.0,0.875,0.0,False,True,True,True
گرد آورد,8,8,0,True,True,آورد,1.0,0.0,0.0,False,True,True,True
اعتراض کرد,8,0,6,True,True,کرد,0.0,0.75,1.0,True,False,False,False
روبید,8,7,4,False,False,,0.875,0.5,0.125,False,True,True,True
چشاند,8,6,7,False,False,,0.75,0.875,0.25,False,True,True,True
رژه رفت,8,0,8,True,True,رفت,0.0,1.0,1.0,True,False,False,False
رونویسی کرد,8,6,3,True,True,کرد,0.75,0.375,0.25,False,True,True,True
رقصاند,8,8,0,False,False,,1.0,0.0,0.0,False,True,True,True
رنگ کرد,8,8,1,True,True,کرد,1.0,0.125,0.0,False,True,True,True
رنجاند,8,8,2,False,False,,1.0,0.25,0.0,False,True,True,True
تأسی کرد,8,0,7,True,True,کرد,0.0,0.875,1.0,True,False,False,False
دست انداخت,8,8,0,True,True,انداخت,1.0,0.0,0.0,False,True,True,True
تصدی کرد,8,8,0,True,True,کرد,1.0,0.0,0.0,False,True,True,True
تصحیح کرد,8,7,0,True,True,کرد,0.875,0.0,0.125,False,True,True,True
تصادم کرد,8,0,8,True,True,کرد,0.0,1.0,1.0,True,False,False,False
تشخیص داد,8,6,3,True,True,داد,0.75,0.375,0.25,False,True,True,True
لشگر کشید,8,1,6,True,True,کشید,0.125,0.75,0.875,True,False,False,False
اداره کرد,8,8,0,True,True,کرد,1.0,0.0,0.0,False,True,True,True
وارد ساخت,8,8,5,True,True,ساخت,1.0,0.625,0.0,False,True,True,True
وارد آورد,8,8,6,True,True,آورد,1.0,0.75,0.0,False,True,True,True
نکوهش کرد,8,8,0,True,True,کرد,1.0,0.0,0.0,False,True,True,True
روانه کرد,8,7,2,False,True,کرد,0.875,0.25,0.125,False,True,True,True
فروش کرد,8,0,3,True,True,کرد,0.0,0.375,1.0,True,False,False,False
تشکیک کرد,8,0,7,True,True,کرد,0.0,0.875,1.0,True,False,False,False
دریافت داشت,8,7,0,True,True,داشت,0.875,0.0,0.125,False,True,True,True
مثله کرد,8,7,0,True,True,کرد,0.875,0.0,0.125,False,True,True,True
پرستاری کرد,8,0,8,True,True,کرد,0.0,1.0,1.0,True,False,False,False
جوشاند,8,5,1,False,False,,0.625,0.125,0.375,False,True,True,True
کپی‌برداری کرد,8,1,7,True,True,کرد,0.125,0.875,0.875,True,False,False,False
بال‌بال زد,8,0,0,True,True,زد,0.0,0.0,1.0,False,False,False,False
بالانس زد,8,0,0,True,True,زد,0.0,0.0,1.0,False,False,False,False
بالا گرفت,8,0,0,True,True,گرفت,0.0,0.0,1.0,False,False,False,False
بالا آورد,8,2,0,True,True,آورد,0.25,0.0,0.75,False,False,False,False
نشست کرد,8,0,2,True,True,کرد,0.0,0.25,1.0,True,False,False,False
نتیجه داد,8,0,0,True,True,داد,0.0,0.0,1.0,False,False,False,False
فساد کرد,8,0,2,True,True,کرد,0.0,0.25,1.0,True,False,False,False
روزه گرفت,8,2,0,True,True,گرفت,0.25,0.0,0.75,False,False,False,False
فریاد کرد,8,7,0,True,True,کرد,0.875,0.0,0.125,False,True,True,True
فروکش کرد,8,0,0,True,True,کرد,0.0,0.0,1.0,False,False,False,False
اشاره داشت,8,0,7,True,True,داشت,0.0,0.875,1.0,True,False,False,False
فزونی گرفت,8,0,3,True,True,گرفت,0.0,0.375,1.0,True,False,False,False
گرو گذاشت,8,8,0,True,True,گذاشت,1.0,0.0,0.0,False,True,True,True
فوت کرد,8,3,0,True,True,کرد,0.375,0.0,0.625,False,True,True,True
ردیابی کرد,8,8,0,True,True,کرد,1.0,0.0,0.0,False,True,True,True
چاره کرد,8,8,0,True,True,کرد,1.0,0.0,0.0,False,True,True,True
تسهیل کرد,8,8,0,True,True,کرد,1.0,0.0,0.0,False,True,True,True
لجاجت کرد,8,0,3,True,True,کرد,0.0,0.375,1.0,True,False,False,False
لایی کشید,8,1,2,True,True,کشید,0.125,0.25,0.875,True,False,False,False
تأثیر کرد,8,0,5,True,True,کرد,0.0,0.625,1.0,True,False,False,False
تأثیر نهاد,8,0,8,True,True,نهاد,0.0,1.0,1.0,True,False,False,False
تأیید کرد,8,7,0,True,True,کرد,0.875,0.0,0.125,False,True,True,True
نیش زد,8,5,2,True,True,زد,0.625,0.25,0.375,False,True,True,True
نیرنگ کرد,8,0,5,True,True,کرد,0.0,0.625,1.0,True,False,False,False
لحاظ داشت,8,8,1,True,True,داشت,1.0,0.125,0.0,False,True,True,True
تشبیه کرد,8,7,7,True,True,کرد,0.875,0.875,0.125,False,True,True,True
دل بست,8,0,8,True,True,بست,0.0,1.0,1.0,True,False,False,False
دسته‌بندی کرد,8,8,1,True,True,کرد,1.0,0.125,0.0,False,True,True,True
بازگشایی کرد,8,8,0,True,True,کرد,1.0,0.0,0.0,False,True,True,True
عادت داد,8,8,8,True,True,داد,1.0,1.0,0.0,False,True,True,True
ظاهر شد,8,0,0,True,True,شد,0.0,0.0,1.0,False,False,False,False
طول داد,8,5,0,True,True,داد,0.625,0.0,0.375,False,True,True,True
شرکت داشت,8,0,6,True,True,داشت,0.0,0.75,1.0,True,False,False,False
طلاق داد,8,7,1,True,True,داد,0.875,0.125,0.125,False,True,True,True
حاصل آورد,8,8,0,True,True,آورد,1.0,0.0,0.0,False,True,True,True
مصادره کرد,8,8,1,True,True,کرد,1.0,0.125,0.0,False,True,True,True
جهت‌گیری کرد,8,0,6,True,True,کرد,0.0,0.75,1.0,True,False,False,False
جیب زد,8,8,0,True,True,زد,1.0,0.0,0.0,False,True,True,True
جوید,8,7,0,False,False,,0.875,0.0,0.125,False,True,True,True
مناقشه کرد,8,0,8,True,True,کرد,0.0,1.0,1.0,True,False,False,False
مناظره کرد,8,0,6,True,True,کرد,0.0,0.75,1.0,True,False,False,False
گشایش کرد,8,4,0,True,True,کرد,0.5,0.0,0.5,False,True,True,True
همفکری کرد,8,0,6,True,True,کرد,0.0,0.75,1.0,True,False,False,False
آمیزش کرد,8,0,7,True,True,کرد,0.0,0.875,1.0,True,False,False,False
انجام گرفت,8,0,0,True,True,گرفت,0.0,0.0,1.0,False,False,False,False
انتقاد کرد,8,0,8,True,True,کرد,0.0,1.0,1.0,True,False,False,False
محشر کرد,8,1,0,True,True,کرد,0.125,0.0,0.875,False,False,False,False
محاکمه کرد,8,7,0,True,True,کرد,0.875,0.0,0.125,False,True,True,True
مدل‌سازی کرد,8,5,0,True,True,کرد,0.625,0.0,0.375,False,True,True,True
جمع‌بندی کرد,8,7,1,True,True,کرد,0.875,0.125,0.125,False,True,True,True
جمع زد,8,7,4,True,True,زد,0.875,0.5,0.125,False,True,True,True
تزئین کرد,8,8,0,True,True,کرد,1.0,0.0,0.0,False,True,True,True
هبوط کرد,8,0,6,True,True,کرد,0.0,0.75,1.0,True,False,False,False
تاج‌گذاری کرد,8,1,1,True,True,کرد,0.125,0.125,0.875,False,False,False,False
تاب آورد,8,3,0,True,True,آورد,0.375,0.0,0.625,False,True,True,True
تبانی کرد,8,0,7,True,True,کرد,0.0,0.875,1.0,True,False,False,False
تاکسیدرمی کرد,8,8,0,True,True,کرد,1.0,0.0,0.0,False,True,True,True
رحلت کرد,8,0,3,True,True,کرد,0.0,0.375,1.0,True,False,False,False
دل گرفت,8,8,1,True,True,گرفت,1.0,0.125,0.0,False,True,True,True
تبری کرد,8,0,8,True,True,کرد,0.0,1.0,1.0,True,False,False,False
تبدیل ساخت,8,8,8,True,True,ساخت,1.0,1.0,0.0,False,True,True,True
تبیین کرد,8,8,0,True,True,کرد,1.0,0.0,0.0,False,True,True,True
رخنه کرد,8,0,8,True,True,کرد,0.0,1.0,1.0,True,False,False,False
رخت بست,8,0,5,True,True,بست,0.0,0.625,1.0,True,False,False,False
ترسیم کرد,8,8,1,True,True,کرد,1.0,0.125,0.0,False,True,True,True
ترویج داد,8,8,4,True,True,داد,1.0,0.5,0.0,False,True,True,True
قطع شد,8,0,0,True,True,شد,0.0,0.0,1.0,False,False,False,False
اسباب‌کشی کرد,8,0,7,True,True,کرد,0.0,0.875,1.0,True,False,False,False
ارفاق کرد,8,1,8,True,True,کرد,0.125,1.0,0.875,True,False,False,False
ارضا کرد,8,8,0,True,True,کرد,1.0,0.0,0.0,False,True,True,True
مهار کرد,8,7,0,True,True,کرد,0.875,0.0,0.125,False,True,True,True
قیاس کرد,8,7,6,True,True,کرد,0.875,0.75,0.125,False,True,True,True
لابی زد,8,0,5,True,True,زد,0.0,0.625,1.0,True,False,False,False
ارتقا داد,8,7,1,True,True,داد,0.875,0.125,0.125,False,True,True,True
قرض گرفت,8,5,5,True,True,گرفت,0.625,0.625,0.375,False,True,True,True
مخابره کرد,8,7,4,True,True,کرد,0.875,0.5,0.125,False,True,True,True
گچ گرفت,8,8,0,True,True,گرفت,1.0,0.0,0.0,False,True,True,True
صعود کرد,8,0,8,True,True,کرد,0.0,1.0,1.0,True,False,False,False
شفاعت کرد,8,2,4,True,True,کرد,0.25,0.5,0.75,True,False,False,False
بازشماری کرد,8,7,0,True,True,کرد,0.875,0.0,0.125,False,True,True,True
بازدید کرد,8,0,8,True,True,کرد,0.0,1.0,1.0,True,False,False,False
بازجویی کرد,8,1,7,True,True,کرد,0.125,0.875,0.875,True,False,False,False
شکار کرد,8,5,1,True,True,کرد,0.625,0.125,0.375,False,True,True,True
اندازه‌گیری کرد,8,8,0,True,True,کرد,1.0,0.0,0.0,False,True,True,True
گول خورد,8,0,0,True,True,خورد,0.0,0.0,1.0,False,False,False,False
توقف داشت,8,0,8,True,True,داشت,0.0,1.0,1.0,True,False,False,False
پراکند,8,8,6,False,False,,1.0,0.75,0.0,False,True,True,True
پادویی کرد,8,0,4,True,True,کرد,0.0,0.5,1.0,True,False,False,False
پیشتازی کرد,8,0,4,True,True,کرد,0.0,0.5,1.0,True,False,False,False
پیش گرفت,8,8,0,True,True,گرفت,1.0,0.0,0.0,False,True,True,True
پا گرفت,8,0,2,True,True,گرفت,0.0,0.25,1.0,True,False,False,False
مشق کرد,8,5,1,True,True,کرد,0.625,0.125,0.375,False,True,True,True
ضمیمه کرد,8,8,0,False,True,کرد,1.0,0.0,0.0,False,True,True,True
بازبینی کرد,8,7,1,True,True,کرد,0.875,0.125,0.125,False,True,True,True
بارگیری کرد,8,5,3,True,True,کرد,0.625,0.375,0.375,False,True,True,True
مشارکت کرد,8,0,8,True,True,کرد,0.0,1.0,1.0,True,False,False,False
پر کشید,8,0,6,True,True,کشید,0.0,0.75,1.0,True,False,False,False
تکفیر کرد,8,8,0,True,True,کرد,1.0,0.0,0.0,False,True,True,True
پیشگیری کرد,8,0,8,True,True,کرد,0.0,1.0,1.0,True,False,False,False
همذات‌پنداری کرد,8,0,8,True,True,کرد,0.0,1.0,1.0,True,False,False,False
قرقره کرد,8,5,1,True,True,کرد,0.625,0.125,0.375,False,True,True,True
پیوند زد,8,8,6,True,True,زد,1.0,0.75,0.0,False,True,True,True
تحرک کرد,8,0,2,True,True,کرد,0.0,0.25,1.0,True,False,False,False
ربود,8,8,1,False,False,,1.0,0.125,0.0,False,True,True,True
رایزنی کرد,8,0,7,True,True,کرد,0.0,0.875,1.0,True,False,False,False
استخاره کرد,8,0,1,True,True,کرد,0.0,0.125,1.0,True,False,False,False
تحقیر کرد,8,8,0,True,True,کرد,1.0,0.0,0.0,False,True,True,True
پینه بست,8,0,0,True,True,بست,0.0,0.0,1.0,False,False,False,False
پیمایش کرد,8,7,1,True,True,کرد,0.875,0.125,0.125,False,True,True,True
راه برد,8,1,6,True,True,برد,0.125,0.75,0.875,True,False,False,False
فیلم‌برداری کرد,8,0,5,True,True,کرد,0.0,0.625,1.0,True,False,False,False
قلم افتاد,8,0,0,True,True,افتاد,0.0,0.0,1.0,False,False,False,False
دهن‌کجی کرد,8,0,7,True,True,کرد,0.0,0.875,1.0,True,False,False,False
قربان رفت,8,1,0,True,True,رفت,0.125,0.0,0.875,False,False,False,False
راه‌اندازی کرد,8,8,0,True,True,کرد,1.0,0.0,0.0,False,True,True,True
راهنمایی کرد,8,8,3,True,True,کرد,1.0,0.375,0.0,False,True,True,True
استمهال کرد,8,5,2,True,True,کرد,0.625,0.25,0.375,False,True,True,True
تجهیز کرد,8,7,3,True,True,کرد,0.875,0.375,0.125,False,True,True,True
تجسم کرد,8,8,1,True,True,کرد,1.0,0.125,0.0,False,True,True,True
قدردانی کرد,8,0,8,True,True,کرد,0.0,1.0,1.0,True,False,False,False
ترحم کرد,8,0,7,True,True,کرد,0.0,0.875,1.0,True,False,False,False
پادشاهی کرد,8,0,4,True,True,کرد,0.0,0.5,1.0,True,False,False,False
جابه‌جا شد,8,0,1,True,True,شد,0.0,0.125,1.0,True,False,False,False
مست کرد,8,3,0,True,True,کرد,0.375,0.0,0.625,False,True,True,True
پایان پذیرفت,8,0,0,True,True,پذیرفت,0.0,0.0,1.0,False,False,False,False
تخطی کرد,8,0,8,True,True,کرد,0.0,1.0,1.0,True,False,False,False
تخطئه کرد,8,8,0,True,True,کرد,1.0,0.0,0.0,False,True,True,True
دیدن کرد,8,0,8,True,True,کرد,0.0,1.0,1.0,True,False,False,False
دوشید,8,6,2,False,False,,0.75,0.25,0.25,False,True,True,True
قد کشید,8,0,1,True,True,کشید,0.0,0.125,1.0,True,False,False,False
مهاجرت کرد,8,0,8,True,True,کرد,0.0,1.0,1.0,True,False,False,False
استدعا کرد,8,4,7,True,True,کرد,0.5,0.875,0.5,False,True,True,True
دورخیز کرد,8,0,6,True,True,کرد,0.0,0.75,1.0,True,False,False,False
پارو زد,8,1,0,True,True,زد,0.125,0.0,0.875,False,False,False,False
مشایعت کرد,8,6,7,True,True,کرد,0.75,0.875,0.25,False,True,True,True
آبسه کرد,8,0,0,True,True,کرد,0.0,0.0,1.0,False,False,False,False
مردانگی کرد,8,0,0,True,True,کرد,0.0,0.0,1.0,False,False,False,False
آب‌تنی کرد,8,0,6,True,True,کرد,0.0,0.75,1.0,True,False,False,False
معجزه کرد,8,0,0,True,True,کرد,0.0,0.0,1.0,False,False,False,False
متوجه کرد,8,5,0,False,True,کرد,0.625,0.0,0.375,False,True,True,True
حکایت داشت,8,0,6,True,True,داشت,0.0,0.75,1.0,True,False,False,False
پس زد,8,6,2,True,True,زد,0.75,0.25,0.25,False,True,True,True
نفرین کرد,8,7,0,True,True,کرد,0.875,0.0,0.125,False,True,True,True
افطار کرد,8,1,1,True,True,کرد,0.125,0.125,0.875,False,False,False,False
خاک کرد,8,7,2,True,True,کرد,0.875,0.25,0.125,False,True,True,True
وضو گرفت,8,0,1,True,True,گرفت,0.0,0.125,1.0,True,False,False,False
پس رفت,8,0,0,True,True,رفت,0.0,0.0,1.0,False,False,False,False
پس آورد,8,8,0,True,True,آورد,1.0,0.0,0.0,False,True,True,True
جا افتاد,8,0,3,True,True,افتاد,0.0,0.375,1.0,True,False,False,False
جا آورد,8,8,0,True,True,آورد,1.0,0.0,0.0,False,True,True,True
مشابه‌سازی کرد,8,4,2,True,True,کرد,0.5,0.25,0.5,False,True,True,True
جار کشید,8,2,0,True,True,کشید,0.25,0.0,0.75,False,False,False,False
جان‌فشانی کرد,8,0,4,True,True,کرد,0.0,0.5,1.0,True,False,False,False
جانب‌داری کرد,8,0,6,True,True,کرد,0.0,0.75,1.0,True,False,False,False
یخ زد,7,0,0,True,True,زد,0.0,0.0,1.0,False,False,False,False
مزه‌مزه کرد,7,6,0,True,True,کرد,0.8571428571428571,0.0,0.1428571428571429,False,True,True,True
مسافرت کرد,7,0,4,True,True,کرد,0.0,0.5714285714285714,1.0,True,False,False,False
تک‌نوازی کرد,7,2,1,True,True,کرد,0.2857142857142857,0.14285714285714285,0.7142857142857143,False,False,False,False
جا خورد,7,0,4,True,True,خورد,0.0,0.5714285714285714,1.0,True,False,False,False
ثواب کرد,7,0,0,True,True,کرد,0.0,0.0,1.0,False,False,False,False
ثانیه‌شماری کرد,7,0,0,True,True,کرد,0.0,0.0,1.0,False,False,False,False
جدا افتاد,7,0,2,True,True,افتاد,0.0,0.2857142857142857,1.0,True,False,False,False
مسواک کرد,7,5,0,True,True,کرد,0.7142857142857143,0.0,0.2857142857142857,False,True,True,True
پایید,7,6,0,False,False,,0.8571428571428571,0.0,0.1428571428571429,False,True,True,True
پایه‌گذاری کرد,7,7,2,True,True,کرد,1.0,0.2857142857142857,0.0,False,True,True,True
جاخالی داد,7,1,2,True,True,داد,0.14285714285714285,0.2857142857142857,0.8571428571428572,True,False,False,False
جارو کشید,7,6,0,True,True,کشید,0.8571428571428571,0.0,0.1428571428571429,False,True,True,True
جارو زد,7,7,0,True,True,زد,1.0,0.0,0.0,False,True,True,True
آب‌رسانی کرد,7,3,3,True,True,کرد,0.42857142857142855,0.42857142857142855,0.5714285714285714,False,True,True,True
ایثار کرد,7,0,0,True,True,کرد,0.0,0.0,1.0,False,False,False,False
صحنه‌آرایی کرد,7,2,0,True,True,کرد,0.2857142857142857,0.0,0.7142857142857143,False,False,False,False
صدابرداری کرد,7,5,2,True,True,کرد,0.7142857142857143,0.2857142857142857,0.2857142857142857,False,True,True,True
مسترد کرد,7,6,2,True,True,کرد,0.8571428571428571,0.2857142857142857,0.1428571428571429,False,True,True,True
یاد داشت,7,6,0,True,True,داشت,0.8571428571428571,0.0,0.1428571428571429,False,True,True,True
تیمار کرد,7,6,0,True,True,کرد,0.8571428571428571,0.0,0.1428571428571429,False,True,True,True
تیک‌تاک کرد,7,0,0,True,True,کرد,0.0,0.0,1.0,False,False,False,False
پالایش داد,7,7,1,True,True,داد,1.0,0.14285714285714285,0.0,False,True,True,True
مردم‌آزاری کرد,7,0,0,True,True,کرد,0.0,0.0,1.0,False,False,False,False
مرعی داشت,7,7,0,True,True,داشت,1.0,0.0,0.0,False,True,True,True
مرقوم داشت,7,4,0,True,True,داشت,0.5714285714285714,0.0,0.4285714285714286,False,True,True,True
آشنایی‌زدایی کرد,7,2,2,True,True,کرد,0.2857142857142857,0.2857142857142857,0.7142857142857143,False,False,False,False
اهتمام کرد,7,0,7,True,True,کرد,0.0,1.0,1.0,True,False,False,False
اهمال کرد,7,0,5,True,True,کرد,0.0,0.7142857142857143,1.0,True,False,False,False
ایمیل زد,7,0,7,True,True,زد,0.0,1.0,1.0,True,False,False,False
کمک‌رسانی کرد,7,1,7,True,True,کرد,0.14285714285714285,1.0,0.8571428571428572,True,False,False,False
رانش کرد,7,0,0,True,True,کرد,0.0,0.0,1.0,False,False,False,False
قدرت‌نمایی کرد,7,0,5,True,True,کرد,0.0,0.7142857142857143,1.0,True,False,False,False
قالب‌گیری کرد,7,3,4,True,True,کرد,0.42857142857142855,0.5714285714285714,0.5714285714285714,True,False,False,False
قاپید,7,7,1,False,False,,1.0,0.14285714285714285,0.0,False,True,True,True
قایق‌سواری کرد,7,0,2,True,True,کرد,0.0,0.2857142857142857,1.0,True,False,False,False
استقراض کرد,7,4,5,True,True,کرد,0.5714285714285714,0.7142857142857143,0.4285714285714286,False,True,True,True
تباه کرد,7,7,0,False,True,کرد,1.0,0.0,0.0,False,True,True,True
تداوم داد,7,4,2,True,True,داد,0.5714285714285714,0.2857142857142857,0.4285714285714286,False,True,True,True
تخلف کرد,7,0,4,True,True,کرد,0.0,0.5714285714285714,1.0,True,False,False,False
تخلیه کرد,7,7,0,True,True,کرد,1.0,0.0,0.0,False,True,True,True
دوباره‌سازی کرد,7,6,1,True,True,کرد,0.8571428571428571,0.14285714285714285,0.1428571428571429,False,True,True,True
دوبله کرد,7,7,1,True,True,کرد,1.0,0.14285714285714285,0.0,False,True,True,True
قرض کرد,7,5,3,True,True,کرد,0.7142857142857143,0.42857142857142855,0.2857142857142857,False,True,True,True
پیش‌دستی کرد,7,0,4,True,True,کرد,0.0,0.5714285714285714,1.0,True,False,False,False
پیش‌فروش کرد,7,6,1,True,True,کرد,0.8571428571428571,0.14285714285714285,0.1428571428571429,False,True,True,True
پیله کرد,7,0,5,True,True,کرد,0.0,0.7142857142857143,1.0,True,False,False,False
رجحان داد,7,7,6,True,True,داد,1.0,0.8571428571428571,0.0,False,True,True,True
تحدی کرد,7,1,4,True,True,کرد,0.14285714285714285,0.5714285714285714,0.8571428571428572,True,False,False,False
پیوند خورد,7,0,7,True,True,خورد,0.0,1.0,1.0,True,False,False,False
پیچ خورد,7,0,0,True,True,خورد,0.0,0.0,1.0,False,False,False,False
استنتاج کرد,7,4,3,True,True,کرد,0.5714285714285714,0.42857142857142855,0.4285714285714286,False,True,True,True
استیضاح کرد,7,7,0,True,True,کرد,1.0,0.0,0.0,False,True,True,True
استقبال کرد,7,0,6,True,True,کرد,0.0,0.8571428571428571,1.0,True,False,False,False
گزینش کرد,7,7,2,True,True,کرد,1.0,0.2857142857142857,0.0,False,True,True,True
گستراند,7,7,4,False,False,,1.0,0.5714285714285714,0.0,False,True,True,True
قشلاق کرد,7,0,3,True,True,کرد,0.0,0.42857142857142855,1.0,True,False,False,False
منتشر شد,7,0,0,True,True,شد,0.0,0.0,1.0,False,False,False,False
هماهنگی کرد,7,0,6,True,True,کرد,0.0,0.8571428571428571,1.0,True,False,False,False
تراشکاری کرد,7,6,0,True,True,کرد,0.8571428571428571,0.0,0.1428571428571429,False,True,True,True
ترجیح داد,7,7,6,True,True,داد,1.0,0.8571428571428571,0.0,False,True,True,True
قدرشناسی کرد,7,0,5,True,True,کرد,0.0,0.7142857142857143,1.0,True,False,False,False
تحصن کرد,7,0,6,True,True,کرد,0.0,0.8571428571428571,1.0,True,False,False,False
فواره کرد,7,0,4,True,True,کرد,0.0,0.5714285714285714,1.0,True,False,False,False
هجمه کرد,7,0,7,True,True,کرد,0.0,1.0,1.0,True,False,False,False
هجوم آورد,7,0,6,True,True,آورد,0.0,0.8571428571428571,1.0,True,False,False,False
پی‌ریزی کرد,7,6,0,True,True,کرد,0.8571428571428571,0.0,0.1428571428571429,False,True,True,True
تجارت کرد,7,0,2,True,True,کرد,0.0,0.2857142857142857,1.0,True,False,False,False
تجسس کرد,7,1,6,True,True,کرد,0.14285714285714285,0.8571428571428571,0.8571428571428572,True,False,False,False
تبخیر کرد,7,7,0,True,True,کرد,1.0,0.0,0.0,False,True,True,True
ترمز کرد,7,0,0,True,True,کرد,0.0,0.0,1.0,False,False,False,False
ترمز گرفت,7,0,0,True,True,گرفت,0.0,0.0,1.0,False,False,False,False
پیشروی کرد,7,0,4,True,True,کرد,0.0,0.5714285714285714,1.0,True,False,False,False
پیشکش کرد,7,7,4,True,True,کرد,1.0,0.5714285714285714,0.0,False,True,True,True
دلتنگی کرد,7,0,5,True,True,کرد,0.0,0.7142857142857143,1.0,True,False,False,False
قناعت کرد,7,0,6,True,True,کرد,0.0,0.8571428571428571,1.0,True,False,False,False
قول‌نامه کرد,7,6,0,True,True,کرد,0.8571428571428571,0.0,0.1428571428571429,False,True,True,True
استجابت کرد,7,6,0,True,True,کرد,0.8571428571428571,0.0,0.1428571428571429,False,True,True,True
رتبه‌بندی کرد,7,7,1,True,True,کرد,1.0,0.14285714285714285,0.0,False,True,True,True
تاراج کرد,7,7,0,True,True,کرد,1.0,0.0,0.0,False,True,True,True
مهر زد,7,3,4,True,True,زد,0.42857142857142855,0.5714285714285714,0.5714285714285714,True,False,False,False
مهر ورزید,7,0,7,True,True,ورزید,0.0,1.0,1.0,True,False,False,False
مهمان‌نوازی کرد,7,0,5,True,True,کرد,0.0,0.7142857142857143,1.0,True,False,False,False
اسکن کرد,7,5,0,True,True,کرد,0.7142857142857143,0.0,0.2857142857142857,False,True,True,True
فشار آورد,7,0,5,True,True,آورد,0.0,0.7142857142857143,1.0,True,False,False,False
فشاند,7,7,4,False,False,,1.0,0.5714285714285714,0.0,False,True,True,True
فضاسازی کرد,7,1,0,True,True,کرد,0.14285714285714285,0.0,0.8571428571428572,False,False,False,False
ازدحام کرد,7,0,4,True,True,کرد,0.0,0.5714285714285714,1.0,True,False,False,False
اردو زد,7,0,6,True,True,زد,0.0,0.8571428571428571,1.0,True,False,False,False
دلسوزی کرد,7,0,7,True,True,کرد,0.0,1.0,1.0,True,False,False,False
دم گرفت,7,1,0,True,True,گرفت,0.14285714285714285,0.0,0.8571428571428572,False,False,False,False
دنبال داشت,7,7,0,True,True,داشت,1.0,0.0,0.0,False,True,True,True
دندان زد,7,4,2,True,True,زد,0.5714285714285714,0.2857142857142857,0.4285714285714286,False,True,True,True
فهرست کرد,7,6,0,True,True,کرد,0.8571428571428571,0.0,0.1428571428571429,False,True,True,True
فهرست‌برداری کرد,7,3,4,True,True,کرد,0.42857142857142855,0.5714285714285714,0.5714285714285714,True,False,False,False
تایپ کرد,7,6,0,True,True,کرد,0.8571428571428571,0.0,0.1428571428571429,False,True,True,True
تابلو کرد,7,5,0,True,True,کرد,0.7142857142857143,0.0,0.2857142857142857,False,True,True,True
تاب‌بازی کرد,7,1,1,True,True,کرد,0.14285714285714285,0.14285714285714285,0.8571428571428572,False,False,False,False
رده‌بندی کرد,7,7,2,True,True,کرد,1.0,0.2857142857142857,0.0,False,True,True,True
ردگیری کرد,7,7,0,True,True,کرد,1.0,0.0,0.0,False,True,True,True
تسویه کرد,7,5,2,True,True,کرد,0.7142857142857143,0.2857142857142857,0.2857142857142857,False,True,True,True
تسامح کرد,7,0,3,True,True,کرد,0.0,0.42857142857142855,1.0,True,False,False,False
تسبیح کرد,7,4,0,True,True,کرد,0.5714285714285714,0.0,0.4285714285714286,False,True,True,True
ترنم کرد,7,6,0,True,True,کرد,0.8571428571428571,0.0,0.1428571428571429,False,True,True,True
ترور کرد,7,7,0,True,True,کرد,1.0,0.0,0.0,False,True,True,True
قیمت گذاشت,7,2,5,True,True,گذاشت,0.2857142857142857,0.7142857142857143,0.7142857142857143,True,False,False,False
قیمت‌گذاری کرد,7,6,0,True,True,کرد,0.8571428571428571,0.0,0.1428571428571429,False,True,True,True
ارشاد کرد,7,6,0,True,True,کرد,0.8571428571428571,0.0,0.1428571428571429,False,True,True,True
تبسم کرد,7,1,2,True,True,کرد,0.14285714285714285,0.2857142857142857,0.8571428571428572,True,False,False,False
تاخت زد,7,7,5,True,True,زد,1.0,0.7142857142857143,0.0,False,True,True,True
تار کرد,7,7,0,True,True,کرد,1.0,0.0,0.0,False,True,True,True
چاقوکشی کرد,7,0,0,True,True,کرد,0.0,0.0,1.0,False,False,False,False
رسوخ کرد,7,0,7,True,True,کرد,0.0,1.0,1.0,True,False,False,False
رجعت کرد,7,0,5,True,True,کرد,0.0,0.7142857142857143,1.0,True,False,False,False
فکس زد,7,0,3,True,True,زد,0.0,0.42857142857142855,1.0,True,False,False,False
اسراف کرد,7,2,1,True,True,کرد,0.2857142857142857,0.14285714285714285,0.7142857142857143,False,False,False,False
اسکان داد,7,6,2,True,True,داد,0.8571428571428571,0.2857142857142857,0.1428571428571429,False,True,True,True
اسکی کرد,7,1,2,True,True,کرد,0.14285714285714285,0.2857142857142857,0.8571428571428572,True,False,False,False
ارسال کرد,7,7,5,True,True,کرد,1.0,0.7142857142857143,0.0,False,True,True,True
گشت زد,7,2,4,True,True,زد,0.2857142857142857,0.5714285714285714,0.7142857142857143,True,False,False,False
قل‌قل کرد,7,0,0,True,True,کرد,0.0,0.0,1.0,False,False,False,False
پیراست,7,7,5,False,False,,1.0,0.7142857142857143,0.0,False,True,True,True
تست کرد,7,5,0,True,True,کرد,0.7142857142857143,0.0,0.2857142857142857,False,True,True,True
ترغیب کرد,7,7,5,True,True,کرد,1.0,0.7142857142857143,0.0,False,True,True,True
دل باخت,7,0,6,True,True,باخت,0.0,0.8571428571428571,1.0,True,False,False,False
مواظبت کرد,7,0,7,True,True,کرد,0.0,1.0,1.0,True,False,False,False
رحمت کرد,7,3,3,True,True,کرد,0.42857142857142855,0.42857142857142855,0.5714285714285714,False,True,True,True
تأکید داشت,7,1,5,True,True,داشت,0.14285714285714285,0.7142857142857143,0.8571428571428572,True,False,False,False
رهنمود داد,7,3,4,True,True,داد,0.42857142857142855,0.5714285714285714,0.5714285714285714,True,False,False,False
تأخیر کرد,7,0,2,True,True,کرد,0.0,0.2857142857142857,1.0,True,False,False,False
تأدیب کرد,7,5,1,True,True,کرد,0.7142857142857143,0.14285714285714285,0.2857142857142857,False,True,True,True
لبخند زد,7,0,1,True,True,زد,0.0,0.14285714285714285,1.0,True,False,False,False
گشت کرد,7,0,7,True,True,کرد,0.0,1.0,1.0,True,False,False,False
گشت‌زنی کرد,7,0,4,True,True,کرد,0.0,0.5714285714285714,1.0,True,False,False,False
گفت کرد,7,0,6,True,True,کرد,0.0,0.8571428571428571,1.0,True,False,False,False
گفتمان کرد,7,0,4,True,True,کرد,0.0,0.5714285714285714,1.0,True,False,False,False
ارتفاع گرفت,7,0,0,True,True,گرفت,0.0,0.0,1.0,False,False,False,False
تسلی داد,7,6,0,True,True,داد,0.8571428571428571,0.0,0.1428571428571429,False,True,True,True
مماشات کرد,7,0,4,True,True,کرد,0.0,0.5714285714285714,1.0,True,False,False,False
ارزش گذارد,7,0,7,True,True,گذارد,0.0,1.0,1.0,True,False,False,False
ارزشیابی کرد,7,4,0,True,True,کرد,0.5714285714285714,0.0,0.4285714285714286,False,True,True,True
تاخت آورد,7,0,6,True,True,آورد,0.0,0.8571428571428571,1.0,True,False,False,False
چاره‌جویی کرد,7,0,4,True,True,کرد,0.0,0.5714285714285714,1.0,True,False,False,False
موج‌سواری کرد,7,0,6,True,True,کرد,0.0,0.8571428571428571,1.0,True,False,False,False
فریفت,7,7,0,False,False,,1.0,0.0,0.0,False,True,True,True
گره داد,7,7,6,True,True,داد,1.0,0.8571428571428571,0.0,False,True,True,True
هواداری کرد,7,0,7,True,True,کرد,0.0,1.0,1.0,True,False,False,False
تشنج کرد,7,0,0,True,True,کرد,0.0,0.0,1.0,False,False,False,False
تشییع کرد,7,6,0,True,True,کرد,0.8571428571428571,0.0,0.1428571428571429,False,True,True,True
تسکین داد,7,7,0,True,True,داد,1.0,0.0,0.0,False,True,True,True
ملامت کرد,7,6,2,True,True,کرد,0.8571428571428571,0.2857142857142857,0.1428571428571429,False,True,True,True
لرزاند,7,7,0,False,False,,1.0,0.0,0.0,False,True,True,True
تسری داد,7,7,6,True,True,داد,1.0,0.8571428571428571,0.0,False,True,True,True
لانه کرد,7,1,6,True,True,کرد,0.14285714285714285,0.8571428571428571,0.8571428571428572,True,False,False,False
لاک زد,7,5,0,True,True,زد,0.7142857142857143,0.0,0.2857142857142857,False,True,True,True
اشتباه کرد,7,1,2,True,True,کرد,0.14285714285714285,0.2857142857142857,0.8571428571428572,True,False,False,False
گرم گرفت,7,0,6,True,True,گرفت,0.0,0.8571428571428571,1.0,True,False,False,False
چاک خورد,7,0,3,True,True,خورد,0.0,0.42857142857142855,1.0,True,False,False,False
چاک داد,7,7,0,True,True,داد,1.0,0.0,0.0,False,True,True,True
لوطی‌گری کرد,7,0,0,True,True,کرد,0.0,0.0,1.0,False,False,False,False
لک آورد,7,0,0,True,True,آورد,0.0,0.0,1.0,False,False,False,False
مفهوم‌سازی کرد,7,2,1,True,True,کرد,0.2857142857142857,0.14285714285714285,0.7142857142857143,False,False,False,False
ادرار کرد,7,0,2,True,True,کرد,0.0,0.2857142857142857,1.0,True,False,False,False
اختلاس کرد,7,3,1,True,True,کرد,0.42857142857142855,0.14285714285714285,0.5714285714285714,False,True,True,True
اختلاط کرد,7,0,7,True,True,کرد,0.0,1.0,1.0,True,False,False,False
لاف زد,7,0,1,True,True,زد,0.0,0.14285714285714285,1.0,True,False,False,False
درد گرفت,7,0,0,True,True,گرفت,0.0,0.0,1.0,False,False,False,False
درس داد,7,1,2,True,True,داد,0.14285714285714285,0.2857142857142857,0.8571428571428572,True,False,False,False
دخالت داد,7,7,6,True,True,داد,1.0,0.8571428571428571,0.0,False,True,True,True
پی نهاد,7,7,0,True,True,نهاد,1.0,0.0,0.0,False,True,True,True
تصادف کرد,7,0,2,True,True,کرد,0.0,0.2857142857142857,1.0,True,False,False,False
تشریف برد,7,0,6,True,True,برد,0.0,0.8571428571428571,1.0,True,False,False,False
پی گرفت,7,7,0,True,True,گرفت,1.0,0.0,0.0,False,True,True,True
چتربازی کرد,7,0,0,True,True,کرد,0.0,0.0,1.0,False,False,False,False
چرت زد,7,0,0,True,True,زد,0.0,0.0,1.0,False,False,False,False
فرهنگ‌سازی کرد,7,2,0,True,True,کرد,0.2857142857142857,0.0,0.7142857142857143,False,False,False,False
فرود آمد,7,0,5,True,True,آمد,0.0,0.7142857142857143,1.0,True,False,False,False
فرصت‌سوزی کرد,7,0,0,True,True,کرد,0.0,0.0,1.0,False,False,False,False
اشتغال‌زایی کرد,7,0,2,True,True,کرد,0.0,0.2857142857142857,1.0,True,False,False,False
اصابت کرد,7,0,7,True,True,کرد,0.0,1.0,1.0,True,False,False,False
اصرار داشت,7,0,6,True,True,داشت,0.0,0.8571428571428571,1.0,True,False,False,False
اصرار ورزید,7,0,6,True,True,ورزید,0.0,0.8571428571428571,1.0,True,False,False,False
چشمک زد,7,0,4,True,True,زد,0.0,0.5714285714285714,1.0,True,False,False,False
چشم‌زخم زد,7,3,2,True,True,زد,0.42857142857142855,0.2857142857142857,0.5714285714285714,False,True,True,True
چله نشست,7,1,2,True,True,نشست,0.14285714285714285,0.2857142857142857,0.8571428571428572,True,False,False,False
درخت‌کاری کرد,7,4,1,True,True,کرد,0.5714285714285714,0.14285714285714285,0.4285714285714286,False,True,True,True
وارسی کرد,7,7,0,True,True,کرد,1.0,0.0,0.0,False,True,True,True
تصویر کرد,7,7,0,True,True,کرد,1.0,0.0,0.0,False,True,True,True
تصویر کشید,7,7,0,True,True,کشید,1.0,0.0,0.0,False,True,True,True
پوشش داشت,7,7,0,True,True,داشت,1.0,0.0,0.0,False,True,True,True
پچ‌پچ کرد,7,3,4,True,True,کرد,0.42857142857142855,0.5714285714285714,0.5714285714285714,True,False,False,False
مقاومت ورزید,7,0,4,True,True,ورزید,0.0,0.5714285714285714,1.0,True,False,False,False
لشگرکشی کرد,7,0,5,True,True,کرد,0.0,0.7142857142857143,1.0,True,False,False,False
روی داد,7,0,0,True,True,داد,0.0,0.0,1.0,False,False,False,False
رویارویی کرد,7,0,7,True,True,کرد,0.0,1.0,1.0,True,False,False,False
چشم افتاد,7,0,0,True,True,افتاد,0.0,0.0,1.0,False,False,False,False
چشم داشت,7,1,4,True,True,داشت,0.14285714285714285,0.5714285714285714,0.8571428571428572,True,False,False,False
بی‌حرمتی کرد,7,0,5,True,True,کرد,0.0,0.7142857142857143,1.0,True,False,False,False
بی‌رحمی کرد,7,0,5,True,True,کرد,0.0,0.7142857142857143,1.0,True,False,False,False
روخوانی کرد,7,7,0,True,True,کرد,1.0,0.0,0.0,False,True,True,True
لعنت کرد,7,7,0,True,True,کرد,1.0,0.0,0.0,False,True,True,True
پی افکند,7,6,1,True,True,افکند,0.8571428571428571,0.14285714285714285,0.1428571428571429,False,True,True,True
واکس زد,7,6,0,True,True,زد,0.8571428571428571,0.0,0.1428571428571429,False,True,True,True
دانه کرد,7,7,0,True,True,کرد,1.0,0.0,0.0,False,True,True,True
خوش‌گذرانی کرد,7,0,3,True,True,کرد,0.0,0.42857142857142855,1.0,True,False,False,False
تطهیر کرد,7,7,0,True,True,کرد,1.0,0.0,0.0,False,True,True,True
درجه‌بندی کرد,7,7,1,True,True,کرد,1.0,0.14285714285714285,0.0,False,True,True,True
تصنیف کرد,7,7,0,True,True,کرد,1.0,0.0,0.0,False,True,True,True
گردن زد,7,7,0,True,True,زد,1.0,0.0,0.0,False,True,True,True
فرمان برد,7,0,5,True,True,برد,0.0,0.7142857142857143,1.0,True,False,False,False
مویید,7,0,5,False,False,,0.0,0.7142857142857143,1.0,True,False,False,False
رکوع کرد,7,0,3,True,True,کرد,0.0,0.42857142857142855,1.0,True,False,False,False
بی‌احترامی کرد,7,0,6,True,True,کرد,0.0,0.8571428571428571,1.0,True,False,False,False
بی‌ادبی کرد,7,0,2,True,True,کرد,0.0,0.2857142857142857,1.0,True,False,False,False
بی‌اعتنایی کرد,7,0,5,True,True,کرد,0.0,0.7142857142857143,1.0,True,False,False,False
چپاول کرد,7,7,0,True,True,کرد,1.0,0.0,0.0,False,True,True,True
تعارض کرد,7,0,7,True,True,کرد,0.0,1.0,1.0,True,False,False,False
تعبیه کرد,7,7,2,True,True,کرد,1.0,0.2857142857142857,0.0,False,True,True,True
تعجب کرد,7,0,5,True,True,کرد,0.0,0.7142857142857143,1.0,True,False,False,False
تضرع کرد,7,0,5,True,True,کرد,0.0,0.7142857142857143,1.0,True,False,False,False
خوراند,7,4,5,False,False,,0.5714285714285714,0.7142857142857143,0.4285714285714286,False,True,True,True
تعلق داد,7,7,5,True,True,داد,1.0,0.7142857142857143,0.0,False,True,True,True
گل زد,7,0,3,True,True,زد,0.0,0.42857142857142855,1.0,True,False,False,False
خو گرفت,7,0,7,True,True,گرفت,0.0,1.0,1.0,True,False,False,False
پنهان‌کاری کرد,7,0,2,True,True,کرد,0.0,0.2857142857142857,1.0,True,False,False,False
چمن‌کاری کرد,7,5,0,True,True,کرد,0.7142857142857143,0.0,0.2857142857142857,False,True,True,True
چنبره زد,7,0,6,True,True,زد,0.0,0.8571428571428571,1.0,True,False,False,False
بیان داشت,7,7,1,True,True,داشت,1.0,0.14285714285714285,0.0,False,True,True,True
بیتوته کرد,7,2,5,True,True,کرد,0.2857142857142857,0.7142857142857143,0.7142857142857143,True,False,False,False
بیدار کرد,7,5,0,False,True,کرد,0.7142857142857143,0.0,0.2857142857142857,False,True,True,True
بیرون زد,7,0,6,True,True,زد,0.0,0.8571428571428571,1.0,True,False,False,False
بو گرفت,7,0,0,True,True,گرفت,0.0,0.0,1.0,False,False,False,False
رکوردشکنی کرد,7,0,3,True,True,کرد,0.0,0.42857142857142855,1.0,True,False,False,False
اصرار کرد,7,0,4,True,True,کرد,0.0,0.5714285714285714,1.0,True,False,False,False
مکاشفه کرد,7,3,1,True,True,کرد,0.42857142857142855,0.14285714285714285,0.5714285714285714,False,True,True,True
لیزر کرد,7,4,0,True,True,کرد,0.5714285714285714,0.0,0.4285714285714286,False,True,True,True
لیست کرد,7,7,0,True,True,کرد,1.0,0.0,0.0,False,True,True,True
لیسید,7,6,0,False,False,,0.8571428571428571,0.0,0.1428571428571429,False,True,True,True
گلدوزی کرد,7,4,0,True,True,کرد,0.5714285714285714,0.0,0.4285714285714286,False,True,True,True
بهبود داد,7,6,0,True,True,داد,0.8571428571428571,0.0,0.1428571428571429,False,True,True,True
سابید,7,5,1,False,False,,0.7142857142857143,0.14285714285714285,0.2857142857142857,False,True,True,True
فرسود,7,3,0,False,False,,0.42857142857142855,0.0,0.5714285714285714,False,True,True,True
اعراض کرد,7,0,6,True,True,کرد,0.0,0.8571428571428571,1.0,True,False,False,False
زل زد,7,1,6,True,True,زد,0.14285714285714285,0.8571428571428571,0.8571428571428572,True,False,False,False
نوحه‌خوانی کرد,7,0,0,True,True,کرد,0.0,0.0,1.0,False,False,False,False
نورافشانی کرد,7,4,1,True,True,کرد,0.5714285714285714,0.14285714285714285,0.4285714285714286,False,True,True,True
بویید,7,7,0,False,False,,1.0,0.0,0.0,False,True,True,True
غژغژ کرد,7,0,0,True,True,کرد,0.0,0.0,1.0,False,False,False,False
لودگی کرد,7,0,0,True,True,کرد,0.0,0.0,1.0,False,False,False,False
تعلیم دید,7,3,3,True,True,دید,0.42857142857142855,0.42857142857142855,0.5714285714285714,False,True,True,True
تعمیم داد,7,6,6,True,True,داد,0.8571428571428571,0.8571428571428571,0.1428571428571429,False,True,True,True
تعهد داد,7,0,4,True,True,داد,0.0,0.5714285714285714,1.0,True,False,False,False
تعریض کرد,7,7,0,True,True,کرد,1.0,0.0,0.0,False,True,True,True
وجین کرد,7,6,0,True,True,کرد,0.8571428571428571,0.0,0.1428571428571429,False,True,True,True
خودخوری کرد,7,0,0,True,True,کرد,0.0,0.0,1.0,False,False,False,False
اغفال کرد,7,7,0,True,True,کرد,1.0,0.0,0.0,False,True,True,True
اعتنا کرد,7,0,6,True,True,کرد,0.0,0.8571428571428571,1.0,True,False,False,False
اعجاز کرد,7,0,0,True,True,کرد,0.0,0.0,1.0,False,False,False,False
تفاهم کرد,7,0,6,True,True,کرد,0.0,0.8571428571428571,1.0,True,False,False,False
تفاوت کرد,7,0,2,True,True,کرد,0.0,0.2857142857142857,1.0,True,False,False,False
معنی داد,7,1,4,True,True,داد,0.14285714285714285,0.5714285714285714,0.8571428571428572,True,False,False,False
مغازله کرد,7,1,4,True,True,کرد,0.14285714285714285,0.5714285714285714,0.8571428571428572,True,False,False,False
گله‌گذاری کرد,7,0,2,True,True,کرد,0.0,0.2857142857142857,1.0,True,False,False,False
احضار کرد,7,7,3,True,True,کرد,1.0,0.42857142857142855,0.0,False,True,True,True
زیان کرد,7,1,5,True,True,کرد,0.14285714285714285,0.7142857142857143,0.8571428571428572,True,False,False,False
بهره‌کشی کرد,7,0,6,True,True,کرد,0.0,0.8571428571428571,1.0,True,False,False,False
بهره‌گیری کرد,7,0,7,True,True,کرد,0.0,1.0,1.0,True,False,False,False
بهانه جست,7,0,1,True,True,جست,0.0,0.14285714285714285,1.0,True,False,False,False
بهانه کرد,7,7,0,True,True,کرد,1.0,0.0,0.0,False,True,True,True
بهانه گرفت,7,0,1,True,True,گرفت,0.0,0.14285714285714285,1.0,True,False,False,False
زه‌کشی کرد,7,5,0,True,True,کرد,0.7142857142857143,0.0,0.2857142857142857,False,True,True,True
بنیان‌گذاری کرد,7,7,0,True,True,کرد,1.0,0.0,0.0,False,True,True,True
ستایش کرد,7,6,1,True,True,کرد,0.8571428571428571,0.14285714285714285,0.1428571428571429,False,True,True,True
سازمان داد,7,7,0,True,True,داد,1.0,0.0,0.0,False,True,True,True
سخت‌گیری کرد,7,0,5,True,True,کرد,0.0,0.7142857142857143,1.0,True,False,False,False
سخن راند,7,0,5,True,True,راند,0.0,0.7142857142857143,1.0,True,False,False,False
لیز خورد,7,1,1,True,True,خورد,0.14285714285714285,0.14285714285714285,0.8571428571428572,False,False,False,False
خوابانید,7,6,3,False,False,,0.8571428571428571,0.42857142857142855,0.1428571428571429,False,True,True,True
خواستگاری کرد,7,2,5,True,True,کرد,0.2857142857142857,0.7142857142857143,0.7142857142857143,True,False,False,False
خلاف کرد,7,0,0,True,True,کرد,0.0,0.0,1.0,False,False,False,False
خلقت کرد,7,7,1,True,True,کرد,1.0,0.14285714285714285,0.0,False,True,True,True
پنجه انداخت,7,0,7,True,True,انداخت,0.0,1.0,1.0,True,False,False,False
تفت داد,7,3,0,True,True,داد,0.42857142857142855,0.0,0.5714285714285714,False,True,True,True
تفأل زد,7,0,5,True,True,زد,0.0,0.7142857142857143,1.0,True,False,False,False
زوزه کشید,7,0,0,True,True,کشید,0.0,0.0,1.0,False,False,False,False
زیارت کرد,7,6,0,True,True,کرد,0.8571428571428571,0.0,0.1428571428571429,False,True,True,True
اغراق کرد,7,0,6,True,True,کرد,0.0,0.8571428571428571,1.0,True,False,False,False
خلاصه‌نویسی کرد,7,4,0,True,True,کرد,0.5714285714285714,0.0,0.4285714285714286,False,True,True,True
خشم گرفت,7,0,7,True,True,گرفت,0.0,1.0,1.0,True,False,False,False
گنجید,7,0,7,False,False,,0.0,1.0,1.0,True,False,False,False
ماهیگیری کرد,7,0,0,True,True,کرد,0.0,0.0,1.0,False,False,False,False
مایه‌کوبی کرد,7,7,0,True,True,کرد,1.0,0.0,0.0,False,True,True,True
مبادرت ورزید,7,0,7,True,True,ورزید,0.0,1.0,1.0,True,False,False,False
مبادرت کرد,7,0,6,True,True,کرد,0.0,0.8571428571428571,1.0,True,False,False,False
احاطه کرد,7,7,1,True,True,کرد,1.0,0.14285714285714285,0.0,False,True,True,True
ورق خورد,7,0,0,True,True,خورد,0.0,0.0,1.0,False,False,False,False
وزاند,7,7,5,False,False,,1.0,0.7142857142857143,0.0,False,True,True,True
وزن کرد,7,7,0,True,True,کرد,1.0,0.0,0.0,False,True,True,True
وزنه‌برداری کرد,7,0,0,True,True,کرد,0.0,0.0,1.0,False,False,False,False
لگدمال کرد,7,7,0,True,True,کرد,1.0,0.0,0.0,False,True,True,True
نمونه آورد,7,2,2,True,True,آورد,0.2857142857142857,0.2857142857142857,0.7142857142857143,False,False,False,False
کار افتاد,7,0,0,True,True,افتاد,0.0,0.0,1.0,False,False,False,False
بندگی کرد,7,6,1,True,True,کرد,0.8571428571428571,0.14285714285714285,0.1428571428571429,False,True,True,True
سر رفت,7,0,0,True,True,رفت,0.0,0.0,1.0,False,False,False,False
نمایندگی کرد,7,7,0,True,True,کرد,1.0,0.0,0.0,False,True,True,True
بشکن زد,7,0,0,True,True,زد,0.0,0.0,1.0,False,False,False,False
بع‌بع کرد,7,0,0,True,True,کرد,0.0,0.0,1.0,False,False,False,False
غلغلک داد,7,7,0,True,True,داد,1.0,0.0,0.0,False,True,True,True
غواصی کرد,7,0,3,True,True,کرد,0.0,0.42857142857142855,1.0,True,False,False,False
غرید,7,0,0,False,False,,0.0,0.0,1.0,False,False,False,False
غسل داد,7,7,0,True,True,داد,1.0,0.0,0.0,False,True,True,True
اغوا کرد,7,7,0,True,True,کرد,1.0,0.0,0.0,False,True,True,True
غبطه خورد,7,0,7,True,True,خورد,0.0,1.0,1.0,True,False,False,False
غربال کرد,7,6,0,True,True,کرد,0.8571428571428571,0.0,0.1428571428571429,False,True,True,True
غروب کرد,7,0,0,True,True,کرد,0.0,0.0,1.0,False,False,False,False
پناه جست,7,0,7,True,True,جست,0.0,1.0,1.0,True,False,False,False
پنجه افکند,7,0,6,True,True,افکند,0.0,0.8571428571428571,1.0,True,False,False,False
تقریر کرد,7,6,1,True,True,کرد,0.8571428571428571,0.14285714285714285,0.1428571428571429,False,True,True,True
وزید,7,0,2,False,False,,0.0,0.2857142857142857,1.0,True,False,False,False
علامت زد,7,5,0,True,True,زد,0.7142857142857143,0.0,0.2857142857142857,False,True,True,True
عوض کرد,7,6,1,True,True,کرد,0.8571428571428571,0.14285714285714285,0.1428571428571429,False,True,True,True
افسون کرد,7,7,0,True,True,کرد,1.0,0.0,0.0,False,True,True,True
افشاگری کرد,7,0,1,True,True,کرد,0.0,0.14285714285714285,1.0,True,False,False,False
سرنگون کرد,7,7,0,True,True,کرد,1.0,0.0,0.0,False,True,True,True
سرود,7,7,0,False,False,,1.0,0.0,0.0,False,True,True,True
بلعید,7,7,0,False,False,,1.0,0.0,0.0,False,True,True,True
سرخ کرد,7,6,0,True,True,کرد,0.8571428571428571,0.0,0.1428571428571429,False,True,True,True
کاهش کرد,7,0,2,True,True,کرد,0.0,0.2857142857142857,1.0,True,False,False,False
سنگسار کرد,7,5,0,True,True,کرد,0.7142857142857143,0.0,0.2857142857142857,False,True,True,True
اجتناب کرد,7,0,7,True,True,کرد,0.0,1.0,1.0,True,False,False,False
پلک زد,7,1,0,True,True,زد,0.14285714285714285,0.0,0.8571428571428572,False,False,False,False
تقلا کرد,7,0,5,True,True,کرد,0.0,0.7142857142857143,1.0,True,False,False,False
تقلیل داد,7,6,5,True,True,داد,0.8571428571428571,0.7142857142857143,0.1428571428571429,False,True,True,True
تقویم کرد,7,6,0,True,True,کرد,0.8571428571428571,0.0,0.1428571428571429,False,True,True,True
تقدس‌زدایی کرد,7,1,5,True,True,کرد,0.14285714285714285,0.7142857142857143,0.8571428571428572,True,False,False,False
تلألؤ کرد,7,0,4,True,True,کرد,0.0,0.5714285714285714,1.0,True,False,False,False
خروج کرد,7,1,2,True,True,کرد,0.14285714285714285,0.2857142857142857,0.8571428571428572,True,False,False,False
خروشید,7,0,3,False,False,,0.0,0.42857142857142855,1.0,True,False,False,False
خجالت داد,7,6,0,True,True,داد,0.8571428571428571,0.0,0.1428571428571429,False,True,True,True
تلطیف کرد,7,7,0,True,True,کرد,1.0,0.0,0.0,False,True,True,True
تلفیق داد,7,7,6,True,True,داد,1.0,0.8571428571428571,0.0,False,True,True,True
پسند آمد,7,3,1,True,True,آمد,0.42857142857142855,0.14285714285714285,0.5714285714285714,False,True,True,True
پس‌انداز کرد,7,6,0,True,True,کرد,0.8571428571428571,0.0,0.1428571428571429,False,True,True,True
متابعت کرد,7,0,7,True,True,کرد,0.0,1.0,1.0,True,False,False,False
اجتماع کرد,7,0,4,True,True,کرد,0.0,0.5714285714285714,1.0,True,False,False,False
سلام گفت,7,0,5,True,True,گفت,0.0,0.7142857142857143,1.0,True,False,False,False
بسته‌بندی کرد,7,5,0,True,True,کرد,0.7142857142857143,0.0,0.2857142857142857,False,True,True,True
بسیج کرد,7,7,5,True,True,کرد,1.0,0.7142857142857143,0.0,False,True,True,True
نقشه کشید,7,0,7,True,True,کشید,0.0,1.0,1.0,True,False,False,False
میانجی‌گری کرد,7,1,2,True,True,کرد,0.14285714285714285,0.2857142857142857,0.8571428571428572,True,False,False,False
میل زد,7,3,3,True,True,زد,0.42857142857142855,0.42857142857142855,0.5714285714285714,False,True,True,True
عیب‌جویی کرد,7,0,5,True,True,کرد,0.0,0.7142857142857143,1.0,True,False,False,False
نقالی کرد,7,4,1,True,True,کرد,0.5714285714285714,0.14285714285714285,0.4285714285714286,False,True,True,True
سمپاشی کرد,7,7,0,True,True,کرد,1.0,0.0,0.0,False,True,True,True
سنتز کرد,7,7,2,True,True,کرد,1.0,0.2857142857142857,0.0,False,True,True,True
سنجاق کرد,7,4,5,True,True,کرد,0.5714285714285714,0.7142857142857143,0.4285714285714286,False,True,True,True
سنجش کرد,7,7,1,True,True,کرد,1.0,0.14285714285714285,0.0,False,True,True,True
نغمه‌سرایی کرد,7,2,0,True,True,کرد,0.2857142857142857,0.0,0.7142857142857143,False,False,False,False
کباب کرد,7,7,0,True,True,کرد,1.0,0.0,0.0,False,True,True,True
پست کرد,7,5,2,False,True,کرد,0.7142857142857143,0.2857142857142857,0.2857142857142857,False,True,True,True
پسرفت کرد,7,0,2,True,True,کرد,0.0,0.2857142857142857,1.0,True,False,False,False
تلقیح کرد,7,6,5,True,True,کرد,0.8571428571428571,0.7142857142857143,0.1428571428571429,False,True,True,True
تلقین کرد,7,7,6,True,True,کرد,1.0,0.8571428571428571,0.0,False,True,True,True
تله‌گذاری کرد,7,1,4,True,True,کرد,0.14285714285714285,0.5714285714285714,0.8571428571428572,True,False,False,False
تلوتلو خورد,7,0,0,True,True,خورد,0.0,0.0,1.0,False,False,False,False
خاطر آمد,7,1,0,True,True,آمد,0.14285714285714285,0.0,0.8571428571428572,False,False,False,False
معاوضه کرد,7,7,6,True,True,کرد,1.0,0.8571428571428571,0.0,False,True,True,True
برف‌روبی کرد,7,5,0,True,True,کرد,0.7142857142857143,0.0,0.2857142857142857,False,True,True,True
برق زد,7,0,0,True,True,زد,0.0,0.0,1.0,False,False,False,False
التیام کرد,7,4,0,True,True,کرد,0.5714285714285714,0.0,0.4285714285714286,False,True,True,True
نارو زد,7,0,6,True,True,زد,0.0,0.8571428571428571,1.0,True,False,False,False
عطسه کرد,7,0,0,True,True,کرد,0.0,0.0,1.0,False,False,False,False
اثبات کرد,7,7,1,True,True,کرد,1.0,0.14285714285714285,0.0,False,True,True,True
اثر گذارد,7,0,7,True,True,گذارد,0.0,1.0,1.0,True,False,False,False
حکمرانی کرد,7,0,5,True,True,کرد,0.0,0.7142857142857143,1.0,True,False,False,False
حکومت‌داری کرد,7,0,1,True,True,کرد,0.0,0.14285714285714285,1.0,True,False,False,False
حمام کرد,7,0,0,True,True,کرد,0.0,0.0,1.0,False,False,False,False
حمله آورد,7,0,5,True,True,آورد,0.0,0.7142857142857143,1.0,True,False,False,False
پس افتاد,7,0,2,True,True,افتاد,0.0,0.2857142857142857,1.0,True,False,False,False
اقامت داشت,7,1,7,True,True,داشت,0.14285714285714285,1.0,0.8571428571428572,True,False,False,False
گازرسانی کرد,7,2,4,True,True,کرد,0.2857142857142857,0.5714285714285714,0.7142857142857143,True,False,False,False
گداخت,7,4,1,False,False,,0.5714285714285714,0.14285714285714285,0.4285714285714286,False,True,True,True
عیادت کرد,7,0,7,True,True,کرد,0.0,1.0,1.0,True,False,False,False
مظلوم‌نمایی کرد,7,0,0,True,True,کرد,0.0,0.0,1.0,False,False,False,False
عروسی کرد,7,0,1,True,True,کرد,0.0,0.14285714285714285,1.0,True,False,False,False
سواری گرفت,7,0,5,True,True,گرفت,0.0,0.7142857142857143,1.0,True,False,False,False
نعره کشید,7,0,0,True,True,کشید,0.0,0.0,1.0,False,False,False,False
سیاست کرد,7,3,0,True,True,کرد,0.42857142857142855,0.0,0.5714285714285714,False,True,True,True
برآورد کرد,7,6,2,True,True,کرد,0.8571428571428571,0.2857142857142857,0.1428571428571429,False,True,True,True
معارضه کرد,7,0,5,True,True,کرد,0.0,0.7142857142857143,1.0,True,False,False,False
معاشرت کرد,7,1,7,True,True,کرد,0.14285714285714285,1.0,0.8571428571428572,True,False,False,False
معاشقه کرد,7,0,5,True,True,کرد,0.0,0.7142857142857143,1.0,True,False,False,False
حواله داد,7,5,7,True,True,داد,0.7142857142857143,1.0,0.2857142857142857,False,True,True,True
وقت‌گذرانی کرد,7,0,0,True,True,کرد,0.0,0.0,1.0,False,False,False,False
وقع نهاد,7,1,6,True,True,نهاد,0.14285714285714285,0.8571428571428571,0.8571428571428572,True,False,False,False
معذرت‌خواهی کرد,7,0,6,True,True,کرد,0.0,0.8571428571428571,1.0,True,False,False,False
اتود زد,7,2,1,True,True,زد,0.2857142857142857,0.14285714285714285,0.7142857142857143,False,False,False,False
کتک خورد,7,0,2,True,True,خورد,0.0,0.2857142857142857,1.0,True,False,False,False
کتک‌کاری کرد,7,1,2,True,True,کرد,0.14285714285714285,0.2857142857142857,0.8571428571428572,True,False,False,False
نظریه‌پردازی کرد,7,0,4,True,True,کرد,0.0,0.5714285714285714,1.0,True,False,False,False
امساک کرد,7,2,5,True,True,کرد,0.2857142857142857,0.7142857142857143,0.7142857142857143,True,False,False,False
سپارد,7,7,7,False,False,,1.0,1.0,0.0,False,True,True,True
سکنی داد,7,7,6,True,True,داد,1.0,0.8571428571428571,0.0,False,True,True,True
سوت زد,7,1,1,True,True,زد,0.14285714285714285,0.14285714285714285,0.8571428571428572,False,False,False,False
عزیمت کرد,7,0,7,True,True,کرد,0.0,1.0,1.0,True,False,False,False
عذاب کرد,7,7,0,True,True,کرد,1.0,0.0,0.0,False,True,True,True
امامت کرد,7,4,4,True,True,کرد,0.5714285714285714,0.5714285714285714,0.4285714285714286,False,True,True,True
اقرار کرد,7,1,1,True,True,کرد,0.14285714285714285,0.14285714285714285,0.8571428571428572,False,False,False,False
شاهد آورد,7,1,4,True,True,آورد,0.14285714285714285,0.5714285714285714,0.8571428571428572,True,False,False,False
سینه‌پهلو کرد,7,0,0,True,True,کرد,0.0,0.0,1.0,False,False,False,False
تناول کرد,7,5,2,True,True,کرد,0.7142857142857143,0.2857142857142857,0.2857142857142857,False,True,True,True
پرواز داد,7,7,5,True,True,داد,1.0,0.7142857142857143,0.0,False,True,True,True
حشر کرد,7,0,6,True,True,کرد,0.0,0.8571428571428571,1.0,True,False,False,False
حفاری کرد,7,6,1,True,True,کرد,0.8571428571428571,0.14285714285714285,0.1428571428571429,False,True,True,True
حرکت داد,7,7,4,True,True,داد,1.0,0.5714285714285714,0.0,False,True,True,True
تنگ‌نظری کرد,7,0,4,True,True,کرد,0.0,0.5714285714285714,1.0,True,False,False,False
تهاجم کرد,7,0,6,True,True,کرد,0.0,0.8571428571428571,1.0,True,False,False,False
تنزل داد,7,7,3,True,True,داد,1.0,0.42857142857142855,0.0,False,True,True,True
تمیز داد,7,7,7,True,True,داد,1.0,1.0,0.0,False,True,True,True
وکالت کرد,7,1,1,True,True,کرد,0.14285714285714285,0.14285714285714285,0.8571428571428572,False,False,False,False
ویراژ داد,7,0,2,True,True,داد,0.0,0.2857142857142857,1.0,True,False,False,False
ویزیت کرد,7,6,0,True,True,کرد,0.8571428571428571,0.0,0.1428571428571429,False,True,True,True
آواز داد,7,5,0,True,True,داد,0.7142857142857143,0.0,0.2857142857142857,False,True,True,True
مجری‌گری کرد,7,3,0,True,True,کرد,0.42857142857142855,0.0,0.5714285714285714,False,True,True,True
نظارت داشت,7,7,0,True,True,داشت,1.0,0.0,0.0,False,True,True,True
بدجنسی کرد,7,0,0,True,True,کرد,0.0,0.0,1.0,False,False,False,False
بدعت‌گذاری کرد,7,0,2,True,True,کرد,0.0,0.2857142857142857,1.0,True,False,False,False
بخار داد,7,6,1,True,True,داد,0.8571428571428571,0.14285714285714285,0.1428571428571429,False,True,True,True
بخار کرد,7,3,0,True,True,کرد,0.42857142857142855,0.0,0.5714285714285714,False,True,True,True
بخش کرد,7,6,1,True,True,کرد,0.8571428571428571,0.14285714285714285,0.1428571428571429,False,True,True,True
نظرخواهی کرد,7,0,7,True,True,کرد,0.0,1.0,1.0,True,False,False,False
مطالبه کرد,7,6,4,True,True,کرد,0.8571428571428571,0.5714285714285714,0.1428571428571429,False,True,True,True
محاربه کرد,7,0,5,True,True,کرد,0.0,0.7142857142857143,1.0,True,False,False,False
عبرت گرفت,7,0,7,True,True,گرفت,0.0,1.0,1.0,True,False,False,False
ناله زد,7,0,0,True,True,زد,0.0,0.0,1.0,False,False,False,False
ناله کشید,7,0,1,True,True,کشید,0.0,0.14285714285714285,1.0,True,False,False,False
شخصیت‌پردازی کرد,7,2,1,True,True,کرد,0.2857142857142857,0.14285714285714285,0.7142857142857143,False,False,False,False
شانه زد,7,6,1,True,True,زد,0.8571428571428571,0.14285714285714285,0.1428571428571429,False,True,True,True
کوشش کرد,7,0,5,True,True,کرد,0.0,0.7142857142857143,1.0,True,False,False,False
نام‌نویسی کرد,7,0,5,True,True,کرد,0.0,0.7142857142857143,1.0,True,False,False,False
پا خاست,7,0,3,True,True,خاست,0.0,0.42857142857142855,1.0,True,False,False,False
حجامت کرد,7,3,0,True,True,کرد,0.42857142857142855,0.0,0.5714285714285714,False,True,True,True
حراج کرد,7,7,0,True,True,کرد,1.0,0.0,0.0,False,True,True,True
حرافی کرد,7,0,1,True,True,کرد,0.0,0.14285714285714285,1.0,True,False,False,False
حاشا کرد,7,6,0,True,True,کرد,0.8571428571428571,0.0,0.1428571428571429,False,True,True,True
تنفیذ کرد,7,7,0,True,True,کرد,1.0,0.0,0.0,False,True,True,True
تنقیه کرد,7,5,4,True,True,کرد,0.7142857142857143,0.5714285714285714,0.2857142857142857,False,True,True,True
نامزد کرد,7,4,2,True,True,کرد,0.5714285714285714,0.2857142857142857,0.4285714285714286,False,True,True,True
بازی داد,7,6,1,True,True,داد,0.8571428571428571,0.14285714285714285,0.1428571428571429,False,True,True,True
نبرد کرد,7,0,7,True,True,کرد,0.0,1.0,1.0,True,False,False,False
کشیک داد,7,1,3,True,True,داد,0.14285714285714285,0.42857142857142855,0.8571428571428572,True,False,False,False
عزا گرفت,7,2,2,True,True,گرفت,0.2857142857142857,0.2857142857142857,0.7142857142857143,False,False,False,False
عادت کرد,7,0,7,True,True,کرد,0.0,1.0,1.0,True,False,False,False
طرح‌ریزی کرد,7,6,2,True,True,کرد,0.8571428571428571,0.2857142857142857,0.1428571428571429,False,True,True,True
طرفداری کرد,7,0,6,True,True,کرد,0.0,0.8571428571428571,1.0,True,False,False,False
حبس کرد,7,7,3,True,True,کرد,1.0,0.42857142857142855,0.0,False,True,True,True
جوش خورد,7,0,0,True,True,خورد,0.0,0.0,1.0,False,False,False,False
تهذیب کرد,7,1,0,True,True,کرد,0.14285714285714285,0.0,0.8571428571428572,False,False,False,False
پرستش کرد,7,7,0,True,True,کرد,1.0,0.0,0.0,False,True,True,True
پرسش کرد,7,1,5,True,True,کرد,0.14285714285714285,0.7142857142857143,0.8571428571428572,True,False,False,False
مصرف کرد,7,6,0,True,True,کرد,0.8571428571428571,0.0,0.1428571428571429,False,True,True,True
مصلحت‌اندیشی کرد,7,0,1,True,True,کرد,0.0,0.14285714285714285,1.0,True,False,False,False
مطابقت داد,7,6,6,True,True,داد,0.8571428571428571,0.8571428571428571,0.1428571428571429,False,True,True,True
انتشار داد,7,6,1,True,True,داد,0.8571428571428571,0.14285714285714285,0.1428571428571429,False,True,True,True
انتظار کشید,7,2,3,True,True,کشید,0.2857142857142857,0.42857142857142855,0.7142857142857143,True,False,False,False
صورت پذیرفت,7,0,0,True,True,پذیرفت,0.0,0.0,1.0,False,False,False,False
اندازه کرد,7,6,0,True,True,کرد,0.8571428571428571,0.0,0.1428571428571429,False,True,True,True
آنتن داد,7,0,0,True,True,داد,0.0,0.0,1.0,False,False,False,False
جولان داد,7,0,4,True,True,داد,0.0,0.5714285714285714,1.0,True,False,False,False
جیغ کشید,7,0,0,True,True,کشید,0.0,0.0,1.0,False,False,False,False
جهاند,7,5,3,False,False,,0.7142857142857143,0.42857142857142855,0.2857142857142857,False,True,True,True
پردازش کرد,7,7,0,True,True,کرد,1.0,0.0,0.0,False,True,True,True
توبیخ کرد,7,7,0,True,True,کرد,1.0,0.0,0.0,False,True,True,True
مد گرفت,7,7,0,True,True,گرفت,1.0,0.0,0.0,False,True,True,True
حاضرجوابی کرد,7,0,1,True,True,کرد,0.0,0.14285714285714285,1.0,True,False,False,False
طلاق گرفت,7,0,2,True,True,گرفت,0.0,0.2857142857142857,1.0,True,False,False,False
شریک کرد,7,6,1,False,True,کرد,0.8571428571428571,0.14285714285714285,0.1428571428571429,False,True,True,True
شعبه زد,7,0,7,True,True,زد,0.0,1.0,1.0,True,False,False,False
نشانه‌گیری کرد,7,7,4,True,True,کرد,1.0,0.5714285714285714,0.0,False,True,True,True
شوره زد,7,0,0,True,True,زد,0.0,0.0,1.0,False,False,False,False
شورید,7,1,4,False,False,,0.14285714285714285,0.5714285714285714,0.8571428571428572,True,False,False,False
کلید زد,7,7,1,True,True,زد,1.0,0.14285714285714285,0.0,False,True,True,True
انقلاب کرد,7,1,1,True,True,کرد,0.14285714285714285,0.14285714285714285,0.8571428571428572,False,False,False,False
نزاع کرد,7,0,7,True,True,کرد,0.0,1.0,1.0,True,False,False,False
محک زد,7,7,2,True,True,زد,1.0,0.2857142857142857,0.0,False,True,True,True
مخاصمه کرد,7,0,5,True,True,کرد,0.0,0.7142857142857143,1.0,True,False,False,False
مصاف کرد,7,0,6,True,True,کرد,0.0,0.8571428571428571,1.0,True,False,False,False
تهدید کرد,7,7,0,True,True,کرد,1.0,0.0,0.0,False,True,True,True
پرخاشگری کرد,7,0,3,True,True,کرد,0.0,0.42857142857142855,1.0,True,False,False,False
مشت داد,7,6,0,True,True,داد,0.8571428571428571,0.0,0.1428571428571429,False,True,True,True
محبت ورزید,7,0,4,True,True,ورزید,0.0,0.5714285714285714,1.0,True,False,False,False
کفایت کرد,7,0,2,True,True,کرد,0.0,0.2857142857142857,1.0,True,False,False,False
کفران کرد,7,1,0,True,True,کرد,0.14285714285714285,0.0,0.8571428571428572,False,False,False,False
شماره زد,7,0,5,True,True,زد,0.0,0.7142857142857143,1.0,True,False,False,False
شماره‌گذاری کرد,7,7,0,True,True,کرد,1.0,0.0,0.0,False,True,True,True
کمانه کرد,7,1,3,True,True,کرد,0.14285714285714285,0.42857142857142855,0.8571428571428572,True,False,False,False
شوت زد,7,0,3,True,True,زد,0.0,0.42857142857142855,1.0,True,False,False,False
ضدعفونی کرد,7,7,0,True,True,کرد,1.0,0.0,0.0,False,True,True,True
ضمانت کرد,7,7,0,True,True,کرد,1.0,0.0,0.0,False,True,True,True
طبقه‌بندی کرد,7,7,1,True,True,کرد,1.0,0.14285714285714285,0.0,False,True,True,True
نزول کرد,7,0,4,True,True,کرد,0.0,0.5714285714285714,1.0,True,False,False,False
نسخه پیچید,7,0,3,True,True,پیچید,0.0,0.42857142857142855,1.0,True,False,False,False
باد زد,7,5,2,True,True,زد,0.7142857142857143,0.2857142857142857,0.2857142857142857,False,True,True,True
آغوش کشید,7,7,0,True,True,کشید,1.0,0.0,0.0,False,True,True,True
مصاحبت کرد,7,0,7,True,True,کرد,0.0,1.0,1.0,True,False,False,False
پارتی‌بازی کرد,7,0,4,True,True,کرد,0.0,0.5714285714285714,1.0,True,False,False,False
پارس کرد,7,0,1,True,True,کرد,0.0,0.14285714285714285,1.0,True,False,False,False
مداحی کرد,7,0,2,True,True,کرد,0.0,0.2857142857142857,1.0,True,False,False,False
گوش نهاد,7,0,7,True,True,نهاد,0.0,1.0,1.0,True,False,False,False
اندوخته کرد,7,6,0,True,True,کرد,0.8571428571428571,0.0,0.1428571428571429,False,True,True,True
شوراند,7,7,6,False,False,,1.0,0.8571428571428571,0.0,False,True,True,True
انتساب کرد,7,7,7,True,True,کرد,1.0,1.0,0.0,False,True,True,True
صیقل زد,7,6,0,True,True,زد,0.8571428571428571,0.0,0.1428571428571429,False,True,True,True
صدرنشینی کرد,7,1,0,True,True,کرد,0.14285714285714285,0.0,0.8571428571428572,False,False,False,False
تکافو کرد,7,4,1,True,True,کرد,0.5714285714285714,0.14285714285714285,0.4285714285714286,False,True,True,True
توزیع کرد,7,6,4,True,True,کرد,0.8571428571428571,0.5714285714285714,0.1428571428571429,False,True,True,True
تکفل کرد,7,7,0,True,True,کرد,1.0,0.0,0.0,False,True,True,True
پذیرش کرد,7,7,0,True,True,کرد,1.0,0.0,0.0,False,True,True,True
پاره کرد,7,6,0,False,True,کرد,0.8571428571428571,0.0,0.1428571428571429,False,True,True,True
مراجعت کرد,7,0,5,True,True,کرد,0.0,0.7142857142857143,1.0,True,False,False,False
مراوده کرد,7,0,6,True,True,کرد,0.0,0.8571428571428571,1.0,True,False,False,False
مشاعره کرد,7,1,2,True,True,کرد,0.14285714285714285,0.2857142857142857,0.8571428571428572,True,False,False,False
گیج خورد,7,0,0,True,True,خورد,0.0,0.0,1.0,False,False,False,False
آغازید,7,3,1,False,False,,0.42857142857142855,0.14285714285714285,0.5714285714285714,False,True,True,True
صفا داد,7,7,0,True,True,داد,1.0,0.0,0.0,False,True,True,True
صفحه‌آرایی کرد,7,5,0,True,True,کرد,0.7142857142857143,0.0,0.2857142857142857,False,True,True,True
صف‌آرایی کرد,7,0,5,True,True,کرد,0.0,0.7142857142857143,1.0,True,False,False,False
کم‌فروشی کرد,7,0,0,True,True,کرد,0.0,0.0,1.0,False,False,False,False
کم‌لطفی کرد,7,0,6,True,True,کرد,0.0,0.8571428571428571,1.0,True,False,False,False
شیرین‌کاری کرد,7,0,0,True,True,کرد,0.0,0.0,1.0,False,False,False,False
آبروداری کرد,7,0,0,True,True,کرد,0.0,0.0,1.0,False,False,False,False
یکه‌تازی کرد,7,0,2,True,True,کرد,0.0,0.2857142857142857,1.0,True,False,False,False
یاد داد,7,6,6,True,True,داد,0.8571428571428571,0.8571428571428571,0.1428571428571429,False,True,True,True
پارو کرد,7,7,0,True,True,کرد,1.0,0.0,0.0,False,True,True,True
تکیه زد,7,0,7,True,True,زد,0.0,1.0,1.0,True,False,False,False
جرزنی کرد,7,0,0,True,True,کرد,0.0,0.0,1.0,False,False,False,False
جریان گرفت,7,0,4,True,True,گرفت,0.0,0.5714285714285714,1.0,True,False,False,False
باد کرد,7,5,0,True,True,کرد,0.7142857142857143,0.0,0.2857142857142857,False,True,True,True
بار آورد,7,7,3,True,True,آورد,1.0,0.42857142857142855,0.0,False,True,True,True
بارکشی کرد,7,0,2,True,True,کرد,0.0,0.2857142857142857,1.0,True,False,False,False
ایرانگردی کرد,7,0,0,True,True,کرد,0.0,0.0,1.0,False,False,False,False
ایست کرد,7,0,4,True,True,کرد,0.0,0.5714285714285714,1.0,True,False,False,False
شکافت,7,7,0,False,False,,1.0,0.0,0.0,False,True,True,True
مزمزه کرد,7,7,0,True,True,کرد,1.0,0.0,0.0,False,True,True,True
آرایش کرد,7,5,0,True,True,کرد,0.7142857142857143,0.0,0.2857142857142857,False,True,True,True
آب‌بازی کرد,7,0,0,True,True,کرد,0.0,0.0,1.0,False,False,False,False
مرمت کرد,7,6,0,True,True,کرد,0.8571428571428571,0.0,0.1428571428571429,False,True,True,True
آب افتاد,7,0,0,True,True,افتاد,0.0,0.0,1.0,False,False,False,False
یارگیری کرد,7,0,2,True,True,کرد,0.0,0.2857142857142857,1.0,True,False,False,False
آب آمد,7,0,5,True,True,آمد,0.0,0.7142857142857143,1.0,True,False,False,False
یاوه‌گویی کرد,7,0,4,True,True,کرد,0.0,0.5714285714285714,1.0,True,False,False,False
یخ بست,7,0,0,True,True,بست,0.0,0.0,1.0,False,False,False,False
پافشاری کرد,7,0,6,True,True,کرد,0.0,0.8571428571428571,1.0,True,False,False,False
صافکاری کرد,7,6,0,True,True,کرد,0.8571428571428571,0.0,0.1428571428571429,False,True,True,True
صحافی کرد,7,7,0,True,True,کرد,1.0,0.0,0.0,False,True,True,True
شکنجه داد,7,6,0,True,True,داد,0.8571428571428571,0.0,0.1428571428571429,False,True,True,True
شکوفه کرد,7,0,0,True,True,کرد,0.0,0.0,1.0,False,False,False,False
کنایه زد,7,0,5,True,True,زد,0.0,0.7142857142857143,1.0,True,False,False,False
اکرام کرد,7,7,0,True,True,کرد,1.0,0.0,0.0,False,True,True,True
قاب کرد,7,7,0,True,True,کرد,1.0,0.0,0.0,False,True,True,True
قارقار کرد,7,0,0,True,True,کرد,0.0,0.0,1.0,False,False,False,False
دیده‌بوسی کرد,7,0,5,True,True,کرد,0.0,0.7142857142857143,1.0,True,False,False,False
پینه زد,7,2,2,True,True,زد,0.2857142857142857,0.2857142857142857,0.7142857142857143,False,False,False,False
تحلیل رفت,7,0,0,True,True,رفت,0.0,0.0,1.0,False,False,False,False
پیمانه کرد,7,7,0,True,True,کرد,1.0,0.0,0.0,False,True,True,True
تخیل کرد,7,3,2,True,True,کرد,0.42857142857142855,0.2857142857142857,0.5714285714285714,False,True,True,True
گزارش کرد,7,7,2,True,True,کرد,1.0,0.2857142857142857,0.0,False,True,True,True
گزند دید,7,0,6,True,True,دید,0.0,0.8571428571428571,1.0,True,False,False,False
استراق کرد,7,4,0,True,True,کرد,0.5714285714285714,0.0,0.4285714285714286,False,True,True,True
منشأ گرفت,7,0,7,True,True,گرفت,0.0,1.0,1.0,True,False,False,False
استغفار کرد,7,0,2,True,True,کرد,0.0,0.2857142857142857,1.0,True,False,False,False
گزارش داد,7,2,2,True,True,داد,0.2857142857142857,0.2857142857142857,0.7142857142857143,False,False,False,False
تخصیص داد,7,7,6,True,True,داد,1.0,0.8571428571428571,0.0,False,True,True,True
پیش‌داوری کرد,7,0,3,True,True,کرد,0.0,0.42857142857142855,1.0,True,False,False,False
استغاثه کرد,7,0,5,True,True,کرد,0.0,0.7142857142857143,1.0,True,False,False,False
آتش‌افروزی کرد,6,0,0,True,True,کرد,0.0,0.0,1.0,False,False,False,False
یورش کرد,6,0,6,True,True,کرد,0.0,1.0,1.0,True,False,False,False
یقین آورد,6,0,6,True,True,آورد,0.0,1.0,1.0,True,False,False,False
یورش آورد,6,0,6,True,True,آورد,0.0,1.0,1.0,True,False,False,False
یادداشت‌برداری کرد,6,0,5,True,True,کرد,0.0,0.8333333333333334,1.0,True,False,False,False
عتاب کرد,6,2,3,True,True,کرد,0.3333333333333333,0.5,0.6666666666666667,True,False,False,False
امضا زد,6,4,1,True,True,زد,0.6666666666666666,0.16666666666666666,0.33333333333333337,False,True,True,True
آب‌کشی کرد,6,3,0,True,True,کرد,0.5,0.0,0.5,False,True,True,True
مساعدت کرد,6,3,2,True,True,کرد,0.5,0.3333333333333333,0.5,False,True,True,True
آستر کرد,6,5,0,True,True,کرد,0.8333333333333334,0.0,0.16666666666666663,False,True,True,True
جاده‌سازی کرد,6,0,0,True,True,کرد,0.0,0.0,1.0,False,False,False,False
جادوگری کرد,6,0,0,True,True,کرد,0.0,0.0,1.0,False,False,False,False
بزرگواری کرد,6,0,0,True,True,کرد,0.0,0.0,1.0,False,False,False,False
کاهش یافت,6,0,2,True,True,یافت,0.0,0.3333333333333333,1.0,True,False,False,False
سفارش گرفت,6,1,3,True,True,گرفت,0.16666666666666666,0.5,0.8333333333333334,True,False,False,False
سقوط کرد,6,0,4,True,True,کرد,0.0,0.6666666666666666,1.0,True,False,False,False
ثبات گرفت,6,0,0,True,True,گرفت,0.0,0.0,1.0,False,False,False,False
پایه‌ریزی کرد,6,6,0,True,True,کرد,1.0,0.0,0.0,False,True,True,True
جدول‌بندی کرد,6,5,0,True,True,کرد,0.8333333333333334,0.0,0.16666666666666663,False,True,True,True
جدی گرفت,6,4,0,False,True,گرفت,0.6666666666666666,0.0,0.33333333333333337,False,True,True,True
جر کرد,6,0,4,True,True,کرد,0.0,0.6666666666666666,1.0,True,False,False,False
جای‌گیری کرد,6,0,4,True,True,کرد,0.0,0.6666666666666666,1.0,True,False,False,False
برف‌بازی کرد,6,0,0,True,True,کرد,0.0,0.0,1.0,False,False,False,False
برق‌رسانی کرد,6,1,5,True,True,کرد,0.16666666666666666,0.8333333333333334,0.8333333333333334,True,False,False,False
سلطنت کرد,6,0,6,True,True,کرد,0.0,1.0,1.0,True,False,False,False
فراخوانی کرد,6,5,1,True,True,کرد,0.8333333333333334,0.16666666666666666,0.16666666666666663,False,True,True,True
اغتشاش کرد,6,0,0,True,True,کرد,0.0,0.0,1.0,False,False,False,False
اغماض کرد,6,0,3,True,True,کرد,0.0,0.5,1.0,True,False,False,False
غوطه زد,6,0,6,True,True,زد,0.0,1.0,1.0,True,False,False,False
فاصله داد,6,5,5,True,True,داد,0.8333333333333334,0.8333333333333334,0.16666666666666663,False,True,True,True
سرپوش گذاشت,6,1,5,True,True,گذاشت,0.16666666666666666,0.8333333333333334,0.8333333333333334,True,False,False,False
پای آمد,6,0,0,True,True,آمد,0.0,0.0,1.0,False,False,False,False
مشاورت کرد,6,0,3,True,True,کرد,0.0,0.5,1.0,True,False,False,False
مشاوره کرد,6,0,6,True,True,کرد,0.0,1.0,1.0,True,False,False,False
مشت زد,6,0,4,True,True,زد,0.0,0.6666666666666666,1.0,True,False,False,False
مداومت کرد,6,0,4,True,True,کرد,0.0,0.6666666666666666,1.0,True,False,False,False
مدرسه‌سازی کرد,6,0,0,True,True,کرد,0.0,0.0,1.0,False,False,False,False
مدیحه‌سرایی کرد,6,0,3,True,True,کرد,0.0,0.5,1.0,True,False,False,False
تیرباران کرد,6,5,0,True,True,کرد,0.8333333333333334,0.0,0.16666666666666663,False,True,True,True
تیغ زد,6,6,0,True,True,زد,1.0,0.0,0.0,False,True,True,True
ثابت کرد,6,4,1,True,True,کرد,0.6666666666666666,0.16666666666666666,0.33333333333333337,False,True,True,True
جلوه کرد,6,0,2,True,True,کرد,0.0,0.3333333333333333,1.0,True,False,False,False
پارک کرد,6,2,2,True,True,کرد,0.3333333333333333,0.3333333333333333,0.6666666666666667,False,False,False,False
تکلف کرد,6,0,1,True,True,کرد,0.0,0.16666666666666666,1.0,True,False,False,False
تکمیل کرد,6,6,0,True,True,کرد,1.0,0.0,0.0,False,True,True,True
پالود,6,6,1,False,False,,1.0,0.16666666666666666,0.0,False,True,True,True
جدال کرد,6,0,2,True,True,کرد,0.0,0.3333333333333333,1.0,True,False,False,False
تکوین کرد,6,3,0,True,True,کرد,0.5,0.0,0.5,False,True,True,True
جراحی کرد,6,4,0,True,True,کرد,0.6666666666666666,0.0,0.33333333333333337,False,True,True,True
جرقه زد,6,0,1,True,True,زد,0.0,0.16666666666666666,1.0,True,False,False,False
گیج رفت,6,0,0,True,True,رفت,0.0,0.0,1.0,False,False,False,False
اعطا کرد,6,6,5,True,True,کرد,1.0,0.8333333333333334,0.0,False,True,True,True
اطفا کرد,6,6,0,True,True,کرد,1.0,0.0,0.0,False,True,True,True
اطمینان کرد,6,0,6,True,True,کرد,0.0,1.0,1.0,True,False,False,False
فرش کرد,6,6,0,True,True,کرد,1.0,0.0,0.0,False,True,True,True
سرکشی کرد,6,0,6,True,True,کرد,0.0,1.0,1.0,True,False,False,False
بست زد,6,2,0,True,True,زد,0.3333333333333333,0.0,0.6666666666666667,False,False,False,False
بست نشست,6,0,6,True,True,نشست,0.0,1.0,1.0,True,False,False,False
کارگردانی کرد,6,5,0,True,True,کرد,0.8333333333333334,0.0,0.16666666666666663,False,True,True,True
کارگری کرد,6,0,3,True,True,کرد,0.0,0.5,1.0,True,False,False,False
کاریابی کرد,6,0,6,True,True,کرد,0.0,1.0,1.0,True,False,False,False
اقناع کرد,6,6,0,True,True,کرد,1.0,0.0,0.0,False,True,True,True
عربده زد,6,0,0,True,True,زد,0.0,0.0,1.0,False,False,False,False
عربده کشید,6,0,1,True,True,کشید,0.0,0.16666666666666666,1.0,True,False,False,False
عرض کرد,6,5,2,True,True,کرد,0.8333333333333334,0.3333333333333333,0.16666666666666663,False,True,True,True
عاریه کرد,6,6,2,True,True,کرد,1.0,0.3333333333333333,0.0,False,True,True,True
نازید,6,0,6,False,False,,0.0,1.0,1.0,True,False,False,False
ناسازگاری کرد,6,0,3,True,True,کرد,0.0,0.5,1.0,True,False,False,False
ناشیگری کرد,6,0,2,True,True,کرد,0.0,0.3333333333333333,1.0,True,False,False,False
مشروعیت‌زدایی کرد,6,0,5,True,True,کرد,0.0,0.8333333333333334,1.0,True,False,False,False
توسل کرد,6,0,6,True,True,کرد,0.0,1.0,1.0,True,False,False,False
پدیدار کرد,6,6,0,True,True,کرد,1.0,0.0,0.0,False,True,True,True
جست کرد,6,6,3,True,True,کرد,1.0,0.5,0.0,False,True,True,True
توفیر کرد,6,0,3,True,True,کرد,0.0,0.5,1.0,True,False,False,False
پاسداری کرد,6,1,4,True,True,کرد,0.16666666666666666,0.6666666666666666,0.8333333333333334,True,False,False,False
تکه کرد,6,6,0,True,True,کرد,1.0,0.0,0.0,False,True,True,True
جوجه کرد,6,0,0,True,True,کرد,0.0,0.0,1.0,False,False,False,False
جوسازی کرد,6,0,4,True,True,کرد,0.0,0.6666666666666666,1.0,True,False,False,False
جمله‌سازی کرد,6,0,3,True,True,کرد,0.0,0.5,1.0,True,False,False,False
جنب کرد,6,0,0,True,True,کرد,0.0,0.0,1.0,False,False,False,False
امان داشت,6,6,6,True,True,داشت,1.0,1.0,0.0,False,True,True,True
امان ماند,6,0,6,True,True,ماند,0.0,1.0,1.0,True,False,False,False
سراغ داشت,6,6,1,True,True,داشت,1.0,0.16666666666666666,0.0,False,True,True,True
نقل داد,6,5,6,True,True,داد,0.8333333333333334,1.0,0.16666666666666663,False,True,True,True
سرشماری کرد,6,5,1,True,True,کرد,0.8333333333333334,0.16666666666666666,0.16666666666666663,False,True,True,True
سرفه کرد,6,1,0,True,True,کرد,0.16666666666666666,0.0,0.8333333333333334,False,False,False,False
مژه زد,6,1,0,True,True,زد,0.16666666666666666,0.0,0.8333333333333334,False,False,False,False
مکاتبه کرد,6,0,6,True,True,کرد,0.0,1.0,1.0,True,False,False,False
اعزام داشت,6,6,5,True,True,داشت,1.0,0.8333333333333334,0.0,False,True,True,True
بلوا کرد,6,0,0,True,True,کرد,0.0,0.0,1.0,False,False,False,False
کارشناسی کرد,6,5,0,True,True,کرد,0.8333333333333334,0.0,0.16666666666666663,False,True,True,True
سلوک کرد,6,0,1,True,True,کرد,0.0,0.16666666666666666,1.0,True,False,False,False
سماجت کرد,6,0,3,True,True,کرد,0.0,0.5,1.0,True,False,False,False
سنگر گرفت,6,0,6,True,True,گرفت,0.0,1.0,1.0,True,False,False,False
بردباری کرد,6,0,0,True,True,کرد,0.0,0.0,1.0,False,False,False,False
سوئیچ کرد,6,0,5,True,True,کرد,0.0,0.8333333333333334,1.0,True,False,False,False
کولاک کرد,6,0,0,True,True,کرد,0.0,0.0,1.0,False,False,False,False
کوک زد,6,5,0,True,True,زد,0.8333333333333334,0.0,0.16666666666666663,False,True,True,True
نت‌برداری کرد,6,2,3,True,True,کرد,0.3333333333333333,0.5,0.6666666666666667,True,False,False,False
طلسم کرد,6,6,0,True,True,کرد,1.0,0.0,0.0,False,True,True,True
طمع برد,6,0,6,True,True,برد,0.0,1.0,1.0,True,False,False,False
آمارگیری کرد,6,2,2,True,True,کرد,0.3333333333333333,0.3333333333333333,0.6666666666666667,False,False,False,False
گوشت آورد,6,0,0,True,True,آورد,0.0,0.0,1.0,False,False,False,False
گویندگی کرد,6,0,3,True,True,کرد,0.0,0.5,1.0,True,False,False,False
نق زد,6,0,3,True,True,زد,0.0,0.5,1.0,True,False,False,False
سجده برد,6,0,4,True,True,برد,0.0,0.6666666666666666,1.0,True,False,False,False
سخاوت کرد,6,1,4,True,True,کرد,0.16666666666666666,0.6666666666666666,0.8333333333333334,True,False,False,False
سرایت داد,6,5,6,True,True,داد,0.8333333333333334,1.0,0.16666666666666663,False,True,True,True
بمباران کرد,6,6,0,True,True,کرد,1.0,0.0,0.0,False,True,True,True
مچ‌گیری کرد,6,0,1,True,True,کرد,0.0,0.16666666666666666,1.0,True,False,False,False
بهانه آورد,6,0,2,True,True,آورد,0.0,0.3333333333333333,1.0,True,False,False,False
جواب کرد,6,6,0,True,True,کرد,1.0,0.0,0.0,False,True,True,True
جوانه کرد,6,0,0,True,True,کرد,0.0,0.0,1.0,False,False,False,False
جوانی کرد,6,0,0,True,True,کرد,0.0,0.0,1.0,False,False,False,False
پرده‌برداری کرد,6,1,5,True,True,کرد,0.16666666666666666,0.8333333333333334,0.8333333333333334,True,False,False,False
مصروف داشت,6,5,0,True,True,داشت,0.8333333333333334,0.0,0.16666666666666663,False,True,True,True
عصب‌کشی کرد,6,6,0,True,True,کرد,1.0,0.0,0.0,False,True,True,True
عضوگیری کرد,6,0,2,True,True,کرد,0.0,0.3333333333333333,1.0,True,False,False,False
عذاب داد,6,6,0,True,True,داد,1.0,0.0,0.0,False,True,True,True
سامان پذیرفت,6,0,0,True,True,پذیرفت,0.0,0.0,1.0,False,False,False,False
بند زد,6,5,1,True,True,زد,0.8333333333333334,0.16666666666666666,0.16666666666666663,False,True,True,True
بندبازی کرد,6,0,0,True,True,کرد,0.0,0.0,1.0,False,False,False,False
نمره آورد,6,2,1,True,True,آورد,0.3333333333333333,0.16666666666666666,0.6666666666666667,False,False,False,False
نمره کرد,6,6,0,True,True,کرد,1.0,0.0,0.0,False,True,True,True
ستم کرد,6,0,3,True,True,کرد,0.0,0.5,1.0,True,False,False,False
ستیز کرد,6,0,4,True,True,کرد,0.0,0.6666666666666666,1.0,True,False,False,False
سامان داد,6,6,0,True,True,داد,1.0,0.0,0.0,False,True,True,True
عقب‌نشینی کرد,6,0,5,True,True,کرد,0.0,0.8333333333333334,1.0,True,False,False,False
مضایقه داشت,6,1,5,True,True,داشت,0.16666666666666666,0.8333333333333334,0.8333333333333334,True,False,False,False
مضایقه کرد,6,2,6,True,True,کرد,0.3333333333333333,1.0,0.6666666666666667,True,False,False,False
مطایبه کرد,6,0,2,True,True,کرد,0.0,0.3333333333333333,1.0,True,False,False,False
آمپول زد,6,0,2,True,True,زد,0.0,0.3333333333333333,1.0,True,False,False,False
آفتاب گرفت,6,0,0,True,True,گرفت,0.0,0.0,1.0,False,False,False,False
آقایی کرد,6,0,4,True,True,کرد,0.0,0.6666666666666666,1.0,True,False,False,False
آلود,6,6,5,False,False,,1.0,0.8333333333333334,0.0,False,True,True,True
تنبیه کرد,6,6,0,True,True,کرد,1.0,0.0,0.0,False,True,True,True
حاصل آمد,6,0,2,True,True,آمد,0.0,0.3333333333333333,1.0,True,False,False,False
حاصل داشت,6,5,0,True,True,داشت,0.8333333333333334,0.0,0.16666666666666663,False,True,True,True
جوش داد,6,6,4,True,True,داد,1.0,0.6666666666666666,0.0,False,True,True,True
جوش زد,6,0,0,True,True,زد,0.0,0.0,1.0,False,False,False,False
تهویه کرد,6,5,0,True,True,کرد,0.8333333333333334,0.0,0.16666666666666663,False,True,True,True
ویراستاری کرد,6,4,0,True,True,کرد,0.6666666666666666,0.0,0.33333333333333337,False,True,True,True
پا افتاد,6,0,0,True,True,افتاد,0.0,0.0,1.0,False,False,False,False
پرهیز داد,6,6,6,True,True,داد,1.0,1.0,0.0,False,True,True,True
امید بست,6,0,6,True,True,بست,0.0,1.0,1.0,True,False,False,False
انبار کرد,6,3,2,True,True,کرد,0.5,0.3333333333333333,0.5,False,True,True,True
طعمه کرد,6,6,0,True,True,کرد,1.0,0.0,0.0,False,True,True,True
زینت داد,6,5,4,True,True,داد,0.8333333333333334,0.6666666666666666,0.16666666666666663,False,True,True,True
زیور کرد,6,5,3,True,True,کرد,0.8333333333333334,0.5,0.16666666666666663,False,True,True,True
بهانه‌جویی کرد,6,0,0,True,True,کرد,0.0,0.0,1.0,False,False,False,False
کار برد,6,6,5,True,True,برد,1.0,0.8333333333333334,0.0,False,True,True,True
بنیاد گذاشت,6,6,0,True,True,گذاشت,1.0,0.0,0.0,False,True,True,True
بنیان نهاد,6,6,2,True,True,نهاد,1.0,0.3333333333333333,0.0,False,True,True,True
غوطه خورد,6,0,4,True,True,خورد,0.0,0.6666666666666666,1.0,True,False,False,False
ضبط کرد,6,6,0,True,True,کرد,1.0,0.0,0.0,False,True,True,True
ضعف کرد,6,0,2,True,True,کرد,0.0,0.3333333333333333,1.0,True,False,False,False
طبابت کرد,6,0,0,True,True,کرد,0.0,0.0,1.0,False,False,False,False
مثال آورد,6,4,2,True,True,آورد,0.6666666666666666,0.3333333333333333,0.33333333333333337,False,True,True,True
مثال زد,6,4,3,True,True,زد,0.6666666666666666,0.5,0.33333333333333337,False,True,True,True
معارفه کرد,6,4,2,True,True,کرد,0.6666666666666666,0.3333333333333333,0.33333333333333337,False,True,True,True
ابرام کرد,6,3,3,True,True,کرد,0.5,0.5,0.5,False,True,True,True
گردآوری کرد,6,6,0,True,True,کرد,1.0,0.0,0.0,False,True,True,True
گردن گرفت,6,6,0,True,True,گرفت,1.0,0.0,0.0,False,True,True,True
فرق گذاشت,6,0,6,True,True,گذاشت,0.0,1.0,1.0,True,False,False,False
فرمانروایی کرد,6,0,6,True,True,کرد,0.0,1.0,1.0,True,False,False,False
فرمان‌برداری کرد,6,1,2,True,True,کرد,0.16666666666666666,0.3333333333333333,0.8333333333333334,True,False,False,False
زورگیری کرد,6,0,6,True,True,کرد,0.0,1.0,1.0,True,False,False,False
زوزه کرد,6,1,0,True,True,کرد,0.16666666666666666,0.0,0.8333333333333334,False,False,False,False
زیاد آورد,6,6,0,True,True,آورد,1.0,0.0,0.0,False,True,True,True
بهره‌برداری کرد,6,0,5,True,True,کرد,0.0,0.8333333333333334,1.0,True,False,False,False
اعانت کرد,6,5,3,True,True,کرد,0.8333333333333334,0.5,0.16666666666666663,False,True,True,True
گران‌فروشی کرد,6,1,0,True,True,کرد,0.16666666666666666,0.0,0.8333333333333334,False,False,False,False
گرایید,6,0,6,False,False,,0.0,1.0,1.0,True,False,False,False
فرمت کرد,6,6,0,True,True,کرد,1.0,0.0,0.0,False,True,True,True
فرق گذارد,6,0,6,True,True,گذارد,0.0,1.0,1.0,True,False,False,False
تمکین کرد,6,0,5,True,True,کرد,0.0,0.8333333333333334,1.0,True,False,False,False
حسادت ورزید,6,0,6,True,True,ورزید,0.0,1.0,1.0,True,False,False,False
حماسه‌آفرینی کرد,6,0,1,True,True,کرد,0.0,0.16666666666666666,1.0,True,False,False,False
نجوا کرد,6,4,4,True,True,کرد,0.6666666666666666,0.6666666666666666,0.33333333333333337,False,True,True,True
ندا داد,6,4,0,True,True,داد,0.6666666666666666,0.0,0.33333333333333337,False,True,True,True
کودتا کرد,6,0,2,True,True,کرد,0.0,0.3333333333333333,1.0,True,False,False,False
اسکورت کرد,6,6,2,True,True,کرد,1.0,0.3333333333333333,0.0,False,True,True,True
نمونه‌گیری کرد,6,0,4,True,True,کرد,0.0,0.6666666666666666,1.0,True,False,False,False
نهیب زد,6,1,6,True,True,زد,0.16666666666666666,1.0,0.8333333333333334,True,False,False,False
نوآوری کرد,6,0,0,True,True,کرد,0.0,0.0,1.0,False,False,False,False
نوازش کرد,6,4,0,True,True,کرد,0.6666666666666666,0.0,0.33333333333333337,False,True,True,True
نوبت‌بندی کرد,6,5,2,True,True,کرد,0.8333333333333334,0.3333333333333333,0.16666666666666663,False,True,True,True
نوسازی کرد,6,6,0,True,True,کرد,1.0,0.0,0.0,False,True,True,True
بوق زد,6,0,0,True,True,زد,0.0,0.0,1.0,False,False,False,False
زمین زد,6,6,0,True,True,زد,1.0,0.0,0.0,False,True,True,True
اقبال کرد,6,0,6,True,True,کرد,0.0,1.0,1.0,True,False,False,False
اقتباس کرد,6,3,5,True,True,کرد,0.5,0.8333333333333334,0.5,False,True,True,True
عطرافشانی کرد,6,3,0,True,True,کرد,0.5,0.0,0.5,False,True,True,True
حظ برد,6,0,5,True,True,برد,0.0,0.8333333333333334,1.0,True,False,False,False
حروف‌چینی کرد,6,4,0,True,True,کرد,0.6666666666666666,0.0,0.33333333333333337,False,True,True,True
ابلاغ داشت,6,6,5,True,True,داشت,1.0,0.8333333333333334,0.0,False,True,True,True
معاونت کرد,6,6,0,True,True,کرد,1.0,0.0,0.0,False,True,True,True
معذور داشت,6,6,0,False,True,داشت,1.0,0.0,0.0,False,True,True,True
تمسک کرد,6,0,6,True,True,کرد,0.0,1.0,1.0,True,False,False,False
تمشیت کرد,6,5,0,True,True,کرد,0.8333333333333334,0.0,0.16666666666666663,False,True,True,True
تلگراف کرد,6,2,5,True,True,کرد,0.3333333333333333,0.8333333333333334,0.6666666666666667,True,False,False,False
تمارض کرد,6,0,0,True,True,کرد,0.0,0.0,1.0,False,False,False,False
تمثیل کرد,6,4,2,True,True,کرد,0.6666666666666666,0.3333333333333333,0.33333333333333337,False,True,True,True
حواله کرد,6,6,4,True,True,کرد,1.0,0.6666666666666666,0.0,False,True,True,True
وقت‌کشی کرد,6,0,0,True,True,کرد,0.0,0.0,1.0,False,False,False,False
نابود کرد,6,5,0,False,True,کرد,0.8333333333333334,0.0,0.16666666666666663,False,True,True,True
التماس کرد,6,0,2,True,True,کرد,0.0,0.3333333333333333,1.0,True,False,False,False
التیام داد,6,5,0,True,True,داد,0.8333333333333334,0.0,0.16666666666666663,False,True,True,True
القا کرد,6,5,6,True,True,کرد,0.8333333333333334,1.0,0.16666666666666663,False,True,True,True
الهام کرد,6,3,5,True,True,کرد,0.5,0.8333333333333334,0.5,False,True,True,True
چک کشید,6,0,2,True,True,کشید,0.0,0.3333333333333333,1.0,True,False,False,False
چکاپ کرد,6,3,0,True,True,کرد,0.5,0.0,0.5,False,True,True,True
زمینه‌سازی کرد,6,0,4,True,True,کرد,0.0,0.6666666666666666,1.0,True,False,False,False
سنگ‌باران کرد,6,6,0,True,True,کرد,1.0,0.0,0.0,False,True,True,True
سنگ‌نوردی کرد,6,0,0,True,True,کرد,0.0,0.0,1.0,False,False,False,False
سنگ‌پرانی کرد,6,0,4,True,True,کرد,0.0,0.6666666666666666,1.0,True,False,False,False
سهل‌انگاری کرد,6,0,4,True,True,کرد,0.0,0.6666666666666666,1.0,True,False,False,False
برابری کرد,6,0,6,True,True,کرد,0.0,1.0,1.0,True,False,False,False
معصیت کرد,6,4,0,True,True,کرد,0.6666666666666666,0.0,0.33333333333333337,False,True,True,True
مباشرت کرد,6,0,6,True,True,کرد,0.0,1.0,1.0,True,False,False,False
مباهله کرد,6,0,5,True,True,کرد,0.0,0.8333333333333334,1.0,True,False,False,False
مبذول داشت,6,6,3,True,True,داشت,1.0,0.5,0.0,False,True,True,True
متارکه کرد,6,0,4,True,True,کرد,0.0,0.6666666666666666,1.0,True,False,False,False
اجتناب ورزید,6,0,6,True,True,ورزید,0.0,1.0,1.0,True,False,False,False
خالکوبی کرد,6,4,1,True,True,کرد,0.6666666666666666,0.16666666666666666,0.33333333333333337,False,True,True,True
حکاکی کرد,6,5,4,True,True,کرد,0.8333333333333334,0.6666666666666666,0.16666666666666663,False,True,True,True
حق‌شناسی کرد,6,1,3,True,True,کرد,0.16666666666666666,0.5,0.8333333333333334,True,False,False,False
حلول کرد,6,0,5,True,True,کرد,0.0,0.8333333333333334,1.0,True,False,False,False
کدگذاری کرد,6,6,1,True,True,کرد,1.0,0.16666666666666666,0.0,False,True,True,True
کرایه داد,6,5,2,True,True,داد,0.8333333333333334,0.3333333333333333,0.16666666666666663,False,True,True,True
زانو زد,6,0,2,True,True,زد,0.0,0.3333333333333333,1.0,True,False,False,False
زبانه زد,6,1,0,True,True,زد,0.16666666666666666,0.0,0.8333333333333334,False,False,False,False
نوحه‌سرایی کرد,6,0,1,True,True,کرد,0.0,0.16666666666666666,1.0,True,False,False,False
حکم کرد,6,0,5,True,True,کرد,0.0,0.8333333333333334,1.0,True,False,False,False
حکم‌فرمایی کرد,6,0,5,True,True,کرد,0.0,0.8333333333333334,1.0,True,False,False,False
خاتمه داد,6,0,6,True,True,داد,0.0,1.0,1.0,True,False,False,False
حماقت کرد,6,0,0,True,True,کرد,0.0,0.0,1.0,False,False,False,False
پس کشید,6,1,1,True,True,کشید,0.16666666666666666,0.16666666666666666,0.8333333333333334,False,False,False,False
تلمبه کرد,6,4,3,True,True,کرد,0.6666666666666666,0.5,0.33333333333333337,False,True,True,True
تلنگر زد,6,0,4,True,True,زد,0.0,0.6666666666666666,1.0,True,False,False,False
تمرین داد,6,5,2,True,True,داد,0.8333333333333334,0.3333333333333333,0.16666666666666663,False,True,True,True
ریسک کرد,6,0,1,True,True,کرد,0.0,0.16666666666666666,1.0,True,False,False,False
روشنگری کرد,6,0,5,True,True,کرد,0.0,0.8333333333333334,1.0,True,False,False,False
چهچهه زد,6,1,0,True,True,زد,0.16666666666666666,0.0,0.8333333333333334,False,False,False,False
نوسان کرد,6,0,3,True,True,کرد,0.0,0.5,1.0,True,False,False,False
موج زد,6,0,1,True,True,زد,0.0,0.16666666666666666,1.0,True,False,False,False
موضوعیت داشت,6,0,3,True,True,داشت,0.0,0.5,1.0,True,False,False,False
موضوع‌بندی کرد,6,5,0,True,True,کرد,0.8333333333333334,0.0,0.16666666666666663,False,True,True,True
فزونی داد,6,5,0,True,True,داد,0.8333333333333334,0.0,0.16666666666666663,False,True,True,True
خراش داد,6,6,0,True,True,داد,1.0,0.0,0.0,False,True,True,True
خرج داد,6,6,0,True,True,داد,1.0,0.0,0.0,False,True,True,True
تله‌پاتی کرد,6,0,1,True,True,کرد,0.0,0.16666666666666666,1.0,True,False,False,False
تلگراف زد,6,1,5,True,True,زد,0.16666666666666666,0.8333333333333334,0.8333333333333334,True,False,False,False
خاتمه پذیرفت,6,0,0,True,True,پذیرفت,0.0,0.0,1.0,False,False,False,False
ماتم گرفت,6,1,0,True,True,گرفت,0.16666666666666666,0.0,0.8333333333333334,False,False,False,False
وصله خورد,6,0,3,True,True,خورد,0.0,0.5,1.0,True,False,False,False
وصله زد,6,4,1,True,True,زد,0.6666666666666666,0.16666666666666666,0.33333333333333337,False,True,True,True
اشارت داشت,6,0,6,True,True,داشت,0.0,1.0,1.0,True,False,False,False
اشاعه داد,6,5,5,True,True,داد,0.8333333333333334,0.8333333333333334,0.16666666666666663,False,True,True,True
چمباتمه زد,6,0,0,True,True,زد,0.0,0.0,1.0,False,False,False,False
چنگ انداخت,6,1,5,True,True,انداخت,0.16666666666666666,0.8333333333333334,0.8333333333333334,True,False,False,False
بدل کرد,6,6,6,True,True,کرد,1.0,1.0,0.0,False,True,True,True
نظر آورد,6,6,0,True,True,آورد,1.0,0.0,0.0,False,True,True,True
نظر رسید,6,0,5,True,True,رسید,0.0,0.8333333333333334,1.0,True,False,False,False
سکونت کرد,6,0,6,True,True,کرد,0.0,1.0,1.0,True,False,False,False
سیاحت کرد,6,1,3,True,True,کرد,0.16666666666666666,0.5,0.8333333333333334,True,False,False,False
کنجکاوی کرد,6,1,3,True,True,کرد,0.16666666666666666,0.5,0.8333333333333334,True,False,False,False
انعقاد کرد,6,6,0,True,True,کرد,1.0,0.0,0.0,False,True,True,True
انعکاس داد,6,5,1,True,True,داد,0.8333333333333334,0.16666666666666666,0.16666666666666663,False,True,True,True
نرخ‌گذاری کرد,6,3,1,True,True,کرد,0.5,0.16666666666666666,0.5,False,True,True,True
خانه کرد,6,1,4,True,True,کرد,0.16666666666666666,0.6666666666666666,0.8333333333333334,True,False,False,False
خبرسازی کرد,6,0,2,True,True,کرد,0.0,0.3333333333333333,1.0,True,False,False,False
تلفن کرد,6,0,4,True,True,کرد,0.0,0.6666666666666666,1.0,True,False,False,False
خرابکاری کرد,6,0,3,True,True,کرد,0.0,0.5,1.0,True,False,False,False
سیاست ورزید,6,0,0,True,True,ورزید,0.0,0.0,1.0,False,False,False,False
سیاست‌گذاری کرد,6,1,4,True,True,کرد,0.16666666666666666,0.6666666666666666,0.8333333333333334,True,False,False,False
سیاسی‌کاری کرد,6,0,0,True,True,کرد,0.0,0.0,1.0,False,False,False,False
افاقه کرد,6,0,0,True,True,کرد,0.0,0.0,1.0,False,False,False,False
بی‌تابی کرد,6,0,2,True,True,کرد,0.0,0.3333333333333333,1.0,True,False,False,False
بی‌تجربگی کرد,6,0,0,True,True,کرد,0.0,0.0,1.0,False,False,False,False
روی آورد,6,0,6,True,True,آورد,0.0,1.0,1.0,True,False,False,False
رویید,6,0,1,False,False,,0.0,0.16666666666666666,1.0,True,False,False,False
اسلام آورد,6,0,0,True,True,آورد,0.0,0.0,1.0,False,False,False,False
اجماع کرد,6,0,6,True,True,کرد,0.0,1.0,1.0,True,False,False,False
احاله کرد,6,6,6,True,True,کرد,1.0,1.0,0.0,False,True,True,True
اجاره داد,6,6,1,True,True,داد,1.0,0.16666666666666666,0.0,False,True,True,True
مادری کرد,6,0,5,True,True,کرد,0.0,0.8333333333333334,1.0,True,False,False,False
ماساژ داد,6,6,1,True,True,داد,1.0,0.16666666666666666,0.0,False,True,True,True
معمول داشت,6,6,0,False,True,داشت,1.0,0.0,0.0,False,True,True,True
معنا داد,6,1,5,True,True,داد,0.16666666666666666,0.8333333333333334,0.8333333333333334,True,False,False,False
معنا کرد,6,6,0,True,True,کرد,1.0,0.0,0.0,False,True,True,True
صدقه کرد,6,3,1,True,True,کرد,0.5,0.16666666666666666,0.5,False,True,True,True
شیهه زد,6,0,1,True,True,زد,0.0,0.16666666666666666,1.0,True,False,False,False
اسکان گرفت,6,0,6,True,True,گرفت,0.0,1.0,1.0,True,False,False,False
فصل‌بندی کرد,6,6,1,True,True,کرد,1.0,0.16666666666666666,0.0,False,True,True,True
فضولی کرد,6,0,5,True,True,کرد,0.0,0.8333333333333334,1.0,True,False,False,False
چشم بست,6,0,6,True,True,بست,0.0,1.0,1.0,True,False,False,False
چشم خورد,6,0,0,True,True,خورد,0.0,0.0,1.0,False,False,False,False
افتخارآفرینی کرد,6,0,2,True,True,کرد,0.0,0.3333333333333333,1.0,True,False,False,False
غلت خورد,6,0,4,True,True,خورد,0.0,0.6666666666666666,1.0,True,False,False,False
مکید,6,6,0,False,False,,1.0,0.0,0.0,False,True,True,True
خضوع کرد,6,0,6,True,True,کرد,0.0,1.0,1.0,True,False,False,False
احتکار کرد,6,4,0,True,True,کرد,0.6666666666666666,0.0,0.33333333333333337,False,True,True,True
احتیاط کرد,6,0,2,True,True,کرد,0.0,0.3333333333333333,1.0,True,False,False,False
تقطیر کرد,6,5,0,True,True,کرد,0.8333333333333334,0.0,0.16666666666666663,False,True,True,True
تقطیع کرد,6,6,1,True,True,کرد,1.0,0.16666666666666666,0.0,False,True,True,True
تقویت کرد,6,5,0,True,True,کرد,0.8333333333333334,0.0,0.16666666666666663,False,True,True,True
خرناسه کشید,6,0,0,True,True,کشید,0.0,0.0,1.0,False,False,False,False
خروپف کرد,6,0,0,True,True,کرد,0.0,0.0,1.0,False,False,False,False
خجالت کشید,6,0,3,True,True,کشید,0.0,0.5,1.0,True,False,False,False
خدعه کرد,6,0,1,True,True,کرد,0.0,0.16666666666666666,1.0,True,False,False,False
خراب کرد,6,6,0,False,True,کرد,1.0,0.0,0.0,False,True,True,True
خطاطی کرد,6,4,0,True,True,کرد,0.6666666666666666,0.0,0.33333333333333337,False,True,True,True
وسوسه کرد,6,6,1,True,True,کرد,1.0,0.16666666666666666,0.0,False,True,True,True
صلح داد,6,3,2,True,True,داد,0.5,0.3333333333333333,0.5,False,True,True,True
صحنه‌سازی کرد,6,2,0,True,True,کرد,0.3333333333333333,0.0,0.6666666666666667,False,False,False,False
صحنه‌پردازی کرد,6,3,0,True,True,کرد,0.5,0.0,0.5,False,True,True,True
صدا داد,6,0,0,True,True,داد,0.0,0.0,1.0,False,False,False,False
خشوع کرد,6,0,3,True,True,کرد,0.0,0.5,1.0,True,False,False,False
خصومت کرد,6,0,5,True,True,کرد,0.0,0.8333333333333334,1.0,True,False,False,False
پناه آورد,6,0,6,True,True,آورد,0.0,1.0,1.0,True,False,False,False
تقدیس کرد,6,6,0,True,True,کرد,1.0,0.0,0.0,False,True,True,True
تقدیم کرد,6,6,4,True,True,کرد,1.0,0.6666666666666666,0.0,False,True,True,True
تقسیم شد,6,0,6,True,True,شد,0.0,1.0,1.0,True,False,False,False
وساطت کرد,6,1,4,True,True,کرد,0.16666666666666666,0.6666666666666666,0.8333333333333334,True,False,False,False
خضاب کرد,6,3,0,True,True,کرد,0.5,0.0,0.5,False,True,True,True
میان آمد,6,0,0,True,True,آمد,0.0,0.0,1.0,False,False,False,False
سیلی خورد,6,0,2,True,True,خورد,0.0,0.3333333333333333,1.0,True,False,False,False
سیمان کرد,6,6,0,True,True,کرد,1.0,0.0,0.0,False,True,True,True
نظاره داشت,6,3,3,True,True,داشت,0.5,0.5,0.5,False,True,True,True
رهنمود کرد,6,5,6,True,True,کرد,0.8333333333333334,1.0,0.16666666666666663,False,True,True,True
رهنمون ساخت,6,4,6,True,True,ساخت,0.6666666666666666,1.0,0.33333333333333337,False,True,True,True
چرخ کرد,6,6,0,True,True,کرد,1.0,0.0,0.0,False,True,True,True
چرخش کرد,6,0,4,True,True,کرد,0.0,0.6666666666666666,1.0,True,False,False,False
بی‌مهری کرد,6,0,4,True,True,کرد,0.0,0.6666666666666666,1.0,True,False,False,False
بی‌وجدانی کرد,6,0,0,True,True,کرد,0.0,0.0,1.0,False,False,False,False
چرید,6,3,0,False,False,,0.5,0.0,0.5,False,True,True,True
تفقد کرد,6,2,4,True,True,کرد,0.3333333333333333,0.6666666666666666,0.6666666666666667,True,False,False,False
تفنن کرد,6,0,3,True,True,کرد,0.0,0.5,1.0,True,False,False,False
وراجی کرد,6,0,0,True,True,کرد,0.0,0.0,1.0,False,False,False,False
صادر شد,6,2,1,True,True,شد,0.3333333333333333,0.16666666666666666,0.6666666666666667,False,False,False,False
شکوفه زد,6,0,0,True,True,زد,0.0,0.0,1.0,False,False,False,False
اکتشاف کرد,6,5,1,True,True,کرد,0.8333333333333334,0.16666666666666666,0.16666666666666663,False,True,True,True
اکراه کرد,6,0,4,True,True,کرد,0.0,0.6666666666666666,1.0,True,False,False,False
تأثیرگذاری کرد,6,0,6,True,True,کرد,0.0,1.0,1.0,True,False,False,False
تأدیه کرد,6,6,1,True,True,کرد,1.0,0.16666666666666666,0.0,False,True,True,True
تأسیس نهاد,6,6,0,True,True,نهاد,1.0,0.0,0.0,False,True,True,True
چراند,6,6,0,False,False,,1.0,0.0,0.0,False,True,True,True
چرخ خورد,6,0,2,True,True,خورد,0.0,0.3333333333333333,1.0,True,False,False,False
نکاح کرد,6,3,1,True,True,کرد,0.5,0.16666666666666666,0.5,False,True,True,True
نکوهید,6,6,0,False,False,,1.0,0.0,0.0,False,True,True,True
نگارش کرد,6,5,0,True,True,کرد,0.8333333333333334,0.0,0.16666666666666663,False,True,True,True
نگاهداری کرد,6,5,5,True,True,کرد,0.8333333333333334,0.8333333333333334,0.16666666666666663,False,True,True,True
پمپاژ کرد,6,6,4,True,True,کرد,1.0,0.6666666666666666,0.0,False,True,True,True
تفاوت گذارد,6,0,6,True,True,گذارد,0.0,1.0,1.0,True,False,False,False
خلوت کرد,6,0,5,True,True,کرد,0.0,0.8333333333333334,1.0,True,False,False,False
تفرج کرد,6,2,4,True,True,کرد,0.3333333333333333,0.6666666666666666,0.6666666666666667,True,False,False,False
اخاذی کرد,6,0,6,True,True,کرد,0.0,1.0,1.0,True,False,False,False
گلوله‌باران کرد,6,6,0,True,True,کرد,1.0,0.0,0.0,False,True,True,True
گل‌افشانی کرد,6,3,0,True,True,کرد,0.5,0.0,0.5,False,True,True,True
گل‌سازی کرد,6,0,0,True,True,کرد,0.0,0.0,1.0,False,False,False,False
گمارد,6,5,4,False,False,,0.8333333333333334,0.6666666666666666,0.16666666666666663,False,True,True,True
مغالطه کرد,6,0,1,True,True,کرد,0.0,0.16666666666666666,1.0,True,False,False,False
پهلو گرفت,6,0,4,True,True,گرفت,0.0,0.6666666666666666,1.0,True,False,False,False
پوست کرد,6,4,0,True,True,کرد,0.6666666666666666,0.0,0.33333333333333337,False,True,True,True
لو رفت,6,0,0,True,True,رفت,0.0,0.0,1.0,False,False,False,False
لولید,6,1,5,False,False,,0.16666666666666666,0.8333333333333334,0.8333333333333334,True,False,False,False
تعمیر کرد,6,6,0,True,True,کرد,1.0,0.0,0.0,False,True,True,True
خودسوزی کرد,6,0,0,True,True,کرد,0.0,0.0,1.0,False,False,False,False
ورزش کرد,6,0,0,True,True,کرد,0.0,0.0,1.0,False,False,False,False
وزارت کرد,6,0,0,True,True,کرد,0.0,0.0,1.0,False,False,False,False
نیشتر زد,6,2,4,True,True,زد,0.3333333333333333,0.6666666666666666,0.6666666666666667,True,False,False,False
نیشخند زد,6,0,5,True,True,زد,0.0,0.8333333333333334,1.0,True,False,False,False
استنطاق کرد,6,2,4,True,True,کرد,0.3333333333333333,0.6666666666666666,0.6666666666666667,True,False,False,False
استهزا کرد,6,5,0,True,True,کرد,0.8333333333333334,0.0,0.16666666666666663,False,True,True,True
فهرست‌بندی کرد,6,6,0,True,True,کرد,1.0,0.0,0.0,False,True,True,True
فهرست‌نویسی کرد,6,4,1,True,True,کرد,0.6666666666666666,0.16666666666666666,0.33333333333333337,False,True,True,True
نظافت کرد,6,5,0,True,True,کرد,0.8333333333333334,0.0,0.16666666666666663,False,True,True,True
مین‌گذاری کرد,6,4,1,True,True,کرد,0.6666666666666666,0.16666666666666666,0.33333333333333337,False,True,True,True
کنفرانس داد,6,0,0,True,True,داد,0.0,0.0,1.0,False,False,False,False
کهیر زد,6,0,0,True,True,زد,0.0,0.0,1.0,False,False,False,False
تغافل کرد,6,1,2,True,True,کرد,0.16666666666666666,0.3333333333333333,0.8333333333333334,True,False,False,False
اخفا کرد,6,5,1,True,True,کرد,0.8333333333333334,0.16666666666666666,0.16666666666666663,False,True,True,True
اخلال کرد,6,1,5,True,True,کرد,0.16666666666666666,0.8333333333333334,0.8333333333333334,True,False,False,False
ادا کرد,6,5,1,True,True,کرد,0.8333333333333334,0.16666666666666666,0.16666666666666663,False,True,True,True
گل انداخت,6,0,0,True,True,انداخت,0.0,0.0,1.0,False,False,False,False
گلایه کرد,6,0,6,True,True,کرد,0.0,1.0,1.0,True,False,False,False
مقاوم‌سازی کرد,6,6,0,True,True,کرد,1.0,0.0,0.0,False,True,True,True
لقمه کرد,6,5,0,True,True,کرد,0.8333333333333334,0.0,0.16666666666666663,False,True,True,True
شانه کرد,6,6,0,True,True,کرد,1.0,0.0,0.0,False,True,True,True
شاهکار کرد,6,0,0,True,True,کرد,0.0,0.0,1.0,False,False,False,False
مهر کرد,6,5,0,True,True,کرد,0.8333333333333334,0.0,0.16666666666666663,False,True,True,True
مهمانی داد,6,1,1,True,True,داد,0.16666666666666666,0.16666666666666666,0.8333333333333334,False,False,False,False
استنباط کرد,6,5,3,True,True,کرد,0.8333333333333334,0.5,0.16666666666666663,False,True,True,True
رنگ‌آمیزی کرد,6,6,1,True,True,کرد,1.0,0.16666666666666666,0.0,False,True,True,True
رم داد,6,6,0,True,True,داد,1.0,0.0,0.0,False,True,True,True
نگهبانی کرد,6,2,3,True,True,کرد,0.3333333333333333,0.5,0.6666666666666667,True,False,False,False
تضعیف کرد,6,3,0,True,True,کرد,0.5,0.0,0.5,False,True,True,True
خوشحالی کرد,6,0,1,True,True,کرد,0.0,0.16666666666666666,1.0,True,False,False,False
خوش‌طبعی کرد,6,0,1,True,True,کرد,0.0,0.16666666666666666,1.0,True,False,False,False
تظاهرات کرد,6,0,1,True,True,کرد,0.0,0.16666666666666666,1.0,True,False,False,False
تعامل کرد,6,0,5,True,True,کرد,0.0,0.8333333333333334,1.0,True,False,False,False
تضعیف ساخت,6,6,0,True,True,ساخت,1.0,0.0,0.0,False,True,True,True
عملگی کرد,6,0,0,True,True,کرد,0.0,0.0,1.0,False,False,False,False
تأمین کرد,6,5,0,True,True,کرد,0.8333333333333334,0.0,0.16666666666666663,False,True,True,True
تأکید ورزید,6,0,6,True,True,ورزید,0.0,1.0,1.0,True,False,False,False
رضایت داد,6,0,3,True,True,داد,0.0,0.5,1.0,True,False,False,False
استقرار گرفت,6,0,6,True,True,گرفت,0.0,1.0,1.0,True,False,False,False
استماع کرد,6,6,1,True,True,کرد,1.0,0.16666666666666666,0.0,False,True,True,True
کمین گرفت,6,0,5,True,True,گرفت,0.0,0.8333333333333334,1.0,True,False,False,False
کناره جست,6,0,6,True,True,جست,0.0,1.0,1.0,True,False,False,False
شیرجه زد,6,0,5,True,True,زد,0.0,0.8333333333333334,1.0,True,False,False,False
خیال‌بافی کرد,6,0,2,True,True,کرد,0.0,0.3333333333333333,1.0,True,False,False,False
خیال‌پردازی کرد,6,0,0,True,True,کرد,0.0,0.0,1.0,False,False,False,False
خیمه زد,6,0,3,True,True,زد,0.0,0.5,1.0,True,False,False,False
تعقل کرد,6,1,2,True,True,کرد,0.16666666666666666,0.3333333333333333,0.8333333333333334,True,False,False,False
پژوهش کرد,6,1,4,True,True,کرد,0.16666666666666666,0.6666666666666666,0.8333333333333334,True,False,False,False
داستان‌نویسی کرد,6,0,0,True,True,کرد,0.0,0.0,1.0,False,False,False,False
داستان‌پردازی کرد,6,0,1,True,True,کرد,0.0,0.16666666666666666,1.0,True,False,False,False
رد کرد,6,6,1,True,True,کرد,1.0,0.16666666666666666,0.0,False,True,True,True
هجوم کرد,6,0,5,True,True,کرد,0.0,0.8333333333333334,1.0,True,False,False,False
هدف‌گذاری کرد,6,3,0,True,True,کرد,0.5,0.0,0.5,False,True,True,True
چاره اندیشید,6,0,2,True,True,اندیشید,0.0,0.3333333333333333,1.0,True,False,False,False
چاقو زد,6,0,5,True,True,زد,0.0,0.8333333333333334,1.0,True,False,False,False
چانه زد,6,0,4,True,True,زد,0.0,0.6666666666666666,1.0,True,False,False,False
چانه‌زنی کرد,6,0,1,True,True,کرد,0.0,0.16666666666666666,1.0,True,False,False,False
چاپلوسی کرد,6,0,0,True,True,کرد,0.0,0.0,1.0,False,False,False,False
میان گذاشت,6,6,5,True,True,گذاشت,1.0,0.8333333333333334,0.0,False,True,True,True
میدان‌داری کرد,6,1,1,True,True,کرد,0.16666666666666666,0.16666666666666666,0.8333333333333334,False,False,False,False
تصور کرد,6,5,0,True,True,کرد,0.8333333333333334,0.0,0.16666666666666663,False,True,True,True
لحظه‌شماری کرد,6,0,6,True,True,کرد,0.0,1.0,1.0,True,False,False,False
درخشانید,6,6,0,False,False,,1.0,0.0,0.0,False,True,True,True
وارد آمد,6,0,6,True,True,آمد,0.0,1.0,1.0,True,False,False,False
نشانه رفت,6,3,3,True,True,رفت,0.5,0.5,0.5,False,True,True,True
شکاف داد,6,6,0,True,True,داد,1.0,0.0,0.0,False,True,True,True
افول کرد,6,0,0,True,True,کرد,0.0,0.0,1.0,False,False,False,False
بانگ زد,6,3,2,True,True,زد,0.5,0.3333333333333333,0.5,False,True,True,True
هدف‌گیری کرد,6,4,0,True,True,کرد,0.6666666666666666,0.0,0.33333333333333337,False,True,True,True
راهپیمایی کرد,6,0,2,True,True,کرد,0.0,0.3333333333333333,1.0,True,False,False,False
رایت کرد,6,6,1,True,True,کرد,1.0,0.16666666666666666,0.0,False,True,True,True
پیچ داد,6,4,1,True,True,داد,0.6666666666666666,0.16666666666666666,0.33333333333333337,False,True,True,True
پیچ زد,6,3,0,True,True,زد,0.5,0.0,0.5,False,True,True,True
تابش کرد,6,3,3,True,True,کرد,0.5,0.5,0.5,False,True,True,True
تاریخ زد,6,0,2,True,True,زد,0.0,0.3333333333333333,1.0,True,False,False,False
دروید,6,4,0,False,False,,0.6666666666666666,0.0,0.33333333333333337,False,True,True,True
پویید,6,4,2,False,False,,0.6666666666666666,0.3333333333333333,0.33333333333333337,False,True,True,True
اذیت کرد,6,5,0,True,True,کرد,0.8333333333333334,0.0,0.16666666666666663,False,True,True,True
لاپوشانی کرد,6,6,1,True,True,کرد,1.0,0.16666666666666666,0.0,False,True,True,True
لجام کرد,6,6,0,True,True,کرد,1.0,0.0,0.0,False,True,True,True
قیافه گرفت,6,0,1,True,True,گرفت,0.0,0.16666666666666666,1.0,True,False,False,False
قید کرد,6,6,0,True,True,کرد,1.0,0.0,0.0,False,True,True,True
ارتباط داد,6,6,6,True,True,داد,1.0,1.0,0.0,False,True,True,True
تصمیم گرفت,6,0,0,True,True,گرفت,0.0,0.0,1.0,False,False,False,False
شرط‌بندی کرد,6,0,4,True,True,کرد,0.0,0.6666666666666666,1.0,True,False,False,False
بخیه خورد,6,0,1,True,True,خورد,0.0,0.16666666666666666,1.0,True,False,False,False
بخیه زد,6,4,1,True,True,زد,0.6666666666666666,0.16666666666666666,0.33333333333333337,False,True,True,True
بازنمایی کرد,6,5,0,True,True,کرد,0.8333333333333334,0.0,0.16666666666666663,False,True,True,True
شعله زد,6,0,1,True,True,زد,0.0,0.16666666666666666,1.0,True,False,False,False
شفا داد,6,6,0,True,True,داد,1.0,0.0,0.0,False,True,True,True
رانت‌خواری کرد,6,0,0,True,True,کرد,0.0,0.0,1.0,False,False,False,False
دیده‌بانی کرد,6,4,1,True,True,کرد,0.6666666666666666,0.16666666666666666,0.33333333333333337,False,True,True,True
دین‌فروشی کرد,6,0,0,True,True,کرد,0.0,0.0,1.0,False,False,False,False
قالب کرد,6,6,5,True,True,کرد,1.0,0.8333333333333334,0.0,False,True,True,True
قالب‌بندی کرد,6,6,0,True,True,کرد,1.0,0.0,0.0,False,True,True,True
شورش کرد,6,0,5,True,True,کرد,0.0,0.8333333333333334,1.0,True,False,False,False
شوهر کرد,6,0,0,True,True,کرد,0.0,0.0,1.0,False,False,False,False
کلاهبرداری کرد,6,1,2,True,True,کرد,0.16666666666666666,0.3333333333333333,0.8333333333333334,True,False,False,False
بازشناسی کرد,6,6,1,True,True,کرد,1.0,0.16666666666666666,0.0,False,True,True,True
نشأت گرفت,6,0,6,True,True,گرفت,0.0,1.0,1.0,True,False,False,False
باد رفت,6,0,0,True,True,رفت,0.0,0.0,1.0,False,False,False,False
بارانداز کرد,6,2,0,True,True,کرد,0.3333333333333333,0.0,0.6666666666666667,False,False,False,False
درز گرفت,6,5,0,True,True,گرفت,0.8333333333333334,0.0,0.16666666666666663,False,True,True,True
دباغی کرد,6,5,0,True,True,کرد,0.8333333333333334,0.0,0.16666666666666663,False,True,True,True
هیاهو کرد,6,0,0,True,True,کرد,0.0,0.0,1.0,False,False,False,False
دریغ داشت,6,5,6,True,True,داشت,0.8333333333333334,1.0,0.16666666666666663,False,True,True,True
ارث برد,6,6,1,True,True,برد,1.0,0.16666666666666666,0.0,False,True,True,True
قیمت کرد,6,4,0,True,True,کرد,0.6666666666666666,0.0,0.33333333333333337,False,True,True,True
ممانعت کرد,6,0,5,True,True,کرد,0.0,0.8333333333333334,1.0,True,False,False,False
مناجات کرد,6,0,5,True,True,کرد,0.0,0.8333333333333334,1.0,True,False,False,False
تشریح داد,6,4,0,True,True,داد,0.6666666666666666,0.0,0.33333333333333337,False,True,True,True
بازاندیشی کرد,6,1,4,True,True,کرد,0.16666666666666666,0.6666666666666666,0.8333333333333334,True,False,False,False
شوت کرد,6,4,2,True,True,کرد,0.6666666666666666,0.3333333333333333,0.33333333333333337,False,True,True,True
قایق‌رانی کرد,6,0,4,True,True,کرد,0.0,0.6666666666666666,1.0,True,False,False,False
قایم کرد,6,6,1,True,True,کرد,1.0,0.16666666666666666,0.0,False,True,True,True
فیلترگذاری کرد,6,4,2,True,True,کرد,0.6666666666666666,0.3333333333333333,0.33333333333333337,False,True,True,True
هرج کرد,6,2,1,True,True,کرد,0.3333333333333333,0.16666666666666666,0.6666666666666667,False,False,False,False
هزیمت داد,6,6,0,True,True,داد,1.0,0.0,0.0,False,True,True,True
قربان کرد,6,4,0,False,True,کرد,0.6666666666666666,0.0,0.33333333333333337,False,True,True,True
منگنه کرد,6,3,2,True,True,کرد,0.5,0.3333333333333333,0.5,False,True,True,True
قبولاند,6,4,5,False,False,,0.6666666666666666,0.8333333333333334,0.33333333333333337,False,True,True,True
استفاده نمود,6,0,6,True,True,نمود,0.0,1.0,1.0,True,False,False,False
تحفه کرد,6,5,1,True,True,کرد,0.8333333333333334,0.16666666666666666,0.16666666666666663,False,True,True,True
تجلی داد,6,6,2,True,True,داد,1.0,0.3333333333333333,0.0,False,True,True,True
تجمیع کرد,6,6,3,True,True,کرد,1.0,0.5,0.0,False,True,True,True
عهدشکنی کرد,6,0,1,True,True,کرد,0.0,0.16666666666666666,1.0,True,False,False,False
علاوه کرد,6,5,6,True,True,کرد,0.8333333333333334,1.0,0.16666666666666663,False,True,True,True
بازآفرینی کرد,6,6,0,True,True,کرد,1.0,0.0,0.0,False,True,True,True
دزدی کرد,6,0,1,True,True,کرد,0.0,0.16666666666666666,1.0,True,False,False,False
دست خورد,6,0,0,True,True,خورد,0.0,0.0,1.0,False,False,False,False
همگرایی کرد,6,0,5,True,True,کرد,0.0,0.8333333333333334,1.0,True,False,False,False
همه‌پرسی کرد,6,0,4,True,True,کرد,0.0,0.6666666666666666,1.0,True,False,False,False
دست کرد,6,2,3,True,True,کرد,0.3333333333333333,0.5,0.6666666666666667,True,False,False,False
دکلمه کرد,6,6,0,True,True,کرد,1.0,0.0,0.0,False,True,True,True
تخطی ورزید,6,0,6,True,True,ورزید,0.0,1.0,1.0,True,False,False,False
پیمانه زد,6,3,1,True,True,زد,0.5,0.16666666666666666,0.5,False,True,True,True
دیکتاتوری کرد,6,0,0,True,True,کرد,0.0,0.0,1.0,False,False,False,False
تحقق داد,6,5,1,True,True,داد,0.8333333333333334,0.16666666666666666,0.16666666666666663,False,True,True,True
تحقق پذیرفت,6,0,0,True,True,پذیرفت,0.0,0.0,1.0,False,False,False,False
تحریر کرد,6,5,0,True,True,کرد,0.8333333333333334,0.0,0.16666666666666663,False,True,True,True
دوام کرد,6,0,3,True,True,کرد,0.0,0.5,1.0,True,False,False,False
قصور ورزید,6,0,6,True,True,ورزید,0.0,1.0,1.0,True,False,False,False
منازعه کرد,6,0,6,True,True,کرد,0.0,1.0,1.0,True,False,False,False
قلمه زد,6,4,1,True,True,زد,0.6666666666666666,0.16666666666666666,0.33333333333333337,False,True,True,True
قهقهه زد,6,0,0,True,True,زد,0.0,0.0,1.0,False,False,False,False
شفاف‌سازی کرد,6,2,1,True,True,کرد,0.3333333333333333,0.16666666666666666,0.6666666666666667,False,False,False,False
شفقت کرد,6,0,5,True,True,کرد,0.0,0.8333333333333334,1.0,True,False,False,False
استدلال کرد,6,0,4,True,True,کرد,0.0,0.6666666666666666,1.0,True,False,False,False
استشهاد کرد,6,0,6,True,True,کرد,0.0,1.0,1.0,True,False,False,False
نشخوار کرد,6,5,1,True,True,کرد,0.8333333333333334,0.16666666666666666,0.16666666666666663,False,True,True,True
نصرت کرد,6,6,0,True,True,کرد,1.0,0.0,0.0,False,True,True,True
کینه ورزید,6,0,5,True,True,ورزید,0.0,0.8333333333333334,1.0,True,False,False,False
گاز زد,6,5,0,True,True,زد,0.8333333333333334,0.0,0.16666666666666663,False,True,True,True
گاز گرفت,6,4,0,True,True,گرفت,0.6666666666666666,0.0,0.33333333333333337,False,True,True,True
گام زد,6,0,2,True,True,زد,0.0,0.3333333333333333,1.0,True,False,False,False
گدایی کرد,6,4,1,True,True,کرد,0.6666666666666666,0.16666666666666666,0.33333333333333337,False,True,True,True
گسیخت,6,4,3,False,False,,0.6666666666666666,0.5,0.33333333333333337,False,True,True,True
ازدیاد کرد,6,5,0,True,True,کرد,0.8333333333333334,0.0,0.16666666666666663,False,True,True,True
همسویی کرد,6,0,6,True,True,کرد,0.0,1.0,1.0,True,False,False,False
همنوازی کرد,6,0,2,True,True,کرد,0.0,0.3333333333333333,1.0,True,False,False,False
همنوایی کرد,6,1,5,True,True,کرد,0.16666666666666666,0.8333333333333334,0.8333333333333334,True,False,False,False
دقیقه‌شماری کرد,6,0,4,True,True,کرد,0.0,0.6666666666666666,1.0,True,False,False,False
کفاشی کرد,6,0,0,True,True,کرد,0.0,0.0,1.0,False,False,False,False
تخلف ورزید,6,0,5,True,True,ورزید,0.0,0.8333333333333334,1.0,True,False,False,False
دواند,6,5,0,False,False,,0.8333333333333334,0.0,0.16666666666666663,False,True,True,True
همدستی کرد,6,0,6,True,True,کرد,0.0,1.0,1.0,True,False,False,False
تحمیل کرد,6,6,6,True,True,کرد,1.0,1.0,0.0,False,True,True,True
دوری گرفت,6,0,5,True,True,گرفت,0.0,0.8333333333333334,1.0,True,False,False,False
کله‌شقی کرد,6,0,0,True,True,کرد,0.0,0.0,1.0,False,False,False,False
کلیک کرد,6,1,5,True,True,کرد,0.16666666666666666,0.8333333333333334,0.8333333333333334,True,False,False,False
شنود کرد,6,6,0,True,True,کرد,1.0,0.0,0.0,False,True,True,True
شهوت‌رانی کرد,6,0,0,True,True,کرد,0.0,0.0,1.0,False,False,False,False
شهود کرد,6,4,0,True,True,کرد,0.6666666666666666,0.0,0.33333333333333337,False,True,True,True
دق‌الباب کرد,6,5,0,True,True,کرد,0.8333333333333334,0.0,0.16666666666666663,False,True,True,True
دل برد,6,0,4,True,True,برد,0.0,0.6666666666666666,1.0,True,False,False,False
دل برید,6,0,6,True,True,برید,0.0,1.0,1.0,True,False,False,False
دست‌چین کرد,6,6,1,True,True,کرد,1.0,0.16666666666666666,0.0,False,True,True,True
دست‌کاری کرد,6,5,1,True,True,کرد,0.8333333333333334,0.16666666666666666,0.16666666666666663,False,True,True,True
پیشوایی کرد,6,0,3,True,True,کرد,0.0,0.5,1.0,True,False,False,False
پیشکش داشت,6,5,5,True,True,داشت,0.8333333333333334,0.8333333333333334,0.16666666666666663,False,True,True,True
دنباله‌روی کرد,6,0,6,True,True,کرد,0.0,1.0,1.0,True,False,False,False
قرعه‌کشی کرد,6,2,2,True,True,کرد,0.3333333333333333,0.3333333333333333,0.6666666666666667,False,False,False,False
استثمار کرد,6,4,0,True,True,کرد,0.6666666666666666,0.0,0.33333333333333337,False,True,True,True
استحاله کرد,6,5,2,True,True,کرد,0.8333333333333334,0.3333333333333333,0.16666666666666663,False,True,True,True
استحصال کرد,6,5,3,True,True,کرد,0.8333333333333334,0.5,0.16666666666666663,False,True,True,True
استحمام کرد,6,1,0,True,True,کرد,0.16666666666666666,0.0,0.8333333333333334,False,False,False,False
گزین کرد,6,6,0,True,True,کرد,1.0,0.0,0.0,False,True,True,True
قسم خورد,6,0,2,True,True,خورد,0.0,0.3333333333333333,1.0,True,False,False,False
قسم داد,6,6,6,True,True,داد,1.0,1.0,0.0,False,True,True,True
قسمت کرد,6,5,2,True,True,کرد,0.8333333333333334,0.3333333333333333,0.16666666666666663,False,True,True,True
قصاص کرد,6,5,1,True,True,کرد,0.8333333333333334,0.16666666666666666,0.16666666666666663,False,True,True,True
تدبر کرد,6,0,6,True,True,کرد,0.0,1.0,1.0,True,False,False,False
تدفین کرد,6,4,3,True,True,کرد,0.6666666666666666,0.5,0.33333333333333337,False,True,True,True
تذلل کرد,6,0,2,True,True,کرد,0.0,0.3333333333333333,1.0,True,False,False,False
تراوش کرد,6,1,5,True,True,کرد,0.16666666666666666,0.8333333333333334,0.8333333333333334,True,False,False,False
ترخیص کرد,6,5,1,True,True,کرد,0.8333333333333334,0.16666666666666666,0.16666666666666663,False,True,True,True
شماره کرد,6,6,0,True,True,کرد,1.0,0.0,0.0,False,True,True,True
بازیافت کرد,6,6,0,True,True,کرد,1.0,0.0,0.0,False,True,True,True
بازیگری کرد,6,0,2,True,True,کرد,0.0,0.3333333333333333,1.0,True,False,False,False
مسترد داشت,6,4,0,True,True,داشت,0.6666666666666666,0.0,0.33333333333333337,False,True,True,True
مرحمت کرد,6,5,4,True,True,کرد,0.8333333333333334,0.6666666666666666,0.16666666666666663,False,True,True,True
مستی کرد,6,0,0,True,True,کرد,0.0,0.0,1.0,False,False,False,False
جانمایی کرد,6,5,0,True,True,کرد,0.8333333333333334,0.0,0.16666666666666663,False,True,True,True
جارو کرد,6,5,0,True,True,کرد,0.8333333333333334,0.0,0.16666666666666663,False,True,True,True
مزاح کرد,6,0,2,True,True,کرد,0.0,0.3333333333333333,1.0,True,False,False,False
مسألت کرد,6,5,3,True,True,کرد,0.8333333333333334,0.5,0.16666666666666663,False,True,True,True
مسئلت داشت,6,6,0,False,True,داشت,1.0,0.0,0.0,False,True,True,True
مسابقه گذاشت,6,0,3,True,True,گذاشت,0.0,0.5,1.0,True,False,False,False
مشاجره کرد,6,0,5,True,True,کرد,0.0,0.8333333333333334,1.0,True,False,False,False
مذمت کرد,6,5,0,True,True,کرد,0.8333333333333334,0.0,0.16666666666666663,False,True,True,True
مراعات کرد,6,6,0,True,True,کرد,1.0,0.0,0.0,False,True,True,True
مراقبت داشت,6,0,5,True,True,داشت,0.0,0.8333333333333334,1.0,True,False,False,False
پایان برد,6,6,0,True,True,برد,1.0,0.0,0.0,False,True,True,True
طی کرد,6,5,0,True,True,کرد,0.8333333333333334,0.0,0.16666666666666663,False,True,True,True
عایق‌کاری کرد,6,6,0,True,True,کرد,1.0,0.0,0.0,False,True,True,True
امتیازبندی کرد,6,3,1,True,True,کرد,0.5,0.16666666666666666,0.5,False,True,True,True
آب آورد,5,0,0,True,True,آورد,0.0,0.0,1.0,False,False,False,False
کیفر داد,5,4,2,True,True,داد,0.8,0.4,0.19999999999999996,False,True,True,True
کورسو زد,5,0,0,True,True,زد,0.0,0.0,1.0,False,False,False,False
جایگذاری کرد,5,4,2,True,True,کرد,0.8,0.4,0.19999999999999996,False,True,True,True
جبهه گرفت,5,0,4,True,True,گرفت,0.0,0.8,1.0,True,False,False,False
جبهه‌گیری کرد,5,0,5,True,True,کرد,0.0,1.0,1.0,True,False,False,False
جان داد,5,1,0,True,True,داد,0.2,0.0,0.8,False,False,False,False
آرمید,5,0,4,False,False,,0.0,0.8,1.0,True,False,False,False
آزمایش داد,5,1,0,True,True,داد,0.2,0.0,0.8,False,False,False,False
سلاخی کرد,5,5,0,True,True,کرد,1.0,0.0,0.0,False,True,True,True
برنامه‌نویسی کرد,5,0,0,True,True,کرد,0.0,0.0,1.0,False,False,False,False
نقد کرد,5,3,0,True,True,کرد,0.6,0.0,0.4,False,True,True,True
اعلان داشت,5,5,2,True,True,داشت,1.0,0.4,0.0,False,True,True,True
اعلان کرد,5,4,0,True,True,کرد,0.8,0.0,0.19999999999999996,False,True,True,True
اعمال داشت,5,4,1,True,True,داشت,0.8,0.2,0.19999999999999996,False,True,True,True
اعتزال کرد,5,1,5,True,True,کرد,0.2,1.0,0.8,True,False,False,False
آشفت,5,1,2,False,False,,0.2,0.4,0.8,True,False,False,False
یاد آورد,5,4,1,True,True,آورد,0.8,0.2,0.19999999999999996,False,True,True,True
مداوا کرد,5,2,0,True,True,کرد,0.4,0.0,0.6,False,False,False,False
همدردی کرد,5,0,5,True,True,کرد,0.0,1.0,1.0,True,False,False,False
تخمین کرد,5,5,3,True,True,کرد,1.0,0.6,0.0,False,True,True,True
دوراندیشی کرد,5,0,0,True,True,کرد,0.0,0.0,1.0,False,False,False,False
شناساند,5,5,4,False,False,,1.0,0.8,0.0,False,True,True,True
دشمنی ورزید,5,0,5,True,True,ورزید,0.0,1.0,1.0,True,False,False,False
دلالت کرد,5,0,5,True,True,کرد,0.0,1.0,1.0,True,False,False,False
ترک داد,5,5,0,True,True,داد,1.0,0.0,0.0,False,True,True,True
دهن‌دره کرد,5,0,0,True,True,کرد,0.0,0.0,1.0,False,False,False,False
قصابی کرد,5,5,0,True,True,کرد,1.0,0.0,0.0,False,True,True,True
ارزانی داشت,5,5,5,True,True,داشت,1.0,1.0,0.0,False,True,True,True
قلاب‌بافی کرد,5,3,0,True,True,کرد,0.6,0.0,0.4,False,True,True,True
قلاب‌دوزی کرد,5,4,1,True,True,کرد,0.8,0.2,0.19999999999999996,False,True,True,True
قرعه کشید,5,1,2,True,True,کشید,0.2,0.4,0.8,True,False,False,False
همدلی کرد,5,0,4,True,True,کرد,0.0,0.8,1.0,True,False,False,False
تراشاند,5,3,0,False,False,,0.6,0.0,0.4,False,True,True,True
دم کشید,5,1,0,True,True,کشید,0.2,0.0,0.8,False,False,False,False
تزویج کرد,5,4,3,True,True,کرد,0.8,0.6,0.19999999999999996,False,True,True,True
تزکیه کرد,5,4,0,True,True,کرد,0.8,0.0,0.19999999999999996,False,True,True,True
تسامح ورزید,5,0,3,True,True,ورزید,0.0,0.6,1.0,True,False,False,False
همسان‌سازی کرد,5,4,1,True,True,کرد,0.8,0.2,0.19999999999999996,False,True,True,True
ترکاند,5,4,0,False,False,,0.8,0.0,0.19999999999999996,False,True,True,True
تردید ورزید,5,0,4,True,True,ورزید,0.0,0.8,1.0,True,False,False,False
ترشح کرد,5,5,0,True,True,کرد,1.0,0.0,0.0,False,True,True,True
ترقی داد,5,5,0,True,True,داد,1.0,0.0,0.0,False,True,True,True
پیش آورد,5,4,0,True,True,آورد,0.8,0.0,0.19999999999999996,False,True,True,True
عکس‌برداری کرد,5,1,4,True,True,کرد,0.2,0.8,0.8,True,False,False,False
کف زد,5,0,2,True,True,زد,0.0,0.4,1.0,True,False,False,False
کفاره داد,5,0,1,True,True,داد,0.0,0.2,1.0,True,False,False,False
دود داد,5,3,1,True,True,داد,0.6,0.2,0.4,False,True,True,True
همانندسازی کرد,5,3,1,True,True,کرد,0.6,0.2,0.4,False,True,True,True
همخوابگی کرد,5,0,3,True,True,کرد,0.0,0.6,1.0,True,False,False,False
همخوانی کرد,5,2,2,True,True,کرد,0.4,0.4,0.6,False,False,False,False
قلم زد,5,3,0,True,True,زد,0.6,0.0,0.4,False,True,True,True
قلم‌فرسایی کرد,5,0,1,True,True,کرد,0.0,0.2,1.0,True,False,False,False
قمار کرد,5,0,3,True,True,کرد,0.0,0.6,1.0,True,False,False,False
قولنج کرد,5,0,0,True,True,کرد,0.0,0.0,1.0,False,False,False,False
دشمن‌تراشی کرد,5,0,0,True,True,کرد,0.0,0.0,1.0,False,False,False,False
ترکیب شد,5,0,5,True,True,شد,0.0,1.0,1.0,True,False,False,False
عمل‌آوری کرد,5,4,0,True,True,کرد,0.8,0.0,0.19999999999999996,False,True,True,True
عنایت کرد,5,4,5,True,True,کرد,0.8,1.0,0.19999999999999996,False,True,True,True
استرداد کرد,5,5,0,True,True,کرد,1.0,0.0,0.0,False,True,True,True
استشمام کرد,5,5,0,True,True,کرد,1.0,0.0,0.0,False,True,True,True
استانداردسازی کرد,5,4,0,True,True,کرد,0.8,0.0,0.19999999999999996,False,True,True,True
نشانه‌گذاری کرد,5,5,2,True,True,کرد,1.0,0.4,0.0,False,True,True,True
گارد گرفت,5,0,4,True,True,گرفت,0.0,0.8,1.0,True,False,False,False
عکاسی کرد,5,2,0,True,True,کرد,0.4,0.0,0.6,False,False,False,False
عکس انداخت,5,0,1,True,True,انداخت,0.0,0.2,1.0,True,False,False,False
تزاحم کرد,5,0,4,True,True,کرد,0.0,0.8,1.0,True,False,False,False
پی گذاشت,5,5,0,True,True,گذاشت,1.0,0.0,0.0,False,True,True,True
پیام‌رسانی کرد,5,0,1,True,True,کرد,0.0,0.2,1.0,True,False,False,False
دست برد,5,0,4,True,True,برد,0.0,0.8,1.0,True,False,False,False
همیاری کرد,5,1,2,True,True,کرد,0.2,0.4,0.8,True,False,False,False
همهمه کرد,5,0,0,True,True,کرد,0.0,0.0,1.0,False,False,False,False
همگامی کرد,5,0,5,True,True,کرد,0.0,1.0,1.0,True,False,False,False
دوچرخه‌سواری کرد,5,1,1,True,True,کرد,0.2,0.2,0.8,False,False,False,False
پیش‌خرید کرد,5,5,0,True,True,کرد,1.0,0.0,0.0,False,True,True,True
ذخیره نهاد,5,0,1,True,True,نهاد,0.0,0.2,1.0,True,False,False,False
رأی‌گیری کرد,5,0,2,True,True,کرد,0.0,0.4,1.0,True,False,False,False
منتقل شد,5,0,1,True,True,شد,0.0,0.2,1.0,True,False,False,False
استخفاف کرد,5,1,2,True,True,کرد,0.2,0.4,0.8,True,False,False,False
استدلال فرمود,5,0,4,True,True,فرمود,0.0,0.8,1.0,True,False,False,False
پیش خواند,5,5,0,True,True,خواند,1.0,0.0,0.0,False,True,True,True
ارسال نمود,5,5,4,True,True,نمود,1.0,0.8,0.0,False,True,True,True
گسیل کرد,5,5,3,True,True,کرد,1.0,0.6,0.0,False,True,True,True
هوادهی کرد,5,4,0,True,True,کرد,0.8,0.0,0.19999999999999996,False,True,True,True
دروازه‌بانی کرد,5,0,0,True,True,کرد,0.0,0.0,1.0,False,False,False,False
دستبرد زد,5,0,5,True,True,زد,0.0,1.0,1.0,True,False,False,False
دستور داد,5,1,2,True,True,داد,0.2,0.4,0.8,True,False,False,False
قیل کرد,5,0,0,True,True,کرد,0.0,0.0,1.0,False,False,False,False
قیچی کرد,5,5,0,True,True,کرد,1.0,0.0,0.0,False,True,True,True
ملحوظ داشت,5,5,0,True,True,داشت,1.0,0.0,0.0,False,True,True,True
منازعت کرد,5,0,4,True,True,کرد,0.0,0.8,1.0,True,False,False,False
ارزش نهاد,5,2,3,True,True,نهاد,0.4,0.6,0.6,True,False,False,False
بازارگرمی کرد,5,0,2,True,True,کرد,0.0,0.4,1.0,True,False,False,False
قبض کرد,5,5,0,True,True,کرد,1.0,0.0,0.0,False,True,True,True
قتل کرد,5,4,0,True,True,کرد,0.8,0.0,0.19999999999999996,False,True,True,True
قدرت‌طلبی کرد,5,0,0,True,True,کرد,0.0,0.0,1.0,False,False,False,False
رؤیت کرد,5,5,0,True,True,کرد,1.0,0.0,0.0,False,True,True,True
عوض شد,5,0,0,True,True,شد,0.0,0.0,1.0,False,False,False,False
بارگذاری کرد,5,4,2,True,True,کرد,0.8,0.4,0.19999999999999996,False,True,True,True
دریبل زد,5,4,0,True,True,زد,0.8,0.0,0.19999999999999996,False,True,True,True
پژمرد,5,1,0,False,False,,0.2,0.0,0.8,False,False,False,False
ارائه شد,5,0,2,True,True,شد,0.0,0.4,1.0,True,False,False,False
لجام زد,5,1,4,True,True,زد,0.2,0.8,0.8,True,False,False,False
قیامت کرد,5,0,0,True,True,کرد,0.0,0.0,1.0,False,False,False,False
ارتزاق کرد,5,0,5,True,True,کرد,0.0,1.0,1.0,True,False,False,False
تشجیع کرد,5,5,2,True,True,کرد,1.0,0.4,0.0,False,True,True,True
رد زد,5,5,0,True,True,زد,1.0,0.0,0.0,False,True,True,True
بازپروری کرد,5,4,0,True,True,کرد,0.8,0.0,0.19999999999999996,False,True,True,True
گروکشی کرد,5,0,1,True,True,کرد,0.0,0.2,1.0,True,False,False,False
گریم کرد,5,3,1,True,True,کرد,0.6,0.2,0.4,False,True,True,True
قامت کشید,5,0,0,True,True,کشید,0.0,0.0,1.0,False,False,False,False
شوهر داد,5,4,1,True,True,داد,0.8,0.2,0.19999999999999996,False,True,True,True
بارش گرفت,5,0,4,True,True,گرفت,0.0,0.8,1.0,True,False,False,False
پی داشت,5,5,0,True,True,داشت,1.0,0.0,0.0,False,True,True,True
پی گذارد,5,4,0,True,True,گذارد,0.8,0.0,0.19999999999999996,False,True,True,True
مقرر داشت,5,5,0,False,True,داشت,1.0,0.0,0.0,False,True,True,True
لحاظ کرد,5,5,4,True,True,کرد,1.0,0.8,0.0,False,True,True,True
لحیم کرد,5,5,1,True,True,کرد,1.0,0.2,0.0,False,True,True,True
تصعید کرد,5,5,1,True,True,کرد,1.0,0.2,0.0,False,True,True,True
درخشش گرفت,5,0,0,True,True,گرفت,0.0,0.0,1.0,False,False,False,False
نشانه کرد,5,4,1,True,True,کرد,0.8,0.2,0.19999999999999996,False,True,True,True
شکرک زد,5,0,0,True,True,زد,0.0,0.0,1.0,False,False,False,False
شکرگزاری کرد,5,2,4,True,True,کرد,0.4,0.8,0.6,True,False,False,False
باج‌گیری کرد,5,0,4,True,True,کرد,0.0,0.8,1.0,True,False,False,False
غرولند کرد,5,0,1,True,True,کرد,0.0,0.2,1.0,True,False,False,False
بانگ کرد,5,1,1,True,True,کرد,0.2,0.2,0.8,False,False,False,False
تجاوز کرد,5,0,5,True,True,کرد,0.0,1.0,1.0,True,False,False,False
هدیه داد,5,5,5,True,True,داد,1.0,1.0,0.0,False,True,True,True
رؤیاپردازی کرد,5,0,0,True,True,کرد,0.0,0.0,1.0,False,False,False,False
تحدید کرد,5,5,1,True,True,کرد,1.0,0.2,0.0,False,True,True,True
تبعید کرد,5,5,4,True,True,کرد,1.0,0.8,0.0,False,True,True,True
نیکویی کرد,5,0,3,True,True,کرد,0.0,0.6,1.0,True,False,False,False
نیکی کرد,5,0,5,True,True,کرد,0.0,1.0,1.0,True,False,False,False
هاشور زد,5,5,0,True,True,زد,1.0,0.0,0.0,False,True,True,True
شیرجه رفت,5,0,4,True,True,رفت,0.0,0.8,1.0,True,False,False,False
خیس کرد,5,5,0,False,True,کرد,1.0,0.0,0.0,False,True,True,True
پک زد,5,0,2,True,True,زد,0.0,0.4,1.0,True,False,False,False
پی برد,5,0,5,True,True,برد,0.0,1.0,1.0,True,False,False,False
واهمه کرد,5,0,4,True,True,کرد,0.0,0.8,1.0,True,False,False,False
دار زد,5,5,0,True,True,زد,1.0,0.0,0.0,False,True,True,True
چاشنی کرد,5,5,2,True,True,کرد,1.0,0.4,0.0,False,True,True,True
شبکه کرد,5,5,3,True,True,کرد,1.0,0.6,0.0,False,True,True,True
شبیخون زد,5,0,5,True,True,زد,0.0,1.0,1.0,True,False,False,False
میان نهاد,5,4,5,True,True,نهاد,0.8,1.0,0.19999999999999996,False,True,True,True
میعان کرد,5,2,0,True,True,کرد,0.4,0.0,0.6,False,False,False,False
غبارزدایی کرد,5,2,3,True,True,کرد,0.4,0.6,0.6,True,False,False,False
لمس کرد,5,5,0,True,True,کرد,1.0,0.0,0.0,False,True,True,True
خوشنویسی کرد,5,3,0,True,True,کرد,0.6,0.0,0.4,False,True,True,True
خوشه کرد,5,0,0,True,True,کرد,0.0,0.0,1.0,False,False,False,False
وجدان کرد,5,4,0,True,True,کرد,0.8,0.0,0.19999999999999996,False,True,True,True
تعبد کرد,5,4,0,True,True,کرد,0.8,0.0,0.19999999999999996,False,True,True,True
خیاطی کرد,5,0,1,True,True,کرد,0.0,0.2,1.0,True,False,False,False
نسخه کرد,5,5,3,True,True,کرد,1.0,0.6,0.0,False,True,True,True
عمارت کرد,5,5,0,True,True,کرد,1.0,0.0,0.0,False,True,True,True
عمل آورد,5,5,0,True,True,آورد,1.0,0.0,0.0,False,True,True,True
نیابت کرد,5,0,3,True,True,کرد,0.0,0.6,1.0,True,False,False,False
نیرنگ زد,5,0,4,True,True,زد,0.0,0.8,1.0,True,False,False,False
ردیف کرد,5,4,0,True,True,کرد,0.8,0.0,0.19999999999999996,False,True,True,True
رزرو کرد,5,5,0,True,True,کرد,1.0,0.0,0.0,False,True,True,True
رحم آورد,5,0,5,True,True,آورد,0.0,1.0,1.0,True,False,False,False
تأمین شد,5,0,1,True,True,شد,0.0,0.2,1.0,True,False,False,False
تأویل کرد,5,5,2,True,True,کرد,1.0,0.4,0.0,False,True,True,True
تأکید نهاد,5,0,5,True,True,نهاد,0.0,1.0,1.0,True,False,False,False
نظام داد,5,2,3,True,True,داد,0.4,0.6,0.6,True,False,False,False
بدرفتاری کرد,5,0,5,True,True,کرد,0.0,1.0,1.0,True,False,False,False
میگساری کرد,5,0,0,True,True,کرد,0.0,0.0,1.0,False,False,False,False
نائل کرد,5,3,0,False,True,کرد,0.6,0.0,0.4,False,True,True,True
خواب رفت,5,0,0,True,True,رفت,0.0,0.0,1.0,False,False,False,False
لعاب داد,5,3,1,True,True,داد,0.6,0.2,0.4,False,True,True,True
پهلو زد,5,0,5,True,True,زد,0.0,1.0,1.0,True,False,False,False
کسوف کرد,5,0,0,True,True,کرد,0.0,0.0,1.0,False,False,False,False
کشاورزی کرد,5,0,1,True,True,کرد,0.0,0.2,1.0,True,False,False,False
شاگردی کرد,5,0,3,True,True,کرد,0.0,0.6,1.0,True,False,False,False
شایعه‌سازی کرد,5,0,4,True,True,کرد,0.0,0.8,1.0,True,False,False,False
استعانت کرد,5,0,5,True,True,کرد,0.0,1.0,1.0,True,False,False,False
قاب‌بندی کرد,5,3,1,True,True,کرد,0.6,0.2,0.4,False,True,True,True
مهریه کرد,5,0,4,True,True,کرد,0.0,0.8,1.0,True,False,False,False
رمزشکنی کرد,5,4,0,True,True,کرد,0.8,0.0,0.19999999999999996,False,True,True,True
خون‌ریزی کرد,5,0,0,True,True,کرد,0.0,0.0,1.0,False,False,False,False
احرام بست,5,0,0,True,True,بست,0.0,0.0,1.0,False,False,False,False
احتساب کرد,5,5,0,True,True,کرد,1.0,0.0,0.0,False,True,True,True
لوله کرد,5,5,0,True,True,کرد,1.0,0.0,0.0,False,True,True,True
تعلم کرد,5,1,2,True,True,کرد,0.2,0.4,0.8,True,False,False,False
خواهش کرد,5,0,1,True,True,کرد,0.0,0.2,1.0,True,False,False,False
خودنمایی کرد,5,0,0,True,True,کرد,0.0,0.0,1.0,False,False,False,False
وزوز کرد,5,0,0,True,True,کرد,0.0,0.0,1.0,False,False,False,False
تفکیک داد,5,5,4,True,True,داد,1.0,0.8,0.0,False,True,True,True
تقدس کرد,5,4,0,True,True,کرد,0.8,0.0,0.19999999999999996,False,True,True,True
استنکاف کرد,5,0,3,True,True,کرد,0.0,0.6,1.0,True,False,False,False
استقرار داد,5,4,5,True,True,داد,0.8,1.0,0.19999999999999996,False,True,True,True
مواجه کرد,5,1,0,False,True,کرد,0.2,0.0,0.8,False,False,False,False
فلش کرد,5,5,0,True,True,کرد,1.0,0.0,0.0,False,True,True,True
فهماند,5,4,4,False,False,,0.8,0.8,0.19999999999999996,False,True,True,True
فکس کرد,5,5,3,True,True,کرد,1.0,0.6,0.0,False,True,True,True
رمزگذاری کرد,5,5,0,True,True,کرد,1.0,0.0,0.0,False,True,True,True
شکیبایی کرد,5,0,1,True,True,کرد,0.0,0.2,1.0,True,False,False,False
ایثارگری کرد,5,0,1,True,True,کرد,0.0,0.2,1.0,True,False,False,False
صف کشید,5,0,4,True,True,کشید,0.0,0.8,1.0,True,False,False,False
صفیر زد,5,1,1,True,True,زد,0.2,0.2,0.8,False,False,False,False
رواج داد,5,5,1,True,True,داد,1.0,0.2,0.0,False,True,True,True
رواج گرفت,5,0,1,True,True,گرفت,0.0,0.2,1.0,True,False,False,False
نوگرایی کرد,5,0,1,True,True,کرد,0.0,0.2,1.0,True,False,False,False
تأثیر گذارد,5,0,5,True,True,گذارد,0.0,1.0,1.0,True,False,False,False
تأسیس شد,5,0,1,True,True,شد,0.0,0.2,1.0,True,False,False,False
چربید,5,0,5,False,False,,0.0,1.0,1.0,True,False,False,False
رهایی داد,5,5,5,True,True,داد,1.0,1.0,0.0,False,True,True,True
خلافت کرد,5,0,2,True,True,کرد,0.0,0.4,1.0,True,False,False,False
خنثی کرد,5,5,0,True,True,کرد,1.0,0.0,0.0,False,True,True,True
تفتیش کرد,5,5,0,True,True,کرد,1.0,0.0,0.0,False,True,True,True
احقاق کرد,5,3,0,True,True,کرد,0.6,0.0,0.4,False,True,True,True
احراز کرد,5,5,0,True,True,کرد,1.0,0.0,0.0,False,True,True,True
خسوف کرد,5,0,0,True,True,کرد,0.0,0.0,1.0,False,False,False,False
وصلت کرد,5,0,5,True,True,کرد,0.0,1.0,1.0,True,False,False,False
خشونت ورزید,5,0,3,True,True,ورزید,0.0,0.6,1.0,True,False,False,False
خرخر کرد,5,0,0,True,True,کرد,0.0,0.0,1.0,False,False,False,False
تلاش داشت,5,0,0,True,True,داشت,0.0,0.0,1.0,False,False,False,False
تقسیط کرد,5,5,0,True,True,کرد,1.0,0.0,0.0,False,True,True,True
سیطره کرد,5,0,5,True,True,کرد,0.0,1.0,1.0,True,False,False,False
رهگیری کرد,5,5,0,True,True,کرد,1.0,0.0,0.0,False,True,True,True
بی‌قراری کرد,5,0,1,True,True,کرد,0.0,0.2,1.0,True,False,False,False
بی‌نظمی کرد,5,0,0,True,True,کرد,0.0,0.0,1.0,False,False,False,False
بی‌وفایی کرد,5,0,3,True,True,کرد,0.0,0.6,1.0,True,False,False,False
لیف زد,5,3,1,True,True,زد,0.6,0.2,0.4,False,True,True,True
تفسیر کرد,5,4,0,True,True,کرد,0.8,0.0,0.19999999999999996,False,True,True,True
تفضل کرد,5,1,2,True,True,کرد,0.2,0.4,0.8,True,False,False,False
خنده کرد,5,0,1,True,True,کرد,0.0,0.2,1.0,True,False,False,False
صابون زد,5,4,0,True,True,زد,0.8,0.0,0.19999999999999996,False,True,True,True
اسم برد,5,2,3,True,True,برد,0.4,0.6,0.6,True,False,False,False
اجرا گذاشت,5,5,0,True,True,گذاشت,1.0,0.0,0.0,False,True,True,True
احتجاج کرد,5,0,5,True,True,کرد,0.0,1.0,1.0,True,False,False,False
احتراز کرد,5,0,4,True,True,کرد,0.0,0.8,1.0,True,False,False,False
معنی کرد,5,4,0,True,True,کرد,0.8,0.0,0.19999999999999996,False,True,True,True
صدارت کرد,5,0,3,True,True,کرد,0.0,0.6,1.0,True,False,False,False
صدور کرد,5,0,2,True,True,کرد,0.0,0.4,1.0,True,False,False,False
اسپری زد,5,2,1,True,True,زد,0.4,0.2,0.6,False,False,False,False
اسپری کرد,5,5,4,True,True,کرد,1.0,0.8,0.0,False,True,True,True
اسکان داشت,5,0,5,True,True,داشت,0.0,1.0,1.0,True,False,False,False
فغان کرد,5,1,0,True,True,کرد,0.2,0.0,0.8,False,False,False,False
چشم زد,5,5,0,True,True,زد,1.0,0.0,0.0,False,True,True,True
چشم کرد,5,5,0,True,True,کرد,1.0,0.0,0.0,False,True,True,True
افتخار کرد,5,0,3,True,True,کرد,0.0,0.6,1.0,True,False,False,False
افزایش کرد,5,0,0,True,True,کرد,0.0,0.0,1.0,False,False,False,False
تقلیل کرد,5,0,3,True,True,کرد,0.0,0.6,1.0,True,False,False,False
سپرده‌گذاری کرد,5,4,1,True,True,کرد,0.8,0.2,0.19999999999999996,False,True,True,True
نظرسنجی کرد,5,0,3,True,True,کرد,0.0,0.6,1.0,True,False,False,False
انشعاب کرد,5,0,2,True,True,کرد,0.0,0.4,1.0,True,False,False,False
انصراف داد,5,0,3,True,True,داد,0.0,0.6,1.0,True,False,False,False
انتقام‌جویی کرد,5,0,1,True,True,کرد,0.0,0.2,1.0,True,False,False,False
خانه‌داری کرد,5,0,0,True,True,کرد,0.0,0.0,1.0,False,False,False,False
ختنه کرد,5,5,0,True,True,کرد,1.0,0.0,0.0,False,True,True,True
پسند کرد,5,5,0,True,True,کرد,1.0,0.0,0.0,False,True,True,True
پشت زد,5,1,4,True,True,زد,0.2,0.8,0.8,True,False,False,False
خراش خورد,5,0,0,True,True,خورد,0.0,0.0,1.0,False,False,False,False
چشم‌غره رفت,5,0,5,True,True,رفت,0.0,1.0,1.0,True,False,False,False
چماق کرد,5,5,2,True,True,کرد,1.0,0.4,0.0,False,True,True,True
رونق کرد,5,0,0,True,True,کرد,0.0,0.0,1.0,False,False,False,False
روان‌کاوی کرد,5,5,1,True,True,کرد,1.0,0.2,0.0,False,True,True,True
چشم آمد,5,0,0,True,True,آمد,0.0,0.0,1.0,False,False,False,False
گرو کشید,5,5,0,True,True,کشید,1.0,0.0,0.0,False,True,True,True
ریشه گرفت,5,0,4,True,True,گرفت,0.0,0.8,1.0,True,False,False,False
موضع‌گیری کرد,5,0,4,True,True,کرد,0.0,0.8,1.0,True,False,False,False
فروگذاری کرد,5,0,4,True,True,کرد,0.0,0.8,1.0,True,False,False,False
اتصال داد,5,5,5,True,True,داد,1.0,1.0,0.0,False,True,True,True
اتلاف کرد,5,5,0,True,True,کرد,1.0,0.0,0.0,False,True,True,True
مایه گذاشت,5,0,4,True,True,گذاشت,0.0,0.8,1.0,True,False,False,False
مایه گرفت,5,1,5,True,True,گرفت,0.2,1.0,0.8,True,False,False,False
مباحثه کرد,5,1,3,True,True,کرد,0.2,0.6,0.8,True,False,False,False
مبادله داشت,5,0,5,True,True,داشت,0.0,1.0,1.0,True,False,False,False
مأوا گرفت,5,0,5,True,True,گرفت,0.0,1.0,1.0,True,False,False,False
وصول کرد,5,5,1,True,True,کرد,1.0,0.2,0.0,False,True,True,True
اشتغال داشت,5,0,5,True,True,داشت,0.0,1.0,1.0,True,False,False,False
بگومگو کرد,5,0,5,True,True,کرد,0.0,1.0,1.0,True,False,False,False
زبان‌درازی کرد,5,0,1,True,True,کرد,0.0,0.2,1.0,True,False,False,False
سوهان کرد,5,5,0,True,True,کرد,1.0,0.0,0.0,False,True,True,True
سوگند خورد,5,0,2,True,True,خورد,0.0,0.4,1.0,True,False,False,False
نوردید,5,5,0,False,False,,1.0,0.0,0.0,False,True,True,True
رکاب زد,5,2,3,True,True,زد,0.4,0.6,0.6,True,False,False,False
ریتم گرفت,5,0,0,True,True,گرفت,0.0,0.0,1.0,False,False,False,False
وعده کرد,5,3,2,True,True,کرد,0.6,0.4,0.4,False,True,True,True
حکایت کرد,5,1,4,True,True,کرد,0.2,0.8,0.8,True,False,False,False
حکمیت کرد,5,0,2,True,True,کرد,0.0,0.4,1.0,True,False,False,False
تمام شد,5,0,1,True,True,شد,0.0,0.2,1.0,True,False,False,False
تلفیق کرد,5,5,5,True,True,کرد,1.0,1.0,0.0,False,True,True,True
تمرد کرد,5,0,1,True,True,کرد,0.0,0.2,1.0,True,False,False,False
گنجانید,5,5,4,False,False,,1.0,0.8,0.0,False,True,True,True
گواه گرفت,5,4,2,True,True,گرفت,0.8,0.4,0.19999999999999996,False,True,True,True
ریخت کرد,5,2,0,True,True,کرد,0.4,0.0,0.6,False,False,False,False
ریسه رفت,5,0,2,True,True,رفت,0.0,0.4,1.0,True,False,False,False
ریشخند زد,5,0,4,True,True,زد,0.0,0.8,1.0,True,False,False,False
رونق داد,5,4,1,True,True,داد,0.8,0.2,0.19999999999999996,False,True,True,True
بچه کرد,5,0,0,True,True,کرد,0.0,0.0,1.0,False,False,False,False
سهمیه‌بندی کرد,5,5,0,True,True,کرد,1.0,0.0,0.0,False,True,True,True
برخورد شد,5,0,5,True,True,شد,0.0,1.0,1.0,True,False,False,False
مبادله کرد,5,5,2,True,True,کرد,1.0,0.4,0.0,False,True,True,True
مباشرت داشت,5,2,3,True,True,داشت,0.4,0.6,0.6,True,False,False,False
مباهات کرد,5,0,5,True,True,کرد,0.0,1.0,1.0,True,False,False,False
حقه‌بازی کرد,5,0,2,True,True,کرد,0.0,0.4,1.0,True,False,False,False
حق‌کشی کرد,5,0,0,True,True,کرد,0.0,0.0,1.0,False,False,False,False
تمتع کرد,5,0,2,True,True,کرد,0.0,0.4,1.0,True,False,False,False
برتری کرد,5,0,3,True,True,کرد,0.0,0.6,1.0,True,False,False,False
کدگشایی کرد,5,4,0,True,True,کرد,0.8,0.0,0.19999999999999996,False,True,True,True
ریشه‌یابی کرد,5,5,0,True,True,کرد,1.0,0.0,0.0,False,True,True,True
زایمان کرد,5,0,1,True,True,کرد,0.0,0.2,1.0,True,False,False,False
زبانه کشید,5,0,1,True,True,کشید,0.0,0.2,1.0,True,False,False,False
زرد کرد,5,4,2,False,True,کرد,0.8,0.4,0.19999999999999996,False,True,True,True
زمان‌بندی کرد,5,2,1,True,True,کرد,0.4,0.2,0.6,False,False,False,False
نوحه کرد,5,1,3,True,True,کرد,0.2,0.6,0.8,True,False,False,False
معروض داشت,5,4,2,True,True,داشت,0.8,0.4,0.19999999999999996,False,True,True,True
گمانه‌زنی کرد,5,0,3,True,True,کرد,0.0,0.6,1.0,True,False,False,False
تمدن‌سازی کرد,5,0,1,True,True,کرد,0.0,0.2,1.0,True,False,False,False
پرگویی کرد,5,0,1,True,True,کرد,0.0,0.2,1.0,True,False,False,False
حواس‌پرتی کرد,5,0,0,True,True,کرد,0.0,0.0,1.0,False,False,False,False
وفاق کرد,5,0,4,True,True,کرد,0.0,0.8,1.0,True,False,False,False
نزدیکی کرد,5,0,3,True,True,کرد,0.0,0.6,1.0,True,False,False,False
التفات کرد,5,0,4,True,True,کرد,0.0,0.8,1.0,True,False,False,False
الفت داد,5,4,5,True,True,داد,0.8,1.0,0.19999999999999996,False,True,True,True
اقامه داشت,5,5,0,True,True,داشت,1.0,0.0,0.0,False,True,True,True
بهینه‌سازی کرد,5,5,0,True,True,کرد,1.0,0.0,0.0,False,True,True,True
زمینه‌چینی کرد,5,1,5,True,True,کرد,0.2,1.0,0.8,True,False,False,False
زن داد,5,2,4,True,True,داد,0.4,0.8,0.6,True,False,False,False
زنگ زد,5,0,3,True,True,زد,0.0,0.6,1.0,True,False,False,False
فرمایش کرد,5,3,0,True,True,کرد,0.6,0.0,0.4,False,True,True,True
سوسو کرد,5,1,0,True,True,کرد,0.2,0.0,0.8,False,False,False,False
تنزیل کرد,5,4,0,True,True,کرد,0.8,0.0,0.19999999999999996,False,True,True,True
پرهیز داشت,5,1,4,True,True,داشت,0.2,0.8,0.8,True,False,False,False
پرهیزگاری کرد,5,0,2,True,True,کرد,0.0,0.4,1.0,True,False,False,False
اندیشه کرد,5,0,2,True,True,کرد,0.0,0.4,1.0,True,False,False,False
صیحه زد,5,0,1,True,True,زد,0.0,0.2,1.0,True,False,False,False
صیقل داد,5,5,1,True,True,داد,1.0,0.2,0.0,False,True,True,True
نت‌نویسی کرد,5,1,0,True,True,کرد,0.2,0.0,0.8,False,False,False,False
اشتقاق کرد,5,3,3,True,True,کرد,0.6,0.6,0.4,False,True,True,True
اطعام کرد,5,4,0,True,True,کرد,0.8,0.0,0.19999999999999996,False,True,True,True
ساختارسازی کرد,5,0,1,True,True,کرد,0.0,0.2,1.0,True,False,False,False
نهفت,5,4,3,False,False,,0.8,0.6,0.19999999999999996,False,True,True,True
نوازندگی کرد,5,0,0,True,True,کرد,0.0,0.0,1.0,False,False,False,False
زورآزمایی کرد,5,0,2,True,True,کرد,0.0,0.4,1.0,True,False,False,False
زمین خورد,5,0,0,True,True,خورد,0.0,0.0,1.0,False,False,False,False
ناز کرد,5,0,1,True,True,کرد,0.0,0.2,1.0,True,False,False,False
ابقا شد,5,0,5,True,True,شد,0.0,1.0,1.0,True,False,False,False
سوزن‌دوزی کرد,5,3,0,True,True,کرد,0.6,0.0,0.4,False,True,True,True
سوسو زد,5,0,0,True,True,زد,0.0,0.0,1.0,False,False,False,False
گردن کشید,5,0,1,True,True,کشید,0.0,0.2,1.0,True,False,False,False
فرمان داد,5,0,3,True,True,داد,0.0,0.6,1.0,True,False,False,False
فرمان راند,5,0,2,True,True,راند,0.0,0.4,1.0,True,False,False,False
فرمانبری کرد,5,2,2,True,True,کرد,0.4,0.4,0.6,False,False,False,False
ساده‌اندیشی کرد,5,0,0,True,True,کرد,0.0,0.0,1.0,False,False,False,False
سادگی کرد,5,0,1,True,True,کرد,0.0,0.2,1.0,True,False,False,False
زورگویی کرد,5,0,2,True,True,کرد,0.0,0.4,1.0,True,False,False,False
بهانه‌گیری کرد,5,0,1,True,True,کرد,0.0,0.2,1.0,True,False,False,False
بهبود کرد,5,0,0,True,True,کرد,0.0,0.0,1.0,False,False,False,False
بهبود یافت,5,0,0,True,True,یافت,0.0,0.0,1.0,False,False,False,False
بهره کشید,5,0,5,True,True,کشید,0.0,1.0,1.0,True,False,False,False
ابطال کرد,5,5,0,True,True,کرد,1.0,0.0,0.0,False,True,True,True
تندروی کرد,5,0,3,True,True,کرد,0.0,0.6,1.0,True,False,False,False
تندی کرد,5,0,4,True,True,کرد,0.0,0.8,1.0,True,False,False,False
غنیمت گرفت,5,4,1,True,True,گرفت,0.8,0.2,0.19999999999999996,False,True,True,True
غنی‌سازی کرد,5,4,0,True,True,کرد,0.8,0.0,0.19999999999999996,False,True,True,True
ضجه زد,5,0,0,True,True,زد,0.0,0.0,1.0,False,False,False,False
ابراز داشت,5,5,1,True,True,داشت,1.0,0.2,0.0,False,True,True,True
مثل زد,5,4,1,True,True,زد,0.8,0.2,0.19999999999999996,False,True,True,True
مجال داد,5,0,4,True,True,داد,0.0,0.8,1.0,True,False,False,False
مجاهدت کرد,5,0,3,True,True,کرد,0.0,0.6,1.0,True,False,False,False
مجاورت کرد,5,0,4,True,True,کرد,0.0,0.8,1.0,True,False,False,False
معاضدت کرد,5,0,1,True,True,کرد,0.0,0.2,1.0,True,False,False,False
معاهده کرد,5,0,3,True,True,کرد,0.0,0.6,1.0,True,False,False,False
گواهی داد,5,0,5,True,True,داد,0.0,1.0,1.0,True,False,False,False
سکته کرد,5,0,0,True,True,کرد,0.0,0.0,1.0,False,False,False,False
سکسکه کرد,5,0,0,True,True,کرد,0.0,0.0,1.0,False,False,False,False
سوخت‌رسانی کرد,5,1,4,True,True,کرد,0.2,0.8,0.8,True,False,False,False
سودجویی کرد,5,0,3,True,True,کرد,0.0,0.6,1.0,True,False,False,False
سودرسانی کرد,5,0,4,True,True,کرد,0.0,0.8,1.0,True,False,False,False
محدود کرد,5,5,0,False,True,کرد,1.0,0.0,0.0,False,True,True,True
حاشیه‌دوزی کرد,5,5,1,True,True,کرد,1.0,0.2,0.0,False,True,True,True
حسادت کرد,5,0,5,True,True,کرد,0.0,1.0,1.0,True,False,False,False
حدیث کرد,5,1,3,True,True,کرد,0.2,0.6,0.8,True,False,False,False
تنقیح کرد,5,5,0,True,True,کرد,1.0,0.0,0.0,False,True,True,True
آوانگاری کرد,5,5,0,True,True,کرد,1.0,0.0,0.0,False,True,True,True
صورت داد,5,4,0,True,True,داد,0.8,0.0,0.19999999999999996,False,True,True,True
انتقال کرد,5,1,5,True,True,کرد,0.2,1.0,0.8,True,False,False,False
طراحی شد,5,0,0,True,True,شد,0.0,0.0,1.0,False,False,False,False
زیرگیری کرد,5,0,3,True,True,کرد,0.0,0.6,1.0,True,False,False,False
زینت کرد,5,4,3,True,True,کرد,0.8,0.6,0.19999999999999996,False,True,True,True
کار داشت,5,1,4,True,True,داشت,0.2,0.8,0.8,True,False,False,False
بنیاد نهاد,5,5,1,True,True,نهاد,1.0,0.2,0.0,False,True,True,True
بنیاد گذارد,5,5,0,True,True,گذارد,1.0,0.0,0.0,False,True,True,True
بنیان کرد,5,5,0,True,True,کرد,1.0,0.0,0.0,False,True,True,True
غلغله کرد,5,1,0,True,True,کرد,0.2,0.0,0.8,False,False,False,False
جیک‌جیک کرد,5,0,0,True,True,کرد,0.0,0.0,1.0,False,False,False,False
جهالت کرد,5,0,1,True,True,کرد,0.0,0.2,1.0,True,False,False,False
تودیع کرد,5,4,1,True,True,کرد,0.8,0.2,0.19999999999999996,False,True,True,True
عصیان کرد,5,0,2,True,True,کرد,0.0,0.4,1.0,True,False,False,False
الگوسازی کرد,5,0,1,True,True,کرد,0.0,0.2,1.0,True,False,False,False
سامان کرد,5,0,0,True,True,کرد,0.0,0.0,1.0,False,False,False,False
سامان‌دهی کرد,5,5,0,True,True,کرد,1.0,0.0,0.0,False,True,True,True
سبزی‌کاری کرد,5,2,0,True,True,کرد,0.4,0.0,0.6,False,False,False,False
بغض کرد,5,0,0,True,True,کرد,0.0,0.0,1.0,False,False,False,False
نمونه‌سازی کرد,5,3,0,True,True,کرد,0.6,0.0,0.4,False,True,True,True
ستون کرد,5,5,2,True,True,کرد,1.0,0.4,0.0,False,True,True,True
سازگاری کرد,5,0,5,True,True,کرد,0.0,1.0,1.0,True,False,False,False
زیرسازی کرد,5,3,0,True,True,کرد,0.6,0.0,0.4,False,True,True,True
طفره رفت,5,0,5,True,True,رفت,0.0,1.0,1.0,True,False,False,False
علاقه ورزید,5,0,5,True,True,ورزید,0.0,1.0,1.0,True,False,False,False
عشق‌بازی کرد,5,0,4,True,True,کرد,0.0,0.8,1.0,True,False,False,False
محکم‌کاری کرد,5,1,1,True,True,کرد,0.2,0.2,0.8,False,False,False,False
مصالحه کرد,5,0,3,True,True,کرد,0.0,0.6,1.0,True,False,False,False
توصیف کرد,5,5,0,True,True,کرد,1.0,0.0,0.0,False,True,True,True
توفان کرد,5,0,2,True,True,کرد,0.0,0.4,1.0,True,False,False,False
نقادی کرد,5,3,0,True,True,کرد,0.6,0.0,0.4,False,True,True,True
فالگوش ایستاد,5,1,0,True,True,ایستاد,0.2,0.0,0.8,False,False,False,False
غلطانید,5,5,1,False,False,,1.0,0.2,0.0,False,True,True,True
ستیزه کرد,5,0,4,True,True,کرد,0.0,0.8,1.0,True,False,False,False
سخن رفت,5,0,5,True,True,رفت,0.0,1.0,1.0,True,False,False,False
سخن کرد,5,0,3,True,True,کرد,0.0,0.6,1.0,True,False,False,False
سر خورد,5,0,1,True,True,خورد,0.0,0.2,1.0,True,False,False,False
نمایه کرد,5,5,0,True,True,کرد,1.0,0.0,0.0,False,True,True,True
بمب‌گذاری کرد,5,1,0,True,True,کرد,0.2,0.0,0.8,False,False,False,False
حاکمیت کرد,5,0,3,True,True,کرد,0.0,0.6,1.0,True,False,False,False
جوانه زد,5,0,0,True,True,زد,0.0,0.0,1.0,False,False,False,False
جوشکاری کرد,5,2,0,True,True,کرد,0.4,0.0,0.6,False,False,False,False
مکالمه کرد,5,0,4,True,True,کرد,0.0,0.8,1.0,True,False,False,False
فرافکنی کرد,5,1,0,True,True,کرد,0.2,0.0,0.8,False,False,False,False
فراهم دید,5,5,0,True,True,دید,1.0,0.0,0.0,False,True,True,True
فرجام‌خواهی کرد,5,0,4,True,True,کرد,0.0,0.8,1.0,True,False,False,False
اعراض داشت,5,1,5,True,True,داشت,0.2,1.0,0.8,True,False,False,False
بلغور کرد,5,5,0,True,True,کرد,1.0,0.0,0.0,False,True,True,True
بلوف زد,5,0,1,True,True,زد,0.0,0.2,1.0,True,False,False,False
کارآموزی کرد,5,0,2,True,True,کرد,0.0,0.4,1.0,True,False,False,False
کارشکنی کرد,5,0,1,True,True,کرد,0.0,0.2,1.0,True,False,False,False
سنگدلی کرد,5,0,2,True,True,کرد,0.0,0.4,1.0,True,False,False,False
سوار کرد,5,3,0,False,True,کرد,0.6,0.0,0.4,False,True,True,True
سوارکاری کرد,5,1,0,True,True,کرد,0.2,0.0,0.8,False,False,False,False
کوهپیمایی کرد,5,0,1,True,True,کرد,0.0,0.2,1.0,True,False,False,False
طناب‌بازی کرد,5,0,0,True,True,کرد,0.0,0.0,1.0,False,False,False,False
تولید شد,5,0,0,True,True,شد,0.0,0.0,1.0,False,False,False,False
گوش‌مالی داد,5,5,0,True,True,داد,1.0,0.0,0.0,False,True,True,True
آشیانه کرد,5,1,4,True,True,کرد,0.2,0.8,0.8,True,False,False,False
آمار گرفت,5,0,3,True,True,گرفت,0.0,0.6,1.0,True,False,False,False
جستجو کرد,5,4,1,True,True,کرد,0.8,0.2,0.19999999999999996,False,True,True,True
پرتاب شد,5,0,3,True,True,شد,0.0,0.6,1.0,True,False,False,False
پرخوری کرد,5,0,0,True,True,کرد,0.0,0.0,1.0,False,False,False,False
پاس کرد,5,4,0,True,True,کرد,0.8,0.0,0.19999999999999996,False,True,True,True
جنایت کرد,5,0,0,True,True,کرد,0.0,0.0,1.0,False,False,False,False
جنجال کرد,5,0,2,True,True,کرد,0.0,0.4,1.0,True,False,False,False
پا شد,5,0,1,True,True,شد,0.0,0.2,1.0,True,False,False,False
طهارت کرد,5,1,1,True,True,کرد,0.2,0.2,0.8,False,False,False,False
کاسبی کرد,5,0,2,True,True,کرد,0.0,0.4,1.0,True,False,False,False
سر گرفت,5,5,0,True,True,گرفت,1.0,0.0,0.0,False,True,True,True
نقش زد,5,4,2,True,True,زد,0.8,0.4,0.19999999999999996,False,True,True,True
نقش‌آفرینی کرد,5,0,3,True,True,کرد,0.0,0.6,1.0,True,False,False,False
نقصان کرد,5,0,0,True,True,کرد,0.0,0.0,1.0,False,False,False,False
سرویس‌رسانی کرد,5,0,4,True,True,کرد,0.0,0.8,1.0,True,False,False,False
مدل‌برداری کرد,5,1,5,True,True,کرد,0.2,1.0,0.8,True,False,False,False
تیزهوشی کرد,5,0,0,True,True,کرد,0.0,0.0,1.0,False,False,False,False
تیغه کرد,5,4,0,True,True,کرد,0.8,0.0,0.19999999999999996,False,True,True,True
تکلم داشت,5,0,4,True,True,داشت,0.0,0.8,1.0,True,False,False,False
جداسازی کرد,5,5,2,True,True,کرد,1.0,0.4,0.0,False,True,True,True
جدل کرد,5,0,4,True,True,کرد,0.0,0.8,1.0,True,False,False,False
پاشویه کرد,5,5,0,True,True,کرد,1.0,0.0,0.0,False,True,True,True
آشکار ساخت,5,4,0,False,True,ساخت,0.8,0.0,0.19999999999999996,False,True,True,True
پاک‌سازی کرد,5,5,1,True,True,کرد,1.0,0.2,0.0,False,True,True,True
فتنه‌گری کرد,5,0,0,True,True,کرد,0.0,0.0,1.0,False,False,False,False
فر خورد,5,0,0,True,True,خورد,0.0,0.0,1.0,False,False,False,False
فرآوری کرد,5,5,0,True,True,کرد,1.0,0.0,0.0,False,True,True,True
سلام داد,5,1,4,True,True,داد,0.2,0.8,0.8,True,False,False,False
بسترسازی کرد,5,1,2,True,True,کرد,0.2,0.4,0.8,True,False,False,False
سرکوفت زد,5,0,3,True,True,زد,0.0,0.6,1.0,True,False,False,False
آشیان کرد,5,0,2,True,True,کرد,0.0,0.4,1.0,True,False,False,False
انبوه‌سازی کرد,5,2,0,True,True,کرد,0.4,0.0,0.6,False,False,False,False
آتشفشان کرد,5,0,0,True,True,کرد,0.0,0.0,1.0,False,False,False,False
امدادرسانی کرد,5,0,2,True,True,کرد,0.0,0.4,1.0,True,False,False,False
آرایشگری کرد,5,1,0,True,True,کرد,0.2,0.0,0.8,False,False,False,False
مسامحه ورزید,5,0,5,True,True,ورزید,0.0,1.0,1.0,True,False,False,False
مسامحه کرد,5,0,3,True,True,کرد,0.0,0.6,1.0,True,False,False,False
مساوات کرد,5,2,4,True,True,کرد,0.4,0.8,0.6,True,False,False,False
جابه‌جا کرد,5,4,1,False,True,کرد,0.8,0.2,0.19999999999999996,False,True,True,True
پایین زد,5,4,0,True,True,زد,0.8,0.0,0.19999999999999996,False,True,True,True
برگزار کرد,5,4,0,True,True,کرد,0.8,0.0,0.19999999999999996,False,True,True,True
کاهلی کرد,5,0,3,True,True,کرد,0.0,0.6,1.0,True,False,False,False
سفسطه کرد,5,0,0,True,True,کرد,0.0,0.0,1.0,False,False,False,False
جا انداخت,5,5,2,True,True,انداخت,1.0,0.4,0.0,False,True,True,True
جان کند,5,0,0,True,True,کند,0.0,0.0,1.0,False,False,False,False
جذب شد,5,0,0,True,True,شد,0.0,0.0,1.0,False,False,False,False
جذب کرد,5,4,0,False,True,کرد,0.8,0.0,0.19999999999999996,False,True,True,True
کفاف کرد,5,3,1,True,True,کرد,0.6,0.2,0.4,False,True,True,True
کفر ورزید,5,0,3,True,True,ورزید,0.0,0.6,1.0,True,False,False,False
کفسازی کرد,5,4,0,True,True,کرد,0.8,0.0,0.19999999999999996,False,True,True,True
شل گرفت,5,2,0,True,True,گرفت,0.4,0.0,0.6,False,False,False,False
امتیازگیری کرد,5,0,2,True,True,کرد,0.0,0.4,1.0,True,False,False,False
مرثیه‌سرایی کرد,5,0,3,True,True,کرد,0.0,0.6,1.0,True,False,False,False
مرزبندی کرد,5,2,2,True,True,کرد,0.4,0.4,0.6,False,False,False,False
جاه‌طلبی کرد,5,0,0,True,True,کرد,0.0,0.0,1.0,False,False,False,False
جای آورد,5,5,0,True,True,آورد,1.0,0.0,0.0,False,True,True,True
جاروب زد,5,5,0,True,True,زد,1.0,0.0,0.0,False,True,True,True
جاسازی کرد,5,5,5,True,True,کرد,1.0,1.0,0.0,False,True,True,True
آسیاب کرد,5,5,0,True,True,کرد,1.0,0.0,0.0,False,True,True,True
پای گرفت,5,0,3,True,True,گرفت,0.0,0.6,1.0,True,False,False,False
پخش شد,5,0,2,True,True,شد,0.0,0.4,1.0,True,False,False,False
پدری کرد,5,0,3,True,True,کرد,0.0,0.6,1.0,True,False,False,False
نام برد,5,2,3,True,True,برد,0.4,0.6,0.6,True,False,False,False
یکپارچه‌سازی کرد,4,3,0,True,True,کرد,0.75,0.0,0.25,False,False,False,False
آدم‌ربایی کرد,4,0,0,True,True,کرد,0.0,0.0,1.0,False,False,False,False
پایکوبی کرد,4,0,1,True,True,کرد,0.0,0.25,1.0,True,False,False,False
آبیاری کرد,4,3,0,True,True,کرد,0.75,0.0,0.25,False,False,False,False
کاوش کرد,4,3,0,True,True,کرد,0.75,0.0,0.25,False,False,False,False
سفارش کرد,4,1,4,True,True,کرد,0.25,1.0,0.75,True,False,False,False
سلب کرد,4,3,4,True,True,کرد,0.75,1.0,0.25,False,False,False,False
سریان کرد,4,0,4,True,True,کرد,0.0,1.0,1.0,True,False,False,False
سشوار کرد,4,4,0,True,True,کرد,1.0,0.0,0.0,False,False,False,False
سطحی‌نگری کرد,4,0,0,True,True,کرد,0.0,0.0,1.0,False,False,False,False
اعلان داد,4,0,2,True,True,داد,0.0,0.5,1.0,True,False,False,False
غوطه داد,4,4,4,True,True,داد,1.0,1.0,0.0,False,False,False,False
جسارت کرد,4,0,3,True,True,کرد,0.0,0.75,1.0,True,False,False,False
تیمم کرد,4,0,0,True,True,کرد,0.0,0.0,1.0,False,False,False,False
پذیراند,4,3,3,False,False,,0.75,0.75,0.25,False,False,False,False
پدیدار شد,4,0,0,True,True,شد,0.0,0.0,1.0,False,False,False,False
مخلوط کرد,4,3,0,False,True,کرد,0.75,0.0,0.25,False,False,False,False
مشیت کرد,4,1,0,True,True,کرد,0.25,0.0,0.75,False,False,False,False
آغشته کرد,4,4,0,False,True,کرد,1.0,0.0,0.0,False,False,False,False
آغاز نهاد,4,3,1,True,True,نهاد,0.75,0.25,0.25,False,False,False,False
ناسپاسی کرد,4,1,0,True,True,کرد,0.25,0.0,0.75,False,False,False,False
عادت‌زدایی کرد,4,0,2,True,True,کرد,0.0,0.5,1.0,True,False,False,False
امتزاج کرد,4,1,4,True,True,کرد,0.25,1.0,0.75,True,False,False,False
امتداد داشت,4,0,3,True,True,داشت,0.0,0.75,1.0,True,False,False,False
طنین کرد,4,1,3,True,True,کرد,0.25,0.75,0.75,True,False,False,False
پا کرد,4,4,0,False,True,کرد,1.0,0.0,0.0,False,False,False,False
جنبش کرد,4,0,1,True,True,کرد,0.0,0.25,1.0,True,False,False,False
جوش آمد,4,0,0,True,True,آمد,0.0,0.0,1.0,False,False,False,False
چین خورد,4,0,0,True,True,خورد,0.0,0.0,1.0,False,False,False,False
زیر کرد,4,4,0,False,True,کرد,1.0,0.0,0.0,False,False,False,False
سازندگی کرد,4,0,0,True,True,کرد,0.0,0.0,1.0,False,False,False,False
ساده‌انگاری کرد,4,0,0,True,True,کرد,0.0,0.0,1.0,False,False,False,False
فرماندهی کرد,4,3,0,True,True,کرد,0.75,0.0,0.25,False,False,False,False
فرم داد,4,3,1,True,True,داد,0.75,0.25,0.25,False,False,False,False
گردن نهاد,4,0,4,True,True,نهاد,0.0,1.0,1.0,True,False,False,False
سوراخ کرد,4,4,0,False,True,کرد,1.0,0.0,0.0,False,False,False,False
غنیمت برد,4,4,1,True,True,برد,1.0,0.25,0.0,False,False,False,False
غمزه کرد,4,0,0,True,True,کرد,0.0,0.0,1.0,False,False,False,False
غم خورد,4,0,0,True,True,خورد,0.0,0.0,1.0,False,False,False,False
غلیان کرد,4,0,0,True,True,کرد,0.0,0.0,1.0,False,False,False,False
سالم‌سازی کرد,4,4,0,True,True,کرد,1.0,0.0,0.0,False,False,False,False
بند انداخت,4,2,0,True,True,انداخت,0.5,0.0,0.5,False,False,False,False
ساختمان‌سازی کرد,4,0,1,True,True,کرد,0.0,0.25,1.0,True,False,False,False
موفق کرد,4,1,0,False,True,کرد,0.25,0.0,0.75,False,False,False,False
زراعت کرد,4,1,0,True,True,کرد,0.25,0.0,0.75,False,False,False,False
زجرکش کرد,4,2,0,True,True,کرد,0.5,0.0,0.5,False,False,False,False
زاویه گرفت,4,0,4,True,True,گرفت,0.0,1.0,1.0,True,False,False,False
زانو آورد,4,4,0,True,True,آورد,1.0,0.0,0.0,False,False,False,False
کج‌روی کرد,4,0,3,True,True,کرد,0.0,0.75,1.0,True,False,False,False
کج‌خلقی کرد,4,0,1,True,True,کرد,0.0,0.25,1.0,True,False,False,False
کثافت‌کاری کرد,4,0,0,True,True,کرد,0.0,0.0,1.0,False,False,False,False
برادری کرد,4,0,3,True,True,کرد,0.0,0.75,1.0,True,False,False,False
گره خورد,4,0,4,True,True,خورد,0.0,1.0,1.0,True,False,False,False
چکه کرد,4,0,1,True,True,کرد,0.0,0.25,1.0,True,False,False,False
بوسه کرد,4,3,0,True,True,کرد,0.75,0.0,0.25,False,False,False,False
بودجه‌بندی کرد,4,4,0,True,True,کرد,1.0,0.0,0.0,False,False,False,False
نواخت,4,3,1,False,False,,0.75,0.25,0.25,False,False,False,False
فروتنی کرد,4,0,2,True,True,کرد,0.0,0.5,1.0,True,False,False,False
سؤال کرد,4,0,3,True,True,کرد,0.0,0.75,1.0,True,False,False,False
کابل‌کشی کرد,4,4,0,True,True,کرد,1.0,0.0,0.0,False,False,False,False
چشم‌چرانی کرد,4,0,0,True,True,کرد,0.0,0.0,1.0,False,False,False,False
بی‌انصافی کرد,4,0,0,False,True,کرد,0.0,0.0,1.0,False,False,False,False
روزنامه‌فروشی کرد,4,0,0,True,True,کرد,0.0,0.0,1.0,False,False,False,False
بی‌توجهی کرد,4,0,4,True,True,کرد,0.0,1.0,1.0,True,False,False,False
سیخ زد,4,3,1,True,True,زد,0.75,0.25,0.25,False,False,False,False
سوگند داد,4,4,3,True,True,داد,1.0,0.75,0.0,False,False,False,False
سیر کرد,4,2,2,True,True,کرد,0.5,0.5,0.5,False,False,False,False
گرم کرد,4,4,0,False,True,کرد,1.0,0.0,0.0,False,False,False,False
اشاره شد,4,0,3,True,True,شد,0.0,0.75,1.0,True,False,False,False
فریاد کشید,4,0,1,True,True,کشید,0.0,0.25,1.0,True,False,False,False
چوب‌کاری کرد,4,4,0,True,True,کرد,1.0,0.0,0.0,False,False,False,False
بچگی کرد,4,0,0,True,True,کرد,0.0,0.0,1.0,False,False,False,False
بی‌آبرویی کرد,4,0,0,True,True,کرد,0.0,0.0,1.0,False,False,False,False
ریشه دواند,4,0,3,True,True,دواند,0.0,0.75,1.0,True,False,False,False
زمان گذاشت,4,0,3,True,True,گذاشت,0.0,0.75,1.0,True,False,False,False
زمان برد,4,0,1,True,True,برد,0.0,0.25,1.0,True,False,False,False
نگاه داشت,4,3,2,True,True,داشت,0.75,0.5,0.25,False,False,False,False
رنگ داد,4,2,2,True,True,داد,0.5,0.5,0.5,False,False,False,False
چرخ داد,4,2,1,True,True,داد,0.5,0.25,0.5,False,False,False,False
بی‌نزاکتی کرد,4,0,0,True,True,کرد,0.0,0.0,1.0,False,False,False,False
رهنمون داشت,4,3,3,True,True,داشت,0.75,0.75,0.25,False,False,False,False
سینه‌زنی کرد,4,0,0,True,True,کرد,0.0,0.0,1.0,False,False,False,False
سیم‌کشی کرد,4,2,0,True,True,کرد,0.5,0.0,0.5,False,False,False,False
غل زد,4,0,2,True,True,زد,0.0,0.5,1.0,True,False,False,False
غفلت ورزید,4,0,3,True,True,ورزید,0.0,0.75,1.0,True,False,False,False
اعلام شد,4,0,0,True,True,شد,0.0,0.0,1.0,False,False,False,False
اعلام داشت,4,4,1,True,True,داشت,1.0,0.25,0.0,False,False,False,False
اسم‌نویسی کرد,4,0,2,True,True,کرد,0.0,0.5,1.0,True,False,False,False
اسلام‌زدایی کرد,4,1,2,True,True,کرد,0.25,0.5,0.75,True,False,False,False
فلاش زد,4,0,0,True,True,زد,0.0,0.0,1.0,False,False,False,False
روی‌گردانی کرد,4,0,4,True,True,کرد,0.0,1.0,1.0,True,False,False,False
روی نهاد,4,0,4,True,True,نهاد,0.0,1.0,1.0,True,False,False,False
استقرار کرد,4,0,2,True,True,کرد,0.0,0.5,1.0,True,False,False,False
رذالت کرد,4,0,0,True,True,کرد,0.0,0.0,1.0,False,False,False,False
نیایش کرد,4,1,0,True,True,کرد,0.25,0.0,0.75,False,False,False,False
فیلم‌سازی کرد,4,0,0,True,True,کرد,0.0,0.0,1.0,False,False,False,False
فیلم کرد,4,4,0,True,True,کرد,1.0,0.0,0.0,False,False,False,False
استعلام کرد,4,3,2,True,True,کرد,0.75,0.5,0.25,False,False,False,False
شبهه کرد,4,0,4,True,True,کرد,0.0,1.0,1.0,True,False,False,False
شاهد گرفت,4,4,0,False,True,گرفت,1.0,0.0,0.0,False,False,False,False
کش آمد,4,0,0,True,True,آمد,0.0,0.0,1.0,False,False,False,False
بد آمد,4,0,1,True,True,آمد,0.0,0.25,1.0,True,False,False,False
بخیه کرد,4,4,0,True,True,کرد,1.0,0.0,0.0,False,False,False,False
بدل شد,4,0,4,True,True,شد,0.0,1.0,1.0,True,False,False,False
بدعت گذارد,4,1,1,True,True,گذارد,0.25,0.25,0.75,False,False,False,False
استقامت کرد,4,0,3,True,True,کرد,0.0,0.75,1.0,True,False,False,False
استنکاف ورزید,4,0,3,True,True,ورزید,0.0,0.75,1.0,True,False,False,False
استنساخ کرد,4,2,0,True,True,کرد,0.5,0.0,0.5,False,False,False,False
باور کرد,4,2,0,True,True,کرد,0.5,0.0,0.5,False,False,False,False
تبرئه کرد,4,4,1,True,True,کرد,1.0,0.25,0.0,False,False,False,False
پیوند کرد,4,0,3,True,True,کرد,0.0,0.75,1.0,True,False,False,False
راه یافت,4,0,4,True,True,یافت,0.0,1.0,1.0,True,False,False,False
کشورگشایی کرد,4,0,0,True,True,کرد,0.0,0.0,1.0,False,False,False,False
افسونگری کرد,4,0,0,True,True,کرد,0.0,0.0,1.0,False,False,False,False
غریبی کرد,4,0,1,True,True,کرد,0.0,0.25,1.0,True,False,False,False
غارتگری کرد,4,0,0,True,True,کرد,0.0,0.0,1.0,False,False,False,False
شبیه‌خوانی کرد,4,1,0,True,True,کرد,0.25,0.0,0.75,False,False,False,False
چاره‌اندیشی کرد,4,0,1,True,True,کرد,0.0,0.25,1.0,True,False,False,False
چاره‌اندیش کرد,4,0,4,True,True,کرد,0.0,1.0,1.0,True,False,False,False
تبیین ساخت,4,4,1,True,True,ساخت,1.0,0.25,0.0,False,False,False,False
پیکربندی کرد,4,4,0,True,True,کرد,1.0,0.0,0.0,False,False,False,False
هدر رفت,4,0,0,True,True,رفت,0.0,0.0,1.0,False,False,False,False
هجوم برد,4,0,4,True,True,برد,0.0,1.0,1.0,True,False,False,False
هجرت کرد,4,0,4,True,True,کرد,0.0,1.0,1.0,True,False,False,False
تحریض کرد,4,4,2,True,True,کرد,1.0,0.5,0.0,False,False,False,False
استفهام کرد,4,2,3,True,True,کرد,0.5,0.75,0.5,False,False,False,False
منع کرد,4,3,1,True,True,کرد,0.75,0.25,0.25,False,False,False,False
فیش‌برداری کرد,4,2,1,True,True,کرد,0.5,0.25,0.5,False,False,False,False
قانون‌گذاری کرد,4,0,0,True,True,کرد,0.0,0.0,1.0,False,False,False,False
قالب زد,4,3,0,True,True,زد,0.75,0.0,0.25,False,False,False,False
قارچ زد,4,0,1,True,True,زد,0.0,0.25,1.0,True,False,False,False
استقامت ورزید,4,0,2,True,True,ورزید,0.0,0.5,1.0,True,False,False,False
نشانه گذاشت,4,2,1,True,True,گذاشت,0.5,0.25,0.5,False,False,False,False
شفا کرد,4,0,0,True,True,کرد,0.0,0.0,1.0,False,False,False,False
باغبانی کرد,4,0,1,True,True,کرد,0.0,0.25,1.0,True,False,False,False
باعث کرد,4,0,0,False,True,کرد,0.0,0.0,1.0,False,False,False,False
بخشندگی کرد,4,0,1,True,True,کرد,0.0,0.25,1.0,True,False,False,False
شراره کشید,4,0,2,True,True,کشید,0.0,0.5,1.0,True,False,False,False
شجاعت کرد,4,0,0,True,True,کرد,0.0,0.0,1.0,False,False,False,False
نصیب کرد,4,4,0,True,True,کرد,1.0,0.0,0.0,False,False,False,False
قشون‌کشی کرد,4,0,2,True,True,کرد,0.0,0.5,1.0,True,False,False,False
تحول کرد,4,0,1,True,True,کرد,0.0,0.25,1.0,True,False,False,False
تخمک‌گذاری کرد,4,0,0,True,True,کرد,0.0,0.0,1.0,False,False,False,False
تذهیب کرد,4,3,0,True,True,کرد,0.75,0.0,0.25,False,False,False,False
کفاف داد,4,0,0,True,True,داد,0.0,0.0,1.0,False,False,False,False
هم زد,4,4,0,True,True,زد,1.0,0.0,0.0,False,False,False,False
هلهله کرد,4,0,0,True,True,کرد,0.0,0.0,1.0,False,False,False,False
هلاک کرد,4,4,0,False,True,کرد,1.0,0.0,0.0,False,False,False,False
گزافه‌گویی کرد,4,0,1,True,True,کرد,0.0,0.25,1.0,True,False,False,False
تداوم کرد,4,0,0,True,True,کرد,0.0,0.0,1.0,False,False,False,False
دوام آورد,4,0,2,True,True,آورد,0.0,0.5,1.0,True,False,False,False
ذخیره‌سازی کرد,4,4,1,True,True,کرد,1.0,0.25,0.0,False,False,False,False
تحمیل داشت,4,4,4,True,True,داشت,1.0,1.0,0.0,False,False,False,False
تحلیف کرد,4,3,0,True,True,کرد,0.75,0.0,0.25,False,False,False,False
تحقق کرد,4,0,0,True,True,کرد,0.0,0.0,1.0,False,False,False,False
پیه آورد,4,0,0,True,True,آورد,0.0,0.0,1.0,False,False,False,False
همنشینی کرد,4,0,4,True,True,کرد,0.0,1.0,1.0,True,False,False,False
تزریق کرد,4,3,2,True,True,کرد,0.75,0.5,0.25,False,False,False,False
ارعاب کرد,4,2,0,True,True,کرد,0.5,0.0,0.5,False,False,False,False
دلیری کرد,4,0,1,True,True,کرد,0.0,0.25,1.0,True,False,False,False
دسیسه‌چینی کرد,4,0,3,True,True,کرد,0.0,0.75,1.0,True,False,False,False
دسیسه کرد,4,0,3,True,True,کرد,0.0,0.75,1.0,True,False,False,False
شهرک‌سازی کرد,4,0,3,True,True,کرد,0.0,0.75,1.0,True,False,False,False
کم کرد,4,2,0,False,True,کرد,0.5,0.0,0.5,False,False,False,False
شست کرد,4,4,0,True,True,کرد,1.0,0.0,0.0,False,False,False,False
همراه داشت,4,4,0,True,True,داشت,1.0,0.0,0.0,False,False,False,False
ترجمه کرد,4,2,1,True,True,کرد,0.5,0.25,0.5,False,False,False,False
ترانزیت شد,4,0,2,True,True,شد,0.0,0.5,1.0,True,False,False,False
قطعیت کرد,4,0,0,True,True,کرد,0.0,0.0,1.0,False,False,False,False
قطعیت داد,4,1,3,True,True,داد,0.25,0.75,0.75,True,False,False,False
استارت زد,4,1,0,True,True,زد,0.25,0.0,0.75,False,False,False,False
اسب‌دوانی کرد,4,0,0,True,True,کرد,0.0,0.0,1.0,False,False,False,False
ملیله‌دوزی کرد,4,2,2,True,True,کرد,0.5,0.5,0.5,False,False,False,False
لازم داشت,4,4,0,True,True,داشت,1.0,0.0,0.0,False,False,False,False
لابه کرد,4,1,0,True,True,کرد,0.25,0.0,0.75,False,False,False,False
تشعشع کرد,4,2,1,True,True,کرد,0.5,0.25,0.5,False,False,False,False
تشریف‌فرمایی کرد,4,0,1,True,True,کرد,0.0,0.25,1.0,True,False,False,False
علامت‌گذاری کرد,4,4,2,True,True,کرد,1.0,0.5,0.0,False,False,False,False
علامت گذاشت,4,2,1,True,True,گذاشت,0.5,0.25,0.5,False,False,False,False
عنوان‌بندی کرد,4,3,0,True,True,کرد,0.75,0.0,0.25,False,False,False,False
عنوان کرد,4,2,0,False,True,کرد,0.5,0.0,0.5,False,False,False,False
عناد ورزید,4,0,1,True,True,ورزید,0.0,0.25,1.0,True,False,False,False
عمومیت کرد,4,0,0,True,True,کرد,0.0,0.0,1.0,False,False,False,False
شفقت ورزید,4,0,2,True,True,ورزید,0.0,0.5,1.0,True,False,False,False
قلمدوش کرد,4,4,0,True,True,کرد,1.0,0.0,0.0,False,False,False,False
ارزش گذاشت,4,0,4,True,True,گذاشت,0.0,1.0,1.0,True,False,False,False
پیرایش کرد,4,4,1,True,True,کرد,1.0,0.25,0.0,False,False,False,False
ترش کرد,4,3,1,False,True,کرد,0.75,0.25,0.25,False,False,False,False
لانه‌گذاری کرد,4,0,3,True,True,کرد,0.0,0.75,1.0,True,False,False,False
اذعان داشت,4,1,3,True,True,داشت,0.25,0.75,0.75,True,False,False,False
ارتقا کرد,4,0,2,True,True,کرد,0.0,0.5,1.0,True,False,False,False
دریبل کرد,4,3,0,True,True,کرد,0.75,0.0,0.25,False,False,False,False
دروغ‌پراکنی کرد,4,0,3,True,True,کرد,0.0,0.75,1.0,True,False,False,False
هیپنوتیزم کرد,4,4,0,True,True,کرد,1.0,0.0,0.0,False,False,False,False
هواگیری کرد,4,4,0,True,True,کرد,1.0,0.0,0.0,False,False,False,False
هم‌اندیشی کرد,4,0,3,True,True,کرد,0.0,0.75,1.0,True,False,False,False
تشخص کرد,4,0,0,True,True,کرد,0.0,0.0,1.0,False,False,False,False
باخت,4,4,1,False,False,,1.0,0.25,0.0,False,False,False,False
کلاس گذاشت,4,0,4,True,True,گذاشت,0.0,1.0,1.0,True,False,False,False
شوت‌زنی کرد,4,0,1,True,True,کرد,0.0,0.25,1.0,True,False,False,False
بازاریابی کرد,4,0,3,True,True,کرد,0.0,0.75,1.0,True,False,False,False
تشرف کرد,4,0,3,True,True,کرد,0.0,0.75,1.0,True,False,False,False
تسلی کرد,4,0,0,True,True,کرد,0.0,0.0,1.0,False,False,False,False
ممانعت ورزید,4,0,4,True,True,ورزید,0.0,1.0,1.0,True,False,False,False
خوشحال کرد,4,3,0,False,True,کرد,0.75,0.0,0.25,False,False,False,False
پوسید,4,0,0,False,False,,0.0,0.0,1.0,False,False,False,False
تطاول کرد,4,1,3,True,True,کرد,0.25,0.75,0.75,True,False,False,False
خیانت ورزید,4,0,4,True,True,ورزید,0.0,1.0,1.0,True,False,False,False
شگون داشت,4,0,1,True,True,داشت,0.0,0.25,1.0,True,False,False,False
ایمن‌سازی کرد,4,4,0,True,True,کرد,1.0,0.0,0.0,False,False,False,False
کمپرس کرد,4,4,0,True,True,کرد,1.0,0.0,0.0,False,False,False,False
شکست کرد,4,0,0,True,True,کرد,0.0,0.0,1.0,False,False,False,False
شکر کرد,4,2,0,True,True,کرد,0.5,0.0,0.5,False,False,False,False
شکاف خورد,4,0,0,True,True,خورد,0.0,0.0,1.0,False,False,False,False
پول‌شویی کرد,4,1,0,True,True,کرد,0.25,0.0,0.75,False,False,False,False
تصویرپردازی کرد,4,0,0,True,True,کرد,0.0,0.0,1.0,False,False,False,False
تصویربرداری شد,4,0,0,True,True,شد,0.0,0.0,1.0,False,False,False,False
لرز کرد,4,0,0,True,True,کرد,0.0,0.0,1.0,False,False,False,False
لذت برد,4,0,3,True,True,برد,0.0,0.75,1.0,True,False,False,False
تسکین کرد,4,0,0,True,True,کرد,0.0,0.0,1.0,False,False,False,False
اختصاص کرد,4,0,3,True,True,کرد,0.0,0.75,1.0,True,False,False,False
اختراع کرد,4,4,0,True,True,کرد,1.0,0.0,0.0,False,False,False,False
تعلق کرد,4,0,3,True,True,کرد,0.0,0.75,1.0,True,False,False,False
مقایسه کرد,4,3,2,True,True,کرد,0.75,0.5,0.25,False,False,False,False
گل کرد,4,2,0,True,True,کرد,0.5,0.0,0.5,False,False,False,False
کوتاه آمد,4,0,1,True,True,آمد,0.0,0.25,1.0,True,False,False,False
کنکاش کرد,4,2,2,True,True,کرد,0.5,0.5,0.5,False,False,False,False
میکس کرد,4,4,1,True,True,کرد,1.0,0.25,0.0,False,False,False,False
میهمان‌نوازی کرد,4,0,0,True,True,کرد,0.0,0.0,1.0,False,False,False,False
عملیات کرد,4,0,0,True,True,کرد,0.0,0.0,1.0,False,False,False,False
نسخه‌برداری کرد,4,2,1,True,True,کرد,0.5,0.25,0.5,False,False,False,False
شیطنت کرد,4,0,0,True,True,کرد,0.0,0.0,1.0,False,False,False,False
تعارف کرد,4,2,2,True,True,کرد,0.5,0.5,0.5,False,False,False,False
واگذار شد,4,0,4,True,True,شد,0.0,1.0,1.0,True,False,False,False
خوش‌زبانی کرد,4,0,1,True,True,کرد,0.0,0.25,1.0,True,False,False,False
خوش‌رویی کرد,4,0,2,True,True,کرد,0.0,0.5,1.0,True,False,False,False
خرناس کشید,4,0,1,True,True,کشید,0.0,0.25,1.0,True,False,False,False
خرده‌گیری کرد,4,0,2,True,True,کرد,0.0,0.5,1.0,True,False,False,False
پلاک کرد,4,1,0,True,True,کرد,0.25,0.0,0.75,False,False,False,False
خشونت کرد,4,0,1,True,True,کرد,0.0,0.25,1.0,True,False,False,False
اکسیژن‌رسانی کرد,4,0,2,True,True,کرد,0.0,0.5,1.0,True,False,False,False
کنترل داشت,4,4,0,False,True,داشت,1.0,0.0,0.0,False,False,False,False
شیون کرد,4,0,0,True,True,کرد,0.0,0.0,1.0,False,False,False,False
تفصیل داد,4,1,3,True,True,داد,0.25,0.75,0.75,True,False,False,False
مفسده کرد,4,0,0,True,True,کرد,0.0,0.0,1.0,False,False,False,False
تفریق کرد,4,2,0,True,True,کرد,0.5,0.0,0.5,False,False,False,False
تفحص کرد,4,2,1,True,True,کرد,0.5,0.25,0.5,False,False,False,False
خواب دید,4,1,0,True,True,دید,0.25,0.0,0.75,False,False,False,False
خواب برد,4,0,0,True,True,برد,0.0,0.0,1.0,False,False,False,False
مقاله‌نویسی کرد,4,0,1,True,True,کرد,0.0,0.25,1.0,True,False,False,False
لوله‌کشی کرد,4,1,2,True,True,کرد,0.25,0.5,0.75,True,False,False,False
لنگید,4,1,2,False,False,,0.25,0.5,0.75,True,False,False,False
حکمروایی کرد,4,0,3,True,True,کرد,0.0,0.75,1.0,True,False,False,False
خالی کرد,4,3,0,False,True,کرد,0.75,0.0,0.25,False,False,False,False
خرافه‌پرستی کرد,4,0,0,True,True,کرد,0.0,0.0,1.0,False,False,False,False
تلفظ کرد,4,4,0,True,True,کرد,1.0,0.0,0.0,False,False,False,False
تلخیص کرد,4,4,0,True,True,کرد,1.0,0.0,0.0,False,False,False,False
خباثت کرد,4,0,0,True,True,کرد,0.0,0.0,1.0,False,False,False,False
خاکسپاری کرد,4,4,0,True,True,کرد,1.0,0.0,0.0,False,False,False,False
نزدیک کرد,4,4,0,False,True,کرد,1.0,0.0,0.0,False,False,False,False
انس گرفت,4,0,3,True,True,گرفت,0.0,0.75,1.0,True,False,False,False
کندی کرد,4,0,1,True,True,کرد,0.0,0.25,1.0,True,False,False,False
کنده‌کاری کرد,4,4,0,True,True,کرد,1.0,0.0,0.0,False,False,False,False
صداگذاری کرد,4,2,1,True,True,کرد,0.5,0.25,0.5,False,False,False,False
خرده گرفت,4,0,3,True,True,گرفت,0.0,0.75,1.0,True,False,False,False
مالش داد,4,4,0,True,True,داد,1.0,0.0,0.0,False,False,False,False
خط‌کشی کرد,4,4,0,True,True,کرد,1.0,0.0,0.0,False,False,False,False
خطور کرد,4,0,4,True,True,کرد,0.0,1.0,1.0,True,False,False,False
تملق کرد,4,0,2,True,True,کرد,0.0,0.5,1.0,True,False,False,False
معرفی شد,4,0,3,True,True,شد,0.0,0.75,1.0,True,False,False,False
متمایز کرد,4,4,0,False,True,کرد,1.0,0.0,0.0,False,False,False,False
حضانت کرد,4,2,2,True,True,کرد,0.5,0.5,0.5,False,False,False,False
الکترولیز کرد,4,3,0,True,True,کرد,0.75,0.0,0.25,False,False,False,False
الک کرد,4,4,0,True,True,کرد,1.0,0.0,0.0,False,False,False,False
صرفه‌جویی کرد,4,0,3,True,True,کرد,0.0,0.75,1.0,True,False,False,False
وفا کرد,4,0,4,True,True,کرد,0.0,1.0,1.0,True,False,False,False
پز داد,4,0,1,True,True,داد,0.0,0.25,1.0,True,False,False,False
ولادت کرد,4,0,0,True,True,کرد,0.0,0.0,1.0,False,False,False,False
تماشا کرد,4,4,0,True,True,کرد,1.0,0.0,0.0,False,False,False,False
متانت کرد,4,0,1,True,True,کرد,0.0,0.25,1.0,True,False,False,False
پس فرستاد,4,3,0,True,True,فرستاد,0.75,0.0,0.25,False,False,False,False
حمایل کرد,4,4,3,True,True,کرد,1.0,0.75,0.0,False,False,False,False
حیله کرد,4,0,1,True,True,کرد,0.0,0.25,1.0,True,False,False,False
حیرت کرد,4,0,3,True,True,کرد,0.0,0.75,1.0,True,False,False,False
گود افتاد,4,0,0,True,True,افتاد,0.0,0.0,1.0,False,False,False,False
گواهی کرد,4,4,0,True,True,کرد,1.0,0.0,0.0,False,False,False,False
محاصره کرد,4,4,0,False,True,کرد,1.0,0.0,0.0,False,False,False,False
ائتلاف کرد,4,0,2,True,True,کرد,0.0,0.5,1.0,True,False,False,False
طبع‌آزمایی کرد,4,0,1,True,True,کرد,0.0,0.25,1.0,True,False,False,False
ضرب زد,4,1,0,True,True,زد,0.25,0.0,0.75,False,False,False,False
کورتاژ کرد,4,2,0,True,True,کرد,0.5,0.0,0.5,False,False,False,False
صیغه کرد,4,3,0,True,True,کرد,0.75,0.0,0.25,False,False,False,False
صیحه کشید,4,0,0,True,True,کشید,0.0,0.0,1.0,False,False,False,False
حسد برد,4,0,4,True,True,برد,0.0,1.0,1.0,True,False,False,False
پرورد,4,4,1,False,False,,1.0,0.25,0.0,False,False,False,False
تنبک زد,4,0,0,True,True,زد,0.0,0.0,1.0,False,False,False,False
حساب کرد,4,3,1,True,True,کرد,0.75,0.25,0.25,False,False,False,False
حس کرد,4,3,0,True,True,کرد,0.75,0.0,0.25,False,False,False,False
تمهید کرد,4,3,1,True,True,کرد,0.75,0.25,0.25,False,False,False,False
تمنا کرد,4,3,2,True,True,کرد,0.75,0.5,0.25,False,False,False,False
تهییج کرد,4,4,1,True,True,کرد,1.0,0.25,0.0,False,False,False,False
تهجد کرد,4,1,0,True,True,کرد,0.25,0.0,0.75,False,False,False,False
آوانویسی کرد,4,4,0,True,True,کرد,1.0,0.0,0.0,False,False,False,False
آفرینش کرد,4,2,0,True,True,کرد,0.5,0.0,0.5,False,False,False,False
انباشت,4,3,3,False,False,,0.75,0.75,0.25,False,False,False,False
امپراتوری کرد,4,0,0,True,True,کرد,0.0,0.0,1.0,False,False,False,False
انجام پذیرفت,4,0,0,True,True,پذیرفت,0.0,0.0,1.0,False,False,False,False
انجام شد,4,3,0,True,True,شد,0.75,0.0,0.25,False,False,False,False
صیادی کرد,4,0,0,True,True,کرد,0.0,0.0,1.0,False,False,False,False
صورت‌بندی کرد,4,4,0,True,True,کرد,1.0,0.0,0.0,False,False,False,False
آگهی کرد,4,3,2,True,True,کرد,0.75,0.5,0.25,False,False,False,False
آکند,4,3,4,False,False,,0.75,1.0,0.25,False,False,False,False
پرسه زد,4,0,3,True,True,زد,0.0,0.75,1.0,True,False,False,False
حراست کرد,4,0,4,True,True,کرد,0.0,1.0,1.0,True,False,False,False
حدوث کرد,4,0,1,True,True,کرد,0.0,0.25,1.0,True,False,False,False
تهیه شد,4,0,1,True,True,شد,0.0,0.25,1.0,True,False,False,False
تکوین داد,4,4,0,True,True,داد,1.0,0.0,0.0,False,False,False,False
پاس‌کاری کرد,4,1,0,True,True,کرد,0.25,0.0,0.75,False,False,False,False
پاسخ‌گویی کرد,4,0,3,True,True,کرد,0.0,0.75,1.0,True,False,False,False
توصیه کرد,4,2,2,True,True,کرد,0.5,0.5,0.5,False,False,False,False
گوشمالی داد,4,3,1,True,True,داد,0.75,0.25,0.25,False,False,False,False
گوش داشت,4,0,1,True,True,داشت,0.0,0.25,1.0,True,False,False,False
آماس کرد,4,0,0,True,True,کرد,0.0,0.0,1.0,False,False,False,False
ناپختگی کرد,4,0,1,True,True,کرد,0.0,0.25,1.0,True,False,False,False
کوهنوردی کرد,4,0,0,True,True,کرد,0.0,0.0,1.0,False,False,False,False
عصاره‌گیری کرد,4,3,1,True,True,کرد,0.75,0.25,0.25,False,False,False,False
عشق‌ورزی کرد,4,0,4,True,True,کرد,0.0,1.0,1.0,True,False,False,False
توجه شد,4,0,3,True,True,شد,0.0,0.75,1.0,True,False,False,False
توافق کرد,4,0,4,True,True,کرد,0.0,1.0,1.0,True,False,False,False
جیرجیر کرد,4,0,0,True,True,کرد,0.0,0.0,1.0,False,False,False,False
جیب‌بری کرد,4,0,1,True,True,کرد,0.0,0.25,1.0,True,False,False,False
پرده‌دری کرد,4,0,1,True,True,کرد,0.0,0.25,1.0,True,False,False,False
غیب‌گویی کرد,4,0,0,True,True,کرد,0.0,0.0,1.0,False,False,False,False
یکسان‌سازی کرد,4,4,1,True,True,کرد,1.0,0.25,0.0,False,False,False,False
یافت شد,4,0,0,True,True,شد,0.0,0.0,1.0,False,False,False,False
آتش‌بازی کرد,4,0,0,True,True,کرد,0.0,0.0,1.0,False,False,False,False
آب کرد,4,3,0,True,True,کرد,0.75,0.0,0.25,False,False,False,False
نازل شد,4,0,0,True,True,شد,0.0,0.0,1.0,False,False,False,False
امداد کرد,4,1,1,True,True,کرد,0.25,0.25,0.75,False,False,False,False
امتناع داشت,4,0,4,True,True,داشت,0.0,1.0,1.0,True,False,False,False
ظلم‌ستیزی کرد,4,0,0,True,True,کرد,0.0,0.0,1.0,False,False,False,False
مشارکت داد,4,4,4,True,True,داد,1.0,1.0,0.0,False,False,False,False
آزاد کرد,4,4,0,False,True,کرد,1.0,0.0,0.0,False,False,False,False
یادآوری کرد,4,4,1,True,True,کرد,1.0,0.25,0.0,False,False,False,False
جا گذارد,4,4,1,True,True,گذارد,1.0,0.25,0.0,False,False,False,False
جانبازی کرد,4,0,2,True,True,کرد,0.0,0.5,1.0,True,False,False,False
پایان کرد,4,0,0,True,True,کرد,0.0,0.0,1.0,False,False,False,False
تک‌گویی کرد,4,1,0,True,True,کرد,0.25,0.0,0.75,False,False,False,False
بنایی کرد,4,1,0,True,True,کرد,0.25,0.0,0.75,False,False,False,False
بنا گذاشت,4,4,3,True,True,گذاشت,1.0,0.75,0.0,False,False,False,False
بنا گذارد,4,4,1,True,True,گذارد,1.0,0.25,0.0,False,False,False,False
کار انداخت,4,4,0,True,True,انداخت,1.0,0.0,0.0,False,False,False,False
غلط‌گیری کرد,4,2,0,True,True,کرد,0.5,0.0,0.5,False,False,False,False
کتابداری کرد,4,0,0,True,True,کرد,0.0,0.0,1.0,False,False,False,False
کتابت کرد,4,4,0,True,True,کرد,1.0,0.0,0.0,False,False,False,False
برپا کرد,4,4,0,False,True,کرد,1.0,0.0,0.0,False,False,False,False
کارزار کرد,4,0,2,True,True,کرد,0.0,0.5,1.0,True,False,False,False
فراموش شد,4,0,0,True,True,شد,0.0,0.0,1.0,False,False,False,False
سرپوش گذارد,4,1,3,True,True,گذارد,0.25,0.75,0.75,True,False,False,False
سرقت کرد,4,1,1,True,True,کرد,0.25,0.25,0.75,False,False,False,False
سر کرد,4,0,0,True,True,کرد,0.0,0.0,1.0,False,False,False,False
کامجویی کرد,4,0,3,True,True,کرد,0.0,0.75,1.0,True,False,False,False
اطلاع کرد,4,0,3,True,True,کرد,0.0,0.75,1.0,True,False,False,False
فاصله‌گذاری کرد,4,0,2,True,True,کرد,0.0,0.5,1.0,True,False,False,False
جان خرید,3,3,0,True,True,خرید,1.0,0.0,0.0,False,False,False,False
عجله کرد,3,0,2,True,True,کرد,0.0,0.6666666666666666,1.0,True,False,False,False
عداوت ورزید,3,0,3,True,True,ورزید,0.0,1.0,1.0,True,False,False,False
‌آورد,3,3,0,False,False,,1.0,0.0,0.0,False,False,False,False
آب کشید,3,2,0,True,True,کشید,0.6666666666666666,0.0,0.33333333333333337,False,False,False,False
جابجا شد,3,0,0,True,True,شد,0.0,0.0,1.0,False,False,False,False
پختگی کرد,3,0,0,True,True,کرد,0.0,0.0,1.0,False,False,False,False
کپی کرد,3,3,1,True,True,کرد,1.0,0.3333333333333333,0.0,False,False,False,False
طمع برید,3,0,2,True,True,برید,0.0,0.6666666666666666,1.0,True,False,False,False
طهارت گرفت,3,1,0,True,True,گرفت,0.3333333333333333,0.0,0.6666666666666667,False,False,False,False
اماله کرد,3,2,1,True,True,کرد,0.6666666666666666,0.3333333333333333,0.33333333333333337,False,False,False,False
التجا کرد,3,0,3,True,True,کرد,0.0,1.0,1.0,True,False,False,False
عاریت داد,3,3,3,True,True,داد,1.0,1.0,0.0,False,False,False,False
آشتی کرد,3,0,2,True,True,کرد,0.0,0.6666666666666666,1.0,True,False,False,False
آشنا کرد,3,1,0,False,True,کرد,0.3333333333333333,0.0,0.6666666666666667,False,False,False,False
آشنایی کرد,3,0,3,True,True,کرد,0.0,1.0,1.0,True,False,False,False
یاد انداخت,3,3,0,True,True,انداخت,1.0,0.0,0.0,False,False,False,False
تکلیف کرد,3,2,0,True,True,کرد,0.6666666666666666,0.0,0.33333333333333337,False,False,False,False
تکان خورد,3,0,0,True,True,خورد,0.0,0.0,1.0,False,False,False,False
انتقال داد,3,3,2,True,True,داد,1.0,0.6666666666666666,0.0,False,False,False,False
انتقال یافت,3,0,3,True,True,یافت,0.0,1.0,1.0,True,False,False,False
املا کرد,3,3,2,True,True,کرد,1.0,0.6666666666666666,0.0,False,False,False,False
امکان داشت,3,0,0,True,True,داشت,0.0,0.0,1.0,False,False,False,False
انابه کرد,3,0,1,True,True,کرد,0.0,0.3333333333333333,1.0,True,False,False,False
طلب داشت,3,3,2,True,True,داشت,1.0,0.6666666666666666,0.0,False,False,False,False
عشوه کرد,3,0,1,True,True,کرد,0.0,0.3333333333333333,1.0,True,False,False,False
عداوت کرد,3,0,3,True,True,کرد,0.0,1.0,1.0,True,False,False,False
تکذیب کرد,3,2,0,True,True,کرد,0.6666666666666666,0.0,0.33333333333333337,False,False,False,False
پاشاند,3,2,0,False,False,,0.6666666666666666,0.0,0.33333333333333337,False,False,False,False
پاشویه شد,3,0,0,True,True,شد,0.0,0.0,1.0,False,False,False,False
جریمه شد,3,0,1,True,True,شد,0.0,0.3333333333333333,1.0,True,False,False,False
توقیع کرد,3,2,0,True,True,کرد,0.6666666666666666,0.0,0.33333333333333337,False,False,False,False
توهین شد,3,0,3,True,True,شد,0.0,1.0,1.0,True,False,False,False
محو کرد,3,3,0,False,True,کرد,1.0,0.0,0.0,False,False,False,False
محکوم کرد,3,3,0,False,True,کرد,1.0,0.0,0.0,False,False,False,False
مخاطب‌سازی کرد,3,0,2,True,True,کرد,0.0,0.6666666666666666,1.0,True,False,False,False
مصرف شد,3,0,0,True,True,شد,0.0,0.0,1.0,False,False,False,False
توصیه شد,3,0,2,True,True,شد,0.0,0.6666666666666666,1.0,True,False,False,False
پربرکت کرد,3,3,0,False,True,کرد,1.0,0.0,0.0,False,False,False,False
انعام کرد,3,2,3,True,True,کرد,0.6666666666666666,1.0,0.33333333333333337,False,False,False,False
نرم کرد,3,3,0,False,True,کرد,1.0,0.0,0.0,False,False,False,False
الغا کرد,3,3,0,True,True,کرد,1.0,0.0,0.0,False,False,False,False
انتزاع کرد,3,3,2,True,True,کرد,1.0,0.6666666666666666,0.0,False,False,False,False
نجات یافت,3,0,1,True,True,یافت,0.0,0.3333333333333333,1.0,True,False,False,False
طاقت آورد,3,0,0,True,True,آورد,0.0,0.0,1.0,False,False,False,False
پرخاش کرد,3,0,2,True,True,کرد,0.0,0.6666666666666666,1.0,True,False,False,False
آماده نمود,3,3,0,False,True,نمود,1.0,0.0,0.0,False,False,False,False
حاصل کرد,3,2,0,True,True,کرد,0.6666666666666666,0.0,0.33333333333333337,False,False,False,False
ویران کرد,3,3,0,False,True,کرد,1.0,0.0,0.0,False,False,False,False
حذف شد,3,0,1,True,True,شد,0.0,0.3333333333333333,1.0,True,False,False,False
حرام کرد,3,3,0,False,True,کرد,1.0,0.0,0.0,False,False,False,False
ابداع کرد,3,2,0,True,True,کرد,0.6666666666666666,0.0,0.33333333333333337,False,False,False,False
آموزش دید,3,0,1,True,True,دید,0.0,0.3333333333333333,1.0,True,False,False,False
مجبور کرد,3,2,0,False,True,کرد,0.6666666666666666,0.0,0.33333333333333337,False,False,False,False
مجروح کرد,3,3,0,False,True,کرد,1.0,0.0,0.0,False,False,False,False
نسل‌کشی کرد,3,0,0,True,True,کرد,0.0,0.0,1.0,False,False,False,False
نسیان کرد,3,0,0,True,True,کرد,0.0,0.0,1.0,False,False,False,False
علم کرد,3,3,0,True,True,کرد,1.0,0.0,0.0,False,False,False,False
علم‌آموزی کرد,3,0,0,True,True,کرد,0.0,0.0,1.0,False,False,False,False
عمل شد,3,0,0,True,True,شد,0.0,0.0,1.0,False,False,False,False
عملی کرد,3,3,0,False,True,کرد,1.0,0.0,0.0,False,False,False,False
انطباق داد,3,3,3,True,True,داد,1.0,1.0,0.0,False,False,False,False
ابطال شد,3,0,0,True,True,شد,0.0,0.0,1.0,False,False,False,False
تندنویسی کرد,3,3,0,True,True,کرد,1.0,0.0,0.0,False,False,False,False
حریم‌شکنی کرد,3,0,0,True,True,کرد,0.0,0.0,1.0,False,False,False,False
حسابرسی کرد,3,3,0,True,True,کرد,1.0,0.0,0.0,False,False,False,False
حساب‌رسی کرد,3,3,0,True,True,کرد,1.0,0.0,0.0,False,False,False,False
پرورش کرد,3,0,1,True,True,کرد,0.0,0.3333333333333333,1.0,True,False,False,False
شهامت کرد,3,0,0,True,True,کرد,0.0,0.0,1.0,False,False,False,False
شهرت گرفت,3,0,0,True,True,گرفت,0.0,0.0,1.0,False,False,False,False
عناد کرد,3,0,1,True,True,کرد,0.0,0.3333333333333333,1.0,True,False,False,False
عودت کرد,3,0,3,True,True,کرد,0.0,1.0,1.0,True,False,False,False
شک کرد,3,0,1,True,True,کرد,0.0,0.3333333333333333,1.0,True,False,False,False
نسیه کرد,3,3,2,True,True,کرد,1.0,0.6666666666666666,0.0,False,False,False,False
ایجاب کرد,3,1,0,True,True,کرد,0.3333333333333333,0.0,0.6666666666666667,False,False,False,False
شیر داد,3,0,3,True,True,داد,0.0,1.0,1.0,True,False,False,False
حفر کرد,3,2,1,True,True,کرد,0.6666666666666666,0.3333333333333333,0.33333333333333337,False,False,False,False
ابقا کرد,3,3,3,True,True,کرد,1.0,1.0,0.0,False,False,False,False
اتخاذ شد,3,1,0,True,True,شد,0.3333333333333333,0.0,0.6666666666666667,False,False,False,False
متفرق کرد,3,3,0,False,True,کرد,1.0,0.0,0.0,False,False,False,False
اثر کرد,3,0,3,True,True,کرد,0.0,1.0,1.0,True,False,False,False
گمراه ساخت,3,3,0,False,True,ساخت,1.0,0.0,0.0,False,False,False,False
وقوع کرد,3,0,0,True,True,کرد,0.0,0.0,1.0,False,False,False,False
حل شد,3,0,0,True,True,شد,0.0,0.0,1.0,False,False,False,False
نصب شد,3,0,2,True,True,شد,0.0,0.6666666666666666,1.0,True,False,False,False
اقتضا کرد,3,1,0,True,True,کرد,0.3333333333333333,0.0,0.6666666666666667,False,False,False,False
اقدام ورزید,3,0,3,True,True,ورزید,0.0,1.0,1.0,True,False,False,False
عیاشی کرد,3,0,0,True,True,کرد,0.0,0.0,1.0,False,False,False,False
شماتت کرد,3,3,0,True,True,کرد,1.0,0.0,0.0,False,False,False,False
شمار آورد,3,3,0,True,True,آورد,1.0,0.0,0.0,False,False,False,False
کم داشت,3,3,0,False,True,داشت,1.0,0.0,0.0,False,False,False,False
شناسایی شد,3,0,0,True,True,شد,0.0,0.0,1.0,False,False,False,False
حوصله کرد,3,0,1,True,True,کرد,0.0,0.3333333333333333,1.0,True,False,False,False
وقع گذاشت,3,0,3,True,True,گذاشت,0.0,1.0,1.0,True,False,False,False
معلوم کرد,3,0,0,False,True,کرد,0.0,0.0,1.0,False,False,False,False
تمایز کرد,3,0,3,True,True,کرد,0.0,1.0,1.0,True,False,False,False
اجرا گذارد,3,3,0,True,True,گذارد,1.0,0.0,0.0,False,False,False,False
وعده داد,3,3,2,True,True,داد,1.0,0.6666666666666666,0.0,False,False,False,False
غر زد,3,0,1,True,True,زد,0.0,0.3333333333333333,1.0,True,False,False,False
گرامی داشت,3,3,0,False,True,داشت,1.0,0.0,0.0,False,False,False,False
شرشر کرد,3,0,0,True,True,کرد,0.0,0.0,1.0,False,False,False,False
باقی گذارد,3,3,3,True,True,گذارد,1.0,1.0,0.0,False,False,False,False
وسعت کرد,3,0,0,True,True,کرد,0.0,0.0,1.0,False,False,False,False
وصل کرد,3,1,1,True,True,کرد,0.3333333333333333,0.3333333333333333,0.6666666666666667,False,False,False,False
خرد کرد,3,3,0,False,True,کرد,1.0,0.0,0.0,False,False,False,False
خطاب کرد,3,3,0,True,True,کرد,1.0,0.0,0.0,False,False,False,False
خفت,3,0,1,False,False,,0.0,0.3333333333333333,1.0,True,False,False,False
خسارت داشت,3,0,1,True,True,داشت,0.0,0.3333333333333333,1.0,True,False,False,False
خسته کرد,3,2,0,False,True,کرد,0.6666666666666666,0.0,0.33333333333333337,False,False,False,False
خس‌خس کرد,3,0,0,True,True,کرد,0.0,0.0,1.0,False,False,False,False
خشونت‌زدایی کرد,3,2,1,True,True,کرد,0.6666666666666666,0.3333333333333333,0.33333333333333337,False,False,False,False
خشک کرد,3,2,0,False,True,کرد,0.6666666666666666,0.0,0.33333333333333337,False,False,False,False
تقسیم کرد,3,3,3,True,True,کرد,1.0,1.0,0.0,False,False,False,False
خط زد,3,3,2,True,True,زد,1.0,0.6666666666666666,0.0,False,False,False,False
خطا کرد,3,0,1,True,True,کرد,0.0,0.3333333333333333,1.0,True,False,False,False
لگد خورد,3,0,0,True,True,خورد,0.0,0.0,1.0,False,False,False,False
احضار شد,3,0,2,True,True,شد,0.0,0.6666666666666666,1.0,True,False,False,False
تغییر یافت,3,0,1,True,True,یافت,0.0,0.3333333333333333,1.0,True,False,False,False
بخشنامه کرد,3,1,1,True,True,کرد,0.3333333333333333,0.3333333333333333,0.6666666666666667,False,False,False,False
نظر داشت,3,0,2,True,True,داشت,0.0,0.6666666666666666,1.0,True,False,False,False
بر گرفت,3,3,0,True,True,گرفت,1.0,0.0,0.0,False,False,False,False
افتراق کرد,3,1,0,True,True,کرد,0.3333333333333333,0.0,0.6666666666666667,False,False,False,False
افراطی‌گری کرد,3,0,0,True,True,کرد,0.0,0.0,1.0,False,False,False,False
غش کرد,3,0,0,True,True,کرد,0.0,0.0,1.0,False,False,False,False
مکر کرد,3,0,3,True,True,کرد,0.0,1.0,1.0,True,False,False,False
شانس آورد,3,0,0,True,True,آورد,0.0,0.0,1.0,False,False,False,False
کرنش کرد,3,0,3,True,True,کرد,0.0,1.0,1.0,True,False,False,False
خواستار کرد,3,0,0,False,True,کرد,0.0,0.0,1.0,False,False,False,False
تفریط کرد,3,0,3,True,True,کرد,0.0,1.0,1.0,True,False,False,False
تفسیر شد,3,0,1,True,True,شد,0.0,0.3333333333333333,1.0,True,False,False,False
احیا داشت,3,3,0,True,True,داشت,1.0,0.0,0.0,False,False,False,False
مقابله شد,3,0,3,True,True,شد,0.0,1.0,1.0,True,False,False,False
وجود کرد,3,0,0,True,True,کرد,0.0,0.0,1.0,False,False,False,False
تعریف شد,3,0,0,True,True,شد,0.0,0.0,1.0,False,False,False,False
وحی کرد,3,0,3,True,True,کرد,0.0,1.0,1.0,True,False,False,False
خودارضایی کرد,3,0,0,True,True,کرد,0.0,0.0,1.0,False,False,False,False
بررسی شد,3,0,0,True,True,شد,0.0,0.0,1.0,False,False,False,False
برطرف شد,3,0,1,True,True,شد,0.0,0.3333333333333333,1.0,True,False,False,False
بر زد,3,3,0,True,True,زد,1.0,0.0,0.0,False,False,False,False
سوادآموزی کرد,3,1,1,True,True,کرد,0.3333333333333333,0.3333333333333333,0.6666666666666667,False,False,False,False
نفی کرد,3,2,1,True,True,کرد,0.6666666666666666,0.3333333333333333,0.33333333333333337,False,False,False,False
غلط گرفت,3,0,3,True,True,گرفت,0.0,1.0,1.0,True,False,False,False
غزل‌سرایی کرد,3,0,1,True,True,کرد,0.0,0.3333333333333333,1.0,True,False,False,False
سونوگرافی کرد,3,2,0,True,True,کرد,0.6666666666666666,0.0,0.33333333333333337,False,False,False,False
کرامت کرد,3,3,2,True,True,کرد,1.0,0.6666666666666666,0.0,False,False,False,False
کرشمه کرد,3,0,0,True,True,کرد,0.0,0.0,1.0,False,False,False,False
سستی کرد,3,0,3,True,True,کرد,0.0,1.0,1.0,True,False,False,False
سعایت کرد,3,0,2,True,True,کرد,0.0,0.6666666666666666,1.0,True,False,False,False
بزرگ داشت,3,2,0,False,True,داشت,0.6666666666666666,0.0,0.33333333333333337,False,False,False,False
سعی کرد,3,0,0,True,True,کرد,0.0,0.0,1.0,False,False,False,False
سفارت کرد,3,0,1,True,True,کرد,0.0,0.3333333333333333,1.0,True,False,False,False
سفاهت کرد,3,0,0,True,True,کرد,0.0,0.0,1.0,False,False,False,False
سمبل کرد,3,3,0,True,True,کرد,1.0,0.0,0.0,False,False,False,False
برچسب زد,3,1,2,True,True,زد,0.3333333333333333,0.6666666666666666,0.6666666666666667,True,False,False,False
برکت کرد,3,3,0,True,True,کرد,1.0,0.0,0.0,False,False,False,False
تغذیه شد,3,0,1,True,True,شد,0.0,0.3333333333333333,1.0,True,False,False,False
گفتگو کرد,3,0,2,True,True,کرد,0.0,0.6666666666666666,1.0,True,False,False,False
واگذار کرد,3,3,3,True,True,کرد,1.0,1.0,0.0,False,False,False,False
خودکامگی کرد,3,0,0,True,True,کرد,0.0,0.0,1.0,False,False,False,False
خوش داشت,3,3,0,True,True,داشت,1.0,0.0,0.0,False,False,False,False
داربست زد,3,1,2,True,True,زد,0.3333333333333333,0.6666666666666666,0.6666666666666667,True,False,False,False
تطبیق کرد,3,0,3,True,True,کرد,0.0,1.0,1.0,True,False,False,False
مقیاس کرد,3,3,2,True,True,کرد,1.0,0.6666666666666666,0.0,False,False,False,False
لزوم کرد,3,0,1,True,True,کرد,0.0,0.3333333333333333,1.0,True,False,False,False
ادامه کرد,3,0,0,True,True,کرد,0.0,0.0,1.0,False,False,False,False
تصریح داشت,3,0,2,True,True,داشت,0.0,0.6666666666666666,1.0,True,False,False,False
تصغیر کرد,3,3,0,True,True,کرد,1.0,0.0,0.0,False,False,False,False
درایت کرد,3,1,0,True,True,کرد,0.3333333333333333,0.0,0.6666666666666667,False,False,False,False
سرمایه‌گذاری کرد,3,1,2,True,True,کرد,0.3333333333333333,0.6666666666666666,0.6666666666666667,True,False,False,False
فایل کرد,3,2,0,True,True,کرد,0.6666666666666666,0.0,0.33333333333333337,False,False,False,False
فتنه کرد,3,0,1,True,True,کرد,0.0,0.3333333333333333,1.0,True,False,False,False
فخرفروش کرد,3,0,3,True,True,کرد,0.0,1.0,1.0,True,False,False,False
بساط زد,3,0,2,True,True,زد,0.0,0.6666666666666666,1.0,True,False,False,False
سریال‌سازی کرد,3,0,0,True,True,کرد,0.0,0.0,1.0,False,False,False,False
تصویربرداری کرد,3,2,0,True,True,کرد,0.6666666666666666,0.0,0.33333333333333337,False,False,False,False
اذعان کرد,3,1,2,True,True,کرد,0.3333333333333333,0.6666666666666666,0.6666666666666667,True,False,False,False
اراده کرد,3,2,0,True,True,کرد,0.6666666666666666,0.0,0.33333333333333337,False,False,False,False
درزبندی کرد,3,2,0,True,True,کرد,0.6666666666666666,0.0,0.33333333333333337,False,False,False,False
درست شد,3,0,1,True,True,شد,0.0,0.3333333333333333,1.0,True,False,False,False
در برد,3,3,1,True,True,برد,1.0,0.3333333333333333,0.0,False,False,False,False
دراز کرد,3,3,0,False,True,کرد,1.0,0.0,0.0,False,False,False,False
تصحیف کرد,3,3,0,True,True,کرد,1.0,0.0,0.0,False,False,False,False
تصدق کرد,3,0,1,False,True,کرد,0.0,0.3333333333333333,1.0,True,False,False,False
سراغ گرفت,3,3,2,True,True,گرفت,1.0,0.6666666666666666,0.0,False,False,False,False
بنا نهاد,3,3,0,True,True,نهاد,1.0,0.0,0.0,False,False,False,False
بنا کرد,3,3,3,True,True,کرد,1.0,1.0,0.0,False,False,False,False
فراهم ساخت,3,3,0,False,True,ساخت,1.0,0.0,0.0,False,False,False,False
اعطا شد,3,0,2,True,True,شد,0.0,0.6666666666666666,1.0,True,False,False,False
نم داد,3,0,0,True,True,داد,0.0,0.0,1.0,False,False,False,False
درو کرد,3,2,0,True,True,کرد,0.6666666666666666,0.0,0.33333333333333337,False,False,False,False
تسلیم داشت,3,3,3,True,True,داشت,1.0,1.0,0.0,False,False,False,False
پیاده کرد,3,3,0,False,True,کرد,1.0,0.0,0.0,False,False,False,False
همپوشانی کرد,3,0,2,True,True,کرد,0.0,0.6666666666666666,1.0,True,False,False,False
دستشویی کرد,3,0,2,True,True,کرد,0.0,0.6666666666666666,1.0,True,False,False,False
دستمالی کرد,3,3,0,True,True,کرد,1.0,0.0,0.0,False,False,False,False
سؤال شد,3,0,2,True,True,شد,0.0,0.6666666666666666,1.0,True,False,False,False
اعاده داد,3,3,3,True,True,داد,1.0,1.0,0.0,False,False,False,False
زین کرد,3,3,0,True,True,کرد,1.0,0.0,0.0,False,False,False,False
دست‌درازی کرد,3,0,3,True,True,کرد,0.0,1.0,1.0,True,False,False,False
ارسال شد,3,0,3,True,True,شد,0.0,1.0,1.0,True,False,False,False
دعوا شد,3,0,1,True,True,شد,0.0,0.3333333333333333,1.0,True,False,False,False
دعوت داشت,3,0,3,True,True,داشت,0.0,1.0,1.0,True,False,False,False
پیش کشید,3,3,0,True,True,کشید,1.0,0.0,0.0,False,False,False,False
دلربایی کرد,3,0,1,True,True,کرد,0.0,0.3333333333333333,1.0,True,False,False,False
دم برد,3,0,0,True,True,برد,0.0,0.0,1.0,False,False,False,False
دفن کرد,3,2,0,False,True,کرد,0.6666666666666666,0.0,0.33333333333333337,False,False,False,False
گسترش یافت,3,0,1,True,True,یافت,0.0,0.3333333333333333,1.0,True,False,False,False
ترجمه شد,3,0,1,True,True,شد,0.0,0.3333333333333333,1.0,True,False,False,False
دنبال نمود,3,3,0,True,True,نمود,1.0,0.0,0.0,False,False,False,False
استخدام کرد,3,3,1,True,True,کرد,1.0,0.3333333333333333,0.0,False,False,False,False
گستاخی کرد,3,0,2,True,True,کرد,0.0,0.6666666666666666,1.0,True,False,False,False
گسترش کرد,3,0,0,True,True,کرد,0.0,0.0,1.0,False,False,False,False
هم کوفت,3,3,0,True,True,کوفت,1.0,0.0,0.0,False,False,False,False
تخم‌گذاری کرد,3,0,1,True,True,کرد,0.0,0.3333333333333333,1.0,True,False,False,False
تحول داد,3,2,0,True,True,داد,0.6666666666666666,0.0,0.33333333333333337,False,False,False,False
تخریب شد,3,0,0,True,True,شد,0.0,0.0,1.0,False,False,False,False
نورپردازی کرد,3,3,0,True,True,کرد,1.0,0.0,0.0,False,False,False,False
بهره‌جویی شد,3,0,3,True,True,شد,0.0,1.0,1.0,True,False,False,False
به‌سازی کرد,3,3,0,True,True,کرد,1.0,0.0,0.0,False,False,False,False
زنده کرد,3,3,0,False,True,کرد,1.0,0.0,0.0,False,False,False,False
زندگانی کرد,3,0,3,True,True,کرد,0.0,1.0,1.0,True,False,False,False
گرو برد,3,1,2,True,True,برد,0.3333333333333333,0.6666666666666666,0.6666666666666667,True,False,False,False
فرود کرد,3,0,1,True,True,کرد,0.0,0.3333333333333333,1.0,True,False,False,False
اشغال کرد,3,3,0,False,True,کرد,1.0,0.0,0.0,False,False,False,False
اطاعت ورزید,3,0,2,True,True,ورزید,0.0,0.6666666666666666,1.0,True,False,False,False
نواربندی کرد,3,3,0,True,True,کرد,1.0,0.0,0.0,False,False,False,False
رو نهاد,3,0,3,True,True,نهاد,0.0,1.0,1.0,True,False,False,False
رژیم گرفت,3,0,0,True,True,گرفت,0.0,0.0,1.0,False,False,False,False
روان‌درمانی کرد,3,1,0,True,True,کرد,0.3333333333333333,0.0,0.6666666666666667,False,False,False,False
روایت کرد,3,1,0,True,True,کرد,0.3333333333333333,0.0,0.6666666666666667,False,False,False,False
موجب کرد,3,0,0,False,True,کرد,0.0,0.0,1.0,False,False,False,False
زار زد,3,0,0,True,True,زد,0.0,0.0,1.0,False,False,False,False
زبان‌بازی کرد,3,0,0,True,True,کرد,0.0,0.0,1.0,False,False,False,False
استراحت کرد,3,0,0,True,True,کرد,0.0,0.0,1.0,False,False,False,False
منجر کرد,3,1,0,False,True,کرد,0.3333333333333333,0.0,0.6666666666666667,False,False,False,False
قدم گذاشت,3,0,1,True,True,گذاشت,0.0,0.3333333333333333,1.0,True,False,False,False
هل داد,3,3,2,True,True,داد,1.0,0.6666666666666666,0.0,False,False,False,False
دور زد,3,1,0,True,True,زد,0.3333333333333333,0.0,0.6666666666666667,False,False,False,False
تخصیص کرد,3,0,1,True,True,کرد,0.0,0.3333333333333333,1.0,True,False,False,False
پیمان گرفت,3,0,2,True,True,گرفت,0.0,0.6666666666666666,1.0,True,False,False,False
ذخیره شد,3,0,2,True,True,شد,0.0,0.6666666666666666,1.0,True,False,False,False
ذکر شد,3,0,0,True,True,شد,0.0,0.0,1.0,False,False,False,False
قرار گذارد,3,0,2,True,True,گذارد,0.0,0.6666666666666666,1.0,True,False,False,False
قرار گذاشت,3,0,3,True,True,گذاشت,0.0,1.0,1.0,True,False,False,False
قربانی کرد,3,3,0,False,True,کرد,1.0,0.0,0.0,False,False,False,False
منظم کرد,3,2,0,False,True,کرد,0.6666666666666666,0.0,0.33333333333333337,False,False,False,False
پیچانید,3,3,2,False,False,,1.0,0.6666666666666666,0.0,False,False,False,False
راست کرد,3,3,0,False,True,کرد,1.0,0.0,0.0,False,False,False,False
رهید,3,0,3,False,False,,0.0,1.0,1.0,True,False,False,False
بی‌عدالتی کرد,3,0,2,True,True,کرد,0.0,0.6666666666666666,1.0,True,False,False,False
گرو نهاد,3,3,0,True,True,نهاد,1.0,0.0,0.0,False,False,False,False
گرو گرفت,3,3,0,True,True,گرفت,1.0,0.0,0.0,False,False,False,False
روشن ساخت,3,2,0,False,True,ساخت,0.6666666666666666,0.0,0.33333333333333337,False,False,False,False
رو آمد,3,0,0,True,True,آمد,0.0,0.0,1.0,False,False,False,False
رو داد,3,0,0,True,True,داد,0.0,0.0,1.0,False,False,False,False
دین‌زدایی کرد,3,0,0,True,True,کرد,0.0,0.0,1.0,False,False,False,False
قانع کرد,3,3,0,False,True,کرد,1.0,0.0,0.0,False,False,False,False
فیصله کرد,3,0,0,True,True,کرد,0.0,0.0,1.0,False,False,False,False
تجزیه کرد,3,3,0,True,True,کرد,1.0,0.0,0.0,False,False,False,False
راه‌اندازی شد,3,0,0,True,True,شد,0.0,0.0,1.0,False,False,False,False
تبرئه شد,3,0,1,True,True,شد,0.0,0.3333333333333333,1.0,True,False,False,False
تازه کرد,3,3,0,False,True,کرد,1.0,0.0,0.0,False,False,False,False
رد شد,3,0,2,True,True,شد,0.0,0.6666666666666666,1.0,True,False,False,False
رفت کرد,3,0,3,True,True,کرد,0.0,1.0,1.0,True,False,False,False
چاپ شد,3,0,1,True,True,شد,0.0,0.3333333333333333,1.0,True,False,False,False
رمزخوانی کرد,3,1,0,True,True,کرد,0.3333333333333333,0.0,0.6666666666666667,False,False,False,False
رمزنویسی کرد,3,3,0,True,True,کرد,1.0,0.0,0.0,False,False,False,False
استقرار داشت,3,0,2,True,True,داشت,0.0,0.6666666666666666,1.0,True,False,False,False
مهندسی کرد,3,3,0,True,True,کرد,1.0,0.0,0.0,False,False,False,False
رمزگشایی کرد,3,2,1,True,True,کرد,0.6666666666666666,0.3333333333333333,0.33333333333333337,False,False,False,False
رنده کرد,3,3,0,True,True,کرد,1.0,0.0,0.0,False,False,False,False
رنگ زد,3,3,0,True,True,زد,1.0,0.0,0.0,False,False,False,False
رنگرزی کرد,3,3,0,True,True,کرد,1.0,0.0,0.0,False,False,False,False
نویسندگی کرد,3,1,0,True,True,کرد,0.3333333333333333,0.0,0.6666666666666667,False,False,False,False
نکویی کرد,3,0,2,True,True,کرد,0.0,0.6666666666666666,1.0,True,False,False,False
رهنمایی کرد,3,2,3,True,True,کرد,0.6666666666666666,1.0,0.33333333333333337,False,False,False,False
تأکید کرد,3,0,3,True,True,کرد,0.0,1.0,1.0,True,False,False,False
رغبت کرد,3,0,2,True,True,کرد,0.0,0.6666666666666666,1.0,True,False,False,False
مهار داشت,3,1,1,True,True,داشت,0.3333333333333333,0.3333333333333333,0.6666666666666667,False,False,False,False
رها ساخت,3,3,0,False,True,ساخت,1.0,0.0,0.0,False,False,False,False
رفع کرد,3,2,0,True,True,کرد,0.6666666666666666,0.0,0.33333333333333337,False,False,False,False
یقین کرد,3,0,2,True,True,کرد,0.0,0.6666666666666666,1.0,True,False,False,False
جان کرد,3,0,0,True,True,کرد,0.0,0.0,1.0,False,False,False,False
جا گرفت,3,0,2,True,True,گرفت,0.0,0.6666666666666666,1.0,True,False,False,False
آسیب کرد,3,0,0,True,True,کرد,0.0,0.0,1.0,False,False,False,False
پایان داد,3,1,2,True,True,داد,0.3333333333333333,0.6666666666666666,0.6666666666666667,True,False,False,False
پایه‌ریزی شد,3,0,1,True,True,شد,0.0,0.3333333333333333,1.0,True,False,False,False
آرزو کرد,3,2,0,True,True,کرد,0.6666666666666666,0.0,0.33333333333333337,False,False,False,False
آب‌زدایی شد,3,0,0,True,True,شد,0.0,0.0,1.0,False,False,False,False
آب‌زدایی کرد,3,2,1,True,True,کرد,0.6666666666666666,0.3333333333333333,0.33333333333333337,False,False,False,False
جای ماند,3,0,0,True,True,ماند,0.0,0.0,1.0,False,False,False,False
جان آمد,3,0,1,True,True,آمد,0.0,0.3333333333333333,1.0,True,False,False,False
امتیازبندی شد,2,0,0,True,True,شد,0.0,0.0,1.0,False,False,False,False
جان باخت,2,0,0,True,True,باخت,0.0,0.0,1.0,False,False,False,False
جاسازی شد,2,0,2,True,True,شد,0.0,1.0,1.0,True,False,False,False
جان‌فشانی شد,2,0,0,True,True,شد,0.0,0.0,1.0,False,False,False,False
یاد شد,2,0,2,True,True,شد,0.0,1.0,1.0,True,False,False,False
یاد رفت,2,1,0,True,True,رفت,0.5,0.0,0.5,False,False,False,False
مسواک زد,2,1,0,True,True,زد,0.5,0.0,0.5,False,False,False,False
مرحمت فرمود,2,2,2,True,True,فرمود,1.0,1.0,0.0,False,False,False,False
مرتکب شد,2,1,0,True,True,شد,0.5,0.0,0.5,False,False,False,False
مرتب کرد,2,2,0,False,True,کرد,1.0,0.0,0.0,False,False,False,False
مرقوم شد,2,1,0,True,True,شد,0.5,0.0,0.5,False,False,False,False
یورش برید,2,0,2,True,True,برید,0.0,1.0,1.0,True,False,False,False
جبران شد,2,0,0,True,True,شد,0.0,0.0,1.0,False,False,False,False
نام گذاشت,2,1,0,True,True,گذاشت,0.5,0.0,0.5,False,False,False,False
نامزد شد,2,0,1,True,True,شد,0.0,0.5,1.0,True,False,False,False
انباشته کرد,2,2,0,False,True,کرد,1.0,0.0,0.0,False,False,False,False
انتحار کرد,2,0,0,True,True,کرد,0.0,0.0,1.0,False,False,False,False
جبران نمود,2,0,1,True,True,نمود,0.0,0.5,1.0,True,False,False,False
پاک‌سازی شد,2,0,0,True,True,شد,0.0,0.0,1.0,False,False,False,False
پای آورد,2,2,0,True,True,آورد,1.0,0.0,0.0,False,False,False,False
مشاهده نمود,2,2,0,True,True,نمود,1.0,0.0,0.0,False,False,False,False
مدح کرد,2,1,0,True,True,کرد,0.5,0.0,0.5,False,False,False,False
تیم کرد,2,0,0,True,True,کرد,0.0,0.0,1.0,False,False,False,False
ثابت شد,2,0,0,True,True,شد,0.0,0.0,1.0,False,False,False,False
جداسازی شد,2,0,0,True,True,شد,0.0,0.0,1.0,False,False,False,False
تکثیر شد,2,0,0,True,True,شد,0.0,0.0,1.0,False,False,False,False
تکدی‌گری کرد,2,0,0,True,True,کرد,0.0,0.0,1.0,False,False,False,False
انتشار کرد,2,0,2,True,True,کرد,0.0,1.0,1.0,True,False,False,False
انتقاد شد,2,0,2,True,True,شد,0.0,1.0,1.0,True,False,False,False
روزنه کرد,2,0,1,True,True,کرد,0.0,0.5,1.0,True,False,False,False
رو انداخت,2,0,2,True,True,انداخت,0.0,1.0,1.0,True,False,False,False
رانندگی کرد,2,0,0,True,True,کرد,0.0,0.0,1.0,False,False,False,False
گزارد,2,2,0,False,False,,1.0,0.0,0.0,False,False,False,False
تتبع کرد,2,0,1,True,True,کرد,0.0,0.5,1.0,True,False,False,False
تجاوز شد,2,0,2,True,True,شد,0.0,1.0,1.0,True,False,False,False
راهنما کرد,2,2,0,True,True,کرد,1.0,0.0,0.0,False,False,False,False
تاخت برد,2,1,1,True,True,برد,0.5,0.5,0.5,False,False,False,False
رقم خورد,2,0,1,True,True,خورد,0.0,0.5,1.0,True,False,False,False
مهیا کرد,2,2,0,False,True,کرد,1.0,0.0,0.0,False,False,False,False
چراغانی کرد,2,2,0,False,True,کرد,1.0,0.0,0.0,False,False,False,False
رهایی کرد,2,0,2,True,True,کرد,0.0,1.0,1.0,True,False,False,False
رهایی یافت,2,0,2,True,True,یافت,0.0,1.0,1.0,True,False,False,False
رسته‌بندی کرد,2,2,0,True,True,کرد,1.0,0.0,0.0,False,False,False,False
تأویل شد,2,0,2,True,True,شد,0.0,1.0,1.0,True,False,False,False
تأکید شد,2,0,2,True,True,شد,0.0,1.0,1.0,True,False,False,False
تخم کرد,2,0,0,True,True,کرد,0.0,0.0,1.0,False,False,False,False
ذکر کرد,2,2,1,True,True,کرد,1.0,0.5,0.0,False,False,False,False
قبول شد,2,0,1,True,True,شد,0.0,0.5,1.0,True,False,False,False
قبول نمود,2,1,1,True,True,نمود,0.5,0.5,0.5,False,False,False,False
استغفار نمود,2,0,2,True,True,نمود,0.0,1.0,1.0,True,False,False,False
تحریک شد,2,0,0,True,True,شد,0.0,0.0,1.0,False,False,False,False
تحسین کرد,2,2,0,True,True,کرد,1.0,0.0,0.0,False,False,False,False
تحصیل کرد,2,0,2,True,True,کرد,0.0,1.0,1.0,True,False,False,False
راضی کرد,2,2,0,False,True,کرد,1.0,0.0,0.0,False,False,False,False
رو گذاشت,2,0,1,True,True,گذاشت,0.0,0.5,1.0,True,False,False,False
بی‌نزاکتی شد,2,0,0,True,True,شد,0.0,0.0,1.0,False,False,False,False
روانکاوی کرد,2,2,0,True,True,کرد,1.0,0.0,0.0,False,False,False,False
گرو گذارد,2,2,0,True,True,گذارد,1.0,0.0,0.0,False,False,False,False
فقاهت کرد,2,0,0,True,True,کرد,0.0,0.0,1.0,False,False,False,False
چشم پوشید,2,0,2,True,True,پوشید,0.0,1.0,1.0,True,False,False,False
روزنامه‌نگاری کرد,2,0,0,True,True,کرد,0.0,0.0,1.0,False,False,False,False
رویش کرد,2,0,0,True,True,کرد,0.0,0.0,1.0,False,False,False,False
فزونی کرد,2,0,1,True,True,کرد,0.0,0.5,1.0,True,False,False,False
گرفتار کرد,2,2,0,False,True,کرد,1.0,0.0,0.0,False,False,False,False
بیش کرد,2,1,0,False,True,کرد,0.5,0.0,0.5,False,False,False,False
بودجه‌بندی شد,2,0,0,True,True,شد,0.0,0.0,1.0,False,False,False,False
زانو آمد,2,0,0,True,True,آمد,0.0,0.0,1.0,False,False,False,False
زهد ورزید,2,0,0,True,True,ورزید,0.0,0.0,1.0,False,False,False,False
زخمی ساخت,2,2,0,False,True,ساخت,1.0,0.0,0.0,False,False,False,False
دوران کرد,2,0,1,True,True,کرد,0.0,0.5,1.0,True,False,False,False
دهشت کرد,2,0,1,True,True,کرد,0.0,0.5,1.0,True,False,False,False
استثمار شد,2,0,0,True,True,شد,0.0,0.0,1.0,False,False,False,False
منصوب کرد,2,2,0,False,True,کرد,1.0,0.0,0.0,False,False,False,False
قرائت کرد,2,2,0,True,True,کرد,1.0,0.0,0.0,False,False,False,False
هم خورد,2,1,0,True,True,خورد,0.5,0.0,0.5,False,False,False,False
دور نمود,2,1,0,False,True,نمود,0.5,0.0,0.5,False,False,False,False
پیش‌بینی شد,2,0,0,True,True,شد,0.0,0.0,1.0,False,False,False,False
همراه کرد,2,1,0,False,True,کرد,0.5,0.0,0.5,False,False,False,False
دنبال آمد,2,0,0,True,True,آمد,0.0,0.0,1.0,False,False,False,False
دنبال شد,2,0,1,True,True,شد,0.0,0.5,1.0,True,False,False,False
دل کرد,2,0,1,True,True,کرد,0.0,0.5,1.0,True,False,False,False
گزینش شد,2,0,0,True,True,شد,0.0,0.0,1.0,False,False,False,False
تذکر داد,2,1,1,True,True,داد,0.5,0.5,0.5,False,False,False,False
تر کرد,2,2,0,False,True,کرد,1.0,0.0,0.0,False,False,False,False
همت گماشت,2,0,2,True,True,گماشت,0.0,1.0,1.0,True,False,False,False
تحمیل شد,2,0,1,True,True,شد,0.0,0.5,1.0,True,False,False,False
بهره‌جویی کرد,2,0,2,True,True,کرد,0.0,1.0,1.0,True,False,False,False
زندانی کرد,2,2,0,False,True,کرد,1.0,0.0,0.0,False,False,False,False
گره زد,2,1,1,True,True,زد,0.5,0.5,0.5,False,False,False,False
فروپاشی کرد,2,0,0,True,True,کرد,0.0,0.0,1.0,False,False,False,False
فرض کرد,2,2,0,True,True,کرد,1.0,0.0,0.0,False,False,False,False
اضافه شد,2,0,1,True,True,شد,0.0,0.5,1.0,True,False,False,False
رویاند,2,1,0,False,False,,0.5,0.0,0.5,False,False,False,False
تزریق شد,2,0,2,True,True,شد,0.0,1.0,1.0,True,False,False,False
دعوت شد,2,0,2,True,True,شد,0.0,1.0,1.0,True,False,False,False
دل سوزاند,2,0,1,True,True,سوزاند,0.0,0.5,1.0,True,False,False,False
دست‌مالی کرد,2,1,0,True,True,کرد,0.5,0.0,0.5,False,False,False,False
دلالت داشت,2,0,2,True,True,داشت,0.0,1.0,1.0,True,False,False,False
ترقی داشت,2,0,0,True,True,داشت,0.0,0.0,1.0,False,False,False,False
پیش رفت,2,0,1,True,True,رفت,0.0,0.5,1.0,True,False,False,False
دلبری کرد,2,0,0,True,True,کرد,0.0,0.0,1.0,False,False,False,False
دلمه زد,2,0,0,True,True,زد,0.0,0.0,1.0,False,False,False,False
دعوی کرد,2,0,1,True,True,کرد,0.0,0.5,1.0,True,False,False,False
دفع کرد,2,1,0,True,True,کرد,0.5,0.0,0.5,False,False,False,False
ارضا شد,2,0,0,True,True,شد,0.0,0.0,1.0,False,False,False,False
قضا کرد,2,1,0,True,True,کرد,0.5,0.0,0.5,False,False,False,False
قفل شد,2,0,1,True,True,شد,0.0,0.5,1.0,True,False,False,False
قل خورد,2,0,1,True,True,خورد,0.0,0.5,1.0,True,False,False,False
ترتیب داد,2,2,0,True,True,داد,1.0,0.0,0.0,False,False,False,False
بهره‌برداری نمود,2,0,1,True,True,نمود,0.0,0.5,1.0,True,False,False,False
ژست گرفت,2,0,0,True,True,گرفت,0.0,0.0,1.0,False,False,False,False
کادربندی کرد,2,2,0,True,True,کرد,1.0,0.0,0.0,False,False,False,False
کار آمد,2,0,0,True,True,آمد,0.0,0.0,1.0,False,False,False,False
ساختاربندی کرد,2,2,0,True,True,کرد,1.0,0.0,0.0,False,False,False,False
سازمان‌دهی کرد,2,2,0,True,True,کرد,1.0,0.0,0.0,False,False,False,False
ساقط کرد,2,2,0,False,True,کرد,1.0,0.0,0.0,False,False,False,False
سانسور کرد,2,2,0,True,True,کرد,1.0,0.0,0.0,False,False,False,False
سبب کرد,2,0,0,False,True,کرد,0.0,0.0,1.0,False,False,False,False
سترد,2,1,2,False,False,,0.5,1.0,0.5,False,False,False,False
نمود,2,2,0,False,False,,1.0,0.0,0.0,False,False,False,False
پیش برد,2,2,0,True,True,برد,1.0,0.0,0.0,False,False,False,False
ارزش‌گذاری شد,2,0,0,True,True,شد,0.0,0.0,1.0,False,False,False,False
ارزیابی کرد,2,2,0,True,True,کرد,1.0,0.0,0.0,False,False,False,False
گشاد کرد,2,2,0,False,True,کرد,1.0,0.0,0.0,False,False,False,False
قهر کرد,2,0,0,False,True,کرد,0.0,0.0,1.0,False,False,False,False
اعزام شد,2,0,2,True,True,شد,0.0,1.0,1.0,True,False,False,False
سر شد,2,2,0,True,True,شد,1.0,0.0,0.0,False,False,False,False
سر کشید,2,2,0,True,True,کشید,1.0,0.0,0.0,False,False,False,False
نقض کرد,2,1,0,True,True,کرد,0.5,0.0,0.5,False,False,False,False
وا کرد,2,2,0,False,True,کرد,1.0,0.0,0.0,False,False,False,False
دریافت نمود,2,2,1,True,True,نمود,1.0,0.5,0.0,False,False,False,False
تشکیل شد,2,0,1,True,True,شد,0.0,0.5,1.0,True,False,False,False
تشکیل کرد,2,0,0,True,True,کرد,0.0,0.0,1.0,False,False,False,False
تشییع شد,2,0,0,True,True,شد,0.0,0.0,1.0,False,False,False,False
ارج نهاد,2,0,2,True,True,نهاد,0.0,1.0,1.0,True,False,False,False
قیمت گذارد,2,0,2,True,True,گذارد,0.0,1.0,1.0,True,False,False,False
تشفی کرد,2,0,0,True,True,کرد,0.0,0.0,1.0,False,False,False,False
پیاده‌روی کرد,2,0,0,True,True,کرد,0.0,0.0,1.0,False,False,False,False
هموار ساخت,2,2,0,False,True,ساخت,1.0,0.0,0.0,False,False,False,False
بهبود بخشید,2,2,0,True,True,بخشید,1.0,0.0,0.0,False,False,False,False
بهره جست,2,0,2,True,True,جست,0.0,1.0,1.0,True,False,False,False
فدا کرد,2,2,0,False,True,کرد,1.0,0.0,0.0,False,False,False,False
بزرگی کرد,2,0,1,True,True,کرد,0.0,0.5,1.0,True,False,False,False
سرگرم کرد,2,2,0,False,True,کرد,1.0,0.0,0.0,False,False,False,False
واقع شد,2,0,0,True,True,شد,0.0,0.0,1.0,False,False,False,False
تصویرپردازی شد,2,0,0,True,True,شد,0.0,0.0,1.0,False,False,False,False
ادعا کرد,2,0,0,True,True,کرد,0.0,0.0,1.0,False,False,False,False
اذیت شد,2,0,0,True,True,شد,0.0,0.0,1.0,False,False,False,False
درد آورد,2,2,0,True,True,آورد,1.0,0.0,0.0,False,False,False,False
تصحیح نمود,2,2,0,True,True,نمود,1.0,0.0,0.0,False,False,False,False
تصدیق داشت,2,0,2,True,True,داشت,0.0,1.0,1.0,True,False,False,False
ستوه آمد,2,0,1,True,True,آمد,0.0,0.5,1.0,True,False,False,False
سرد شد,2,0,0,True,True,شد,0.0,0.0,1.0,False,False,False,False
بنا شد,2,0,0,True,True,شد,0.0,0.0,1.0,False,False,False,False
بند آمد,2,0,0,True,True,آمد,0.0,0.0,1.0,False,False,False,False
موکول کرد,2,2,0,False,True,کرد,1.0,0.0,0.0,False,False,False,False
فراهم نمود,2,2,0,False,True,نمود,1.0,0.0,0.0,False,False,False,False
تطبیق نمود,2,2,2,True,True,نمود,1.0,1.0,0.0,False,False,False,False
تصویب شد,2,0,0,True,True,شد,0.0,0.0,1.0,False,False,False,False
لم داد,2,0,2,True,True,داد,0.0,1.0,1.0,True,False,False,False
مقرر کرد,2,2,0,False,True,کرد,1.0,0.0,0.0,False,False,False,False
ملاحظه کرد,2,1,0,True,True,کرد,0.5,0.0,0.5,False,False,False,False
ملامسه کرد,2,1,2,True,True,کرد,0.5,1.0,0.5,False,False,False,False
لحیم شد,2,0,2,True,True,شد,0.0,1.0,1.0,True,False,False,False
ارجاع کرد,2,0,1,True,True,کرد,0.0,0.5,1.0,True,False,False,False
واریز شد,2,0,2,True,True,شد,0.0,1.0,1.0,True,False,False,False
نم زد,2,1,0,True,True,زد,0.5,0.0,0.5,False,False,False,False
سرپیچی نمود,2,0,1,True,True,نمود,0.0,0.5,1.0,True,False,False,False
بغل کرد,2,2,0,True,True,کرد,1.0,0.0,0.0,False,False,False,False
اطلاع‌رسانی کرد,2,0,1,True,True,کرد,0.0,0.5,1.0,True,False,False,False
اطلاق گرفت,2,0,1,True,True,گرفت,0.0,0.5,1.0,True,False,False,False
فحاشی کرد,2,0,0,True,True,کرد,0.0,0.0,1.0,False,False,False,False
فخرفروشی کرد,2,0,2,True,True,کرد,0.0,1.0,1.0,True,False,False,False
فاش ساخت,2,2,0,False,True,ساخت,1.0,0.0,0.0,False,False,False,False
فاصله‌گذاری شد,2,0,2,True,True,شد,0.0,1.0,1.0,True,False,False,False
برکنار کرد,2,2,0,False,True,کرد,1.0,0.0,0.0,False,False,False,False
بزرگ کرد,2,2,0,False,True,کرد,1.0,0.0,0.0,False,False,False,False
کتمان کرد,2,2,0,False,True,کرد,1.0,0.0,0.0,False,False,False,False
برق‌رسانی شد,2,0,0,True,True,شد,0.0,0.0,1.0,False,False,False,False
خودبینی کرد,2,0,0,True,True,کرد,0.0,0.0,1.0,False,False,False,False
تعیین شد,2,0,0,True,True,شد,0.0,0.0,1.0,False,False,False,False
اختیار گذاشت,2,1,0,False,True,گذاشت,0.5,0.0,0.5,False,False,False,False
ادا شد,2,0,0,True,True,شد,0.0,0.0,1.0,False,False,False,False
ادا نمود,2,2,0,True,True,نمود,1.0,0.0,0.0,False,False,False,False
اداره شد,2,0,1,True,True,شد,0.0,0.5,1.0,True,False,False,False
لطف کرد,2,0,1,True,True,کرد,0.0,0.5,1.0,True,False,False,False
تعلق داشت,2,0,2,True,True,داشت,0.0,1.0,1.0,True,False,False,False
تعبیه شد,2,2,0,True,True,شد,1.0,0.0,0.0,False,False,False,False
خودکشی کرد,2,0,0,True,True,کرد,0.0,0.0,1.0,False,False,False,False
شامل کرد,2,2,0,False,True,کرد,1.0,0.0,0.0,False,False,False,False
نطفه بست,2,0,0,True,True,بست,0.0,0.0,1.0,False,False,False,False
تعلل ورزید,2,0,1,True,True,ورزید,0.0,0.5,1.0,True,False,False,False
خوار کرد,2,2,0,False,True,کرد,1.0,0.0,0.0,False,False,False,False
خلق شد,2,0,0,True,True,شد,0.0,0.0,1.0,False,False,False,False
خم کرد,2,2,0,False,True,کرد,1.0,0.0,0.0,False,False,False,False
لک زد,2,1,2,True,True,زد,0.5,1.0,0.5,False,False,False,False
مقابله نمود,2,1,1,True,True,نمود,0.5,0.5,0.5,False,False,False,False
مقاله‌نویسی شد,2,0,1,True,True,شد,0.0,0.5,1.0,True,False,False,False
برطرف ساخت,2,2,0,True,True,ساخت,1.0,0.0,0.0,False,False,False,False
نفس زد,2,0,0,True,True,زد,0.0,0.0,1.0,False,False,False,False
کتابت شد,2,0,0,True,True,شد,0.0,0.0,1.0,False,False,False,False
فاکتور کرد,2,2,0,True,True,کرد,1.0,0.0,0.0,False,False,False,False
غلطاند,2,2,2,False,False,,1.0,1.0,0.0,False,False,False,False
غسل کرد,2,0,0,True,True,کرد,0.0,0.0,1.0,False,False,False,False
اغفال شد,2,0,1,True,True,شد,0.0,0.5,1.0,True,False,False,False
خروش آمد,2,0,0,True,True,آمد,0.0,0.0,1.0,False,False,False,False
تقدیر شد,2,0,1,True,True,شد,0.0,0.5,1.0,True,False,False,False
تفوق کرد,2,0,2,True,True,کرد,0.0,1.0,1.0,True,False,False,False
وسعت داد,2,1,1,True,True,داد,0.5,0.5,0.5,False,False,False,False
خط کرد,2,2,0,True,True,کرد,1.0,0.0,0.0,False,False,False,False
احتمال رفت,2,0,0,True,True,رفت,0.0,0.0,1.0,False,False,False,False
مغلوب کرد,2,2,0,False,True,کرد,1.0,0.0,0.0,False,False,False,False
مأمور نمود,2,2,0,False,True,نمود,1.0,0.0,0.0,False,False,False,False
خندانید,2,2,0,False,False,,1.0,0.0,0.0,False,False,False,False
خنده گرفت,2,0,0,True,True,گرفت,0.0,0.0,1.0,False,False,False,False
تقاضا کرد,2,0,0,True,True,کرد,0.0,0.0,1.0,False,False,False,False
بخار شد,2,0,0,True,True,شد,0.0,0.0,1.0,False,False,False,False
سیادت کرد,2,0,2,True,True,کرد,0.0,1.0,1.0,True,False,False,False
برآورده کرد,2,2,0,False,True,کرد,1.0,0.0,0.0,False,False,False,False
غلبه یافت,2,0,2,True,True,یافت,0.0,1.0,1.0,True,False,False,False
شب‌زنده‌داری کرد,2,1,0,True,True,کرد,0.5,0.0,0.5,False,False,False,False
کشف شد,2,1,0,True,True,شد,0.5,0.0,0.5,False,False,False,False
میان گذارد,2,2,2,True,True,گذارد,1.0,1.0,0.0,False,False,False,False
غافلگیر کرد,2,1,0,False,True,کرد,0.5,0.0,0.5,False,False,False,False
افساد کرد,2,0,1,True,True,کرد,0.0,0.5,1.0,True,False,False,False
افسوس خورد,2,0,2,True,True,خورد,0.0,1.0,1.0,True,False,False,False
بالا کشید,2,1,0,True,True,کشید,0.5,0.0,0.5,False,False,False,False
بانکداری کرد,2,0,0,True,True,کرد,0.0,0.0,1.0,False,False,False,False
نصیب شد,2,0,0,True,True,شد,0.0,0.0,1.0,False,False,False,False
شروع نمود,2,1,1,True,True,نمود,0.5,0.5,0.5,False,False,False,False
بازی‌گردانی کرد,2,1,0,True,True,کرد,0.5,0.0,0.5,False,False,False,False
باطل کرد,2,2,0,False,True,کرد,1.0,0.0,0.0,False,False,False,False
وسعت یافت,2,0,0,True,True,یافت,0.0,0.0,1.0,False,False,False,False
احترام کرد,2,1,0,True,True,کرد,0.5,0.0,0.5,False,False,False,False
معنا شد,2,0,0,True,True,شد,0.0,0.0,1.0,False,False,False,False
معین کرد,2,2,0,False,True,کرد,1.0,0.0,0.0,False,False,False,False
تقلا داشت,2,0,2,True,True,داشت,0.0,1.0,1.0,True,False,False,False
خارش کرد,2,0,0,True,True,کرد,0.0,0.0,1.0,False,False,False,False
خاطر داشت,2,2,0,True,True,داشت,1.0,0.0,0.0,False,False,False,False
خاطرنشان داشت,2,2,0,True,True,داشت,1.0,0.0,0.0,False,False,False,False
اتصال کرد,2,0,2,True,True,کرد,0.0,1.0,1.0,True,False,False,False
ماچ کرد,2,1,1,True,True,کرد,0.5,0.5,0.5,False,False,False,False
مایه کرد,2,2,0,True,True,کرد,1.0,0.0,0.0,False,False,False,False
مباحثه نمود,2,0,2,True,True,نمود,0.0,1.0,1.0,True,False,False,False
مأمور کرد,2,2,0,False,True,کرد,1.0,0.0,0.0,False,False,False,False
مأیوس کرد,2,1,0,False,True,کرد,0.5,0.0,0.5,False,False,False,False
گمان رفت,2,0,0,True,True,رفت,0.0,0.0,1.0,False,False,False,False
وضع کرد,2,2,0,True,True,کرد,1.0,0.0,0.0,False,False,False,False
وعده گذاشت,2,0,2,True,True,گذاشت,0.0,1.0,1.0,True,False,False,False
خبر کرد,2,2,0,True,True,کرد,1.0,0.0,0.0,False,False,False,False
ختم شد,2,0,2,True,True,شد,0.0,1.0,1.0,True,False,False,False
تلف کرد,2,2,0,True,True,کرد,1.0,0.0,0.0,False,False,False,False
بخیه شد,2,0,0,True,True,شد,0.0,0.0,1.0,False,False,False,False
عیب کرد,2,0,0,True,True,کرد,0.0,0.0,1.0,False,False,False,False
غارت شد,2,0,0,True,True,شد,0.0,0.0,1.0,False,False,False,False
بازپس گرفت,2,2,1,True,True,گرفت,1.0,0.5,0.0,False,False,False,False
کفالت کرد,2,1,1,True,True,کرد,0.5,0.5,0.5,False,False,False,False
شهادت داد,2,0,0,True,True,داد,0.0,0.0,1.0,False,False,False,False
پرورش یافت,2,0,0,True,True,یافت,0.0,0.0,1.0,False,False,False,False
گمراه کرد,2,2,0,False,True,کرد,1.0,0.0,0.0,False,False,False,False
مبتلا کرد,2,1,0,False,True,کرد,0.5,0.0,0.5,False,False,False,False
اجتناب شد,2,0,1,True,True,شد,0.0,0.5,1.0,True,False,False,False
حکم راند,2,0,2,True,True,راند,0.0,1.0,1.0,True,False,False,False
تمایز گذارد,2,0,2,True,True,گذارد,0.0,1.0,1.0,True,False,False,False
پس گرفت,2,2,0,True,True,گرفت,1.0,0.0,0.0,False,False,False,False
تلقی داشت,2,0,2,True,True,داشت,0.0,1.0,1.0,True,False,False,False
خاتمه یافت,2,0,0,True,True,یافت,0.0,0.0,1.0,False,False,False,False
خارج ساخت,2,2,0,False,True,ساخت,1.0,0.0,0.0,False,False,False,False
خارج شد,2,0,0,True,True,شد,0.0,0.0,1.0,False,False,False,False
باز گذاشت,2,2,0,False,True,گذاشت,1.0,0.0,0.0,False,False,False,False
بازبینی شد,2,0,0,True,True,شد,0.0,0.0,1.0,False,False,False,False
بارانداز شد,2,0,0,True,True,شد,0.0,0.0,1.0,False,False,False,False
کنار گذارد,2,2,0,True,True,گذارد,1.0,0.0,0.0,False,False,False,False
شیفته کرد,2,1,0,False,True,کرد,0.5,0.0,0.5,False,False,False,False
تند کرد,2,1,0,False,True,کرد,0.5,0.0,0.5,False,False,False,False
متهم ساخت,2,2,0,False,True,ساخت,1.0,0.0,0.0,False,False,False,False
معرفی فرمود,2,2,1,True,True,فرمود,1.0,0.5,0.0,False,False,False,False
گمان کرد,2,0,1,True,True,کرد,0.0,0.5,1.0,True,False,False,False
تملک شد,2,0,0,True,True,شد,0.0,0.0,1.0,False,False,False,False
وقف نمود,2,2,0,False,True,نمود,1.0,0.0,0.0,False,False,False,False
وقف کرد,2,2,0,False,True,کرد,1.0,0.0,0.0,False,False,False,False
پس داد,2,1,1,True,True,داد,0.5,0.5,0.5,False,False,False,False
بازنویسی کرد,2,2,0,True,True,کرد,1.0,0.0,0.0,False,False,False,False
اقرار داشت,2,0,2,True,True,داشت,0.0,1.0,1.0,True,False,False,False
گذر کرد,2,0,0,True,True,کرد,0.0,0.0,1.0,False,False,False,False
انگیزاند,2,2,0,False,False,,1.0,0.0,0.0,False,False,False,False
انصاف داد,2,0,2,True,True,داد,0.0,1.0,1.0,True,False,False,False
انطباق کرد,2,0,2,True,True,کرد,0.0,1.0,1.0,True,False,False,False
محافظت شد,2,0,2,True,True,شد,0.0,1.0,1.0,True,False,False,False
متوقف کرد,2,1,0,False,True,کرد,0.5,0.0,0.5,False,False,False,False
معالجه شد,2,0,0,True,True,شد,0.0,0.0,1.0,False,False,False,False
تندروی شد,2,0,1,True,True,شد,0.0,0.5,1.0,True,False,False,False
تندنویسی شد,2,0,0,True,True,شد,0.0,0.0,1.0,False,False,False,False
تنزیل شد,2,0,0,True,True,شد,0.0,0.0,1.0,False,False,False,False
تمیز کرد,2,2,0,False,True,کرد,1.0,0.0,0.0,False,False,False,False
پرهیز شد,2,0,2,True,True,شد,0.0,1.0,1.0,True,False,False,False
حضور یافت,2,0,2,True,True,یافت,0.0,1.0,1.0,True,False,False,False
حفاری شد,2,0,2,True,True,شد,0.0,1.0,1.0,True,False,False,False
عنوان داشت,2,1,0,True,True,داشت,0.5,0.0,0.5,False,False,False,False
عهد کرد,2,0,1,True,True,کرد,0.0,0.5,1.0,True,False,False,False
علامت‌گذاری شد,2,0,0,True,True,شد,0.0,0.0,1.0,False,False,False,False
حاکم کرد,2,2,0,False,True,کرد,1.0,0.0,0.0,False,False,False,False
تهیه نمود,2,2,0,True,True,نمود,1.0,0.0,0.0,False,False,False,False
حدس زد,2,2,0,True,True,زد,1.0,0.0,0.0,False,False,False,False
حرص خورد,2,0,0,True,True,خورد,0.0,0.0,1.0,False,False,False,False
تنقیح شد,2,0,0,True,True,شد,0.0,0.0,1.0,False,False,False,False
تنگ کرد,2,2,0,False,True,کرد,1.0,0.0,0.0,False,False,False,False
آویزان کرد,2,1,0,False,True,کرد,0.5,0.0,0.5,False,False,False,False
آگاه ساخت,2,2,0,False,True,ساخت,1.0,0.0,0.0,False,False,False,False
آموزاند,2,1,1,False,False,,0.5,0.5,0.5,False,False,False,False
محاسبه شد,2,0,0,True,True,شد,0.0,0.0,1.0,False,False,False,False
عملی ساخت,2,2,0,False,True,ساخت,1.0,0.0,0.0,False,False,False,False
نائل شد,2,0,0,True,True,شد,0.0,0.0,1.0,False,False,False,False
ناامید کرد,2,2,0,False,True,کرد,1.0,0.0,0.0,False,False,False,False
صبح کرد,2,0,0,False,True,کرد,0.0,0.0,1.0,False,False,False,False
اکران شد,2,0,1,True,True,شد,0.0,0.5,1.0,True,False,False,False
صلح کرد,2,0,1,True,True,کرد,0.0,0.5,1.0,True,False,False,False
طلب نمود,2,1,1,True,True,نمود,0.5,0.5,0.5,False,False,False,False
طبخ کرد,2,2,0,True,True,کرد,1.0,0.0,0.0,False,False,False,False
صورت کرد,2,0,0,True,True,کرد,0.0,0.0,1.0,False,False,False,False
اندازه گرفت,2,2,0,True,True,گرفت,1.0,0.0,0.0,False,False,False,False
پرده‌دری شد,2,0,1,True,True,شد,0.0,0.5,1.0,True,False,False,False
پرس شد,2,0,2,True,True,شد,0.0,1.0,1.0,True,False,False,False
جهانی کرد,2,2,0,False,True,کرد,1.0,0.0,0.0,False,False,False,False
توجه نمود,2,0,2,True,True,نمود,0.0,1.0,1.0,True,False,False,False
تودیع شد,2,0,0,True,True,شد,0.0,0.0,1.0,False,False,False,False
مصروف کرد,2,1,0,False,True,کرد,0.5,0.0,0.5,False,False,False,False
مصلحت دید,2,1,0,True,True,دید,0.5,0.0,0.5,False,False,False,False
محاکمه شد,2,0,0,True,True,شد,0.0,0.0,1.0,False,False,False,False
آوانگاری شد,2,0,0,True,True,شد,0.0,0.0,1.0,False,False,False,False
ته نشست,2,0,0,True,True,نشست,0.0,0.0,1.0,False,False,False,False
حاضر کرد,2,1,0,False,True,کرد,0.5,0.0,0.5,False,False,False,False
حال کرد,2,0,0,True,True,کرد,0.0,0.0,1.0,False,False,False,False
پاسخ‌گویی شد,2,0,0,True,True,شد,0.0,0.0,1.0,False,False,False,False
پا نشست,2,0,0,True,True,نشست,0.0,0.0,1.0,False,False,False,False
پارتیشن‌بندی شد,2,0,0,True,True,شد,0.0,0.0,1.0,False,False,False,False
پارتیشن‌بندی کرد,2,2,0,True,True,کرد,1.0,0.0,0.0,False,False,False,False
گول زد,2,2,0,True,True,زد,1.0,0.0,0.0,False,False,False,False
مدارا کرد,2,0,1,True,True,کرد,0.0,0.5,1.0,True,False,False,False
محل گذاشت,2,0,1,True,True,گذاشت,0.0,0.5,1.0,True,False,False,False
تهدید نمود,2,1,0,True,True,نمود,0.5,0.0,0.5,False,False,False,False
توفان شد,2,0,0,True,True,شد,0.0,0.0,1.0,False,False,False,False
پرت شد,2,0,2,True,True,شد,0.0,1.0,1.0,True,False,False,False
انتگرال‌گیری کرد,2,0,2,True,True,کرد,0.0,1.0,1.0,True,False,False,False
نابود ساخت,2,2,0,False,True,ساخت,1.0,0.0,0.0,False,False,False,False
اندازه‌گیری شد,2,0,0,True,True,شد,0.0,0.0,1.0,False,False,False,False
صید کرد,2,2,0,True,True,کرد,1.0,0.0,0.0,False,False,False,False
نجات بخشید,2,1,1,True,True,بخشید,0.5,0.5,0.5,False,False,False,False
ندیده گرفت,2,2,0,True,True,گرفت,1.0,0.0,0.0,False,False,False,False
عفو نمود,2,2,0,True,True,نمود,1.0,0.0,0.0,False,False,False,False
علامت گذارد,2,1,0,True,True,گذارد,0.5,0.0,0.5,False,False,False,False
عزل کرد,2,1,0,True,True,کرد,0.5,0.0,0.5,False,False,False,False
عزیز داشت,2,2,0,False,True,داشت,1.0,0.0,0.0,False,False,False,False
کوچ کرد,2,0,1,True,True,کرد,0.0,0.5,1.0,True,False,False,False
کوچک کرد,2,2,0,False,True,کرد,1.0,0.0,0.0,False,False,False,False
تکرار شد,2,0,0,True,True,شد,0.0,0.0,1.0,False,False,False,False
جریان داشت,2,0,1,True,True,داشت,0.0,0.5,1.0,True,False,False,False
جسارت شد,2,0,2,True,True,شد,0.0,1.0,1.0,True,False,False,False
آشکار کرد,2,2,0,False,True,کرد,1.0,0.0,0.0,False,False,False,False
آشکارسازی شد,2,0,0,True,True,شد,0.0,0.0,1.0,False,False,False,False
آسود,2,1,1,False,False,,0.5,0.5,0.5,False,False,False,False
مشخص ساخت,2,2,0,False,True,ساخت,1.0,0.0,0.0,False,False,False,False
مشغول کرد,2,0,0,False,True,کرد,0.0,0.0,1.0,False,False,False,False
مداخله شد,2,0,2,True,True,شد,0.0,1.0,1.0,True,False,False,False
پذیرایی نمود,2,0,1,True,True,نمود,0.0,0.5,1.0,True,False,False,False
جای‌گیری شد,2,0,1,True,True,شد,0.0,0.5,1.0,True,False,False,False
امدادرسانی شد,2,0,2,True,True,شد,0.0,1.0,1.0,True,False,False,False
امر فرمود,2,0,1,True,True,فرمود,0.0,0.5,1.0,True,False,False,False
امضا شد,2,0,0,True,True,شد,0.0,0.0,1.0,False,False,False,False
مرمت گشت,2,0,0,True,True,گشت,0.0,0.0,1.0,False,False,False,False
مساعدت داشت,2,2,0,False,True,داشت,1.0,0.0,0.0,False,False,False,False
مست شد,2,0,0,True,True,شد,0.0,0.0,1.0,False,False,False,False
پایه‌گذاری شد,2,0,1,True,True,شد,0.0,0.5,1.0,True,False,False,False
یراق کرد,2,1,0,True,True,کرد,0.5,0.0,0.5,False,False,False,False
‌شمرد,2,2,0,False,False,,1.0,0.0,0.0,False,False,False,False
امانت گذارد,2,2,2,True,True,گذارد,1.0,1.0,0.0,False,False,False,False
امتداد کرد,2,0,1,True,True,کرد,0.0,0.5,1.0,True,False,False,False
عرضه شد,2,0,1,True,True,شد,0.0,0.5,1.0,True,False,False,False
طپید,2,0,0,False,False,,0.0,0.0,1.0,False,False,False,False
ظاهر گشت,2,0,1,True,True,گشت,0.0,0.5,1.0,True,False,False,False
ظن برد,2,0,0,True,True,برد,0.0,0.0,1.0,False,False,False,False
رشادت کرد,2,0,0,True,True,کرد,0.0,0.0,1.0,False,False,False,False
رشک برد,2,0,2,True,True,برد,0.0,1.0,1.0,True,False,False,False
رعایت نمود,2,0,0,True,True,نمود,0.0,0.0,1.0,False,False,False,False
استمهال شد,2,0,1,True,True,شد,0.0,0.5,1.0,True,False,False,False
استناد داشت,2,0,2,True,True,داشت,0.0,1.0,1.0,True,False,False,False
قائل شد,2,2,1,True,True,شد,1.0,0.5,0.0,False,False,False,False
رفع شد,2,0,1,True,True,شد,0.0,0.5,1.0,True,False,False,False
رقص کرد,2,0,0,True,True,کرد,0.0,0.0,1.0,False,False,False,False
آزاد گذاشت,2,2,0,False,True,گذاشت,1.0,0.0,0.0,False,False,False,False
آسان کرد,2,2,0,False,True,کرد,1.0,0.0,0.0,False,False,False,False
مراعات شد,2,0,0,True,True,شد,0.0,0.0,1.0,False,False,False,False
مرافعه کرد,2,0,1,True,True,کرد,0.0,0.5,1.0,True,False,False,False
مشاهده شد,2,0,0,True,True,شد,0.0,0.0,1.0,False,False,False,False
ثبت شد,2,0,1,True,True,شد,0.0,0.5,1.0,True,False,False,False
جا داشت,2,0,0,True,True,داشت,0.0,0.0,1.0,False,False,False,False
جانمایی شد,2,0,0,True,True,شد,0.0,0.0,1.0,False,False,False,False
آرایش شد,1,0,1,True,True,شد,0.0,1.0,1.0,True,False,False,False
آرامید,1,0,0,False,False,,0.0,0.0,1.0,False,False,False,False
آرامش یافت,1,0,0,True,True,یافت,0.0,0.0,1.0,False,False,False,False
آراماند,1,1,1,False,False,,1.0,1.0,0.0,False,False,False,False
آدم‌فروشی کرد,1,0,0,False,True,کرد,0.0,0.0,1.0,False,False,False,False
آدم کرد,1,1,0,False,True,کرد,1.0,0.0,0.0,False,False,False,False
آستر شد,1,0,0,True,True,شد,0.0,0.0,1.0,False,False,False,False
آزرده ساخت,1,1,0,False,True,ساخت,1.0,0.0,0.0,False,False,False,False
آزار کرد,1,1,0,True,True,کرد,1.0,0.0,0.0,False,False,False,False
آزار شد,1,0,0,True,True,شد,0.0,0.0,1.0,False,False,False,False
آزاد ساخت,1,1,0,False,True,ساخت,1.0,0.0,0.0,False,False,False,False
یادداشت داشت,1,1,0,True,True,داشت,1.0,0.0,0.0,False,False,False,False
گیر داد,1,0,1,True,True,داد,0.0,1.0,1.0,True,False,False,False
گیر آورد,1,1,1,True,True,آورد,1.0,1.0,0.0,False,False,False,False
آشوبید,1,0,1,False,False,,0.0,1.0,1.0,True,False,False,False
آشنایی‌زدایی شد,1,0,0,True,True,شد,0.0,0.0,1.0,False,False,False,False
مستمر کرد,1,1,0,False,True,کرد,1.0,0.0,0.0,False,False,False,False
مستعمره کرد,1,1,0,False,True,کرد,1.0,0.0,0.0,False,False,False,False
مرزبندی شد,1,0,0,True,True,شد,0.0,0.0,1.0,False,False,False,False
مرد کرد,1,0,0,True,True,کرد,0.0,0.0,1.0,False,False,False,False
مرخص کرد,1,1,0,False,True,کرد,1.0,0.0,0.0,False,False,False,False
مرثیه‌سرایی شد,1,0,1,True,True,شد,0.0,1.0,1.0,True,False,False,False
مرتبط کرد,1,1,0,False,True,کرد,1.0,0.0,0.0,False,False,False,False
مسترد شد,1,0,0,True,True,شد,0.0,0.0,1.0,False,False,False,False
مستحکم کرد,1,1,0,False,True,کرد,1.0,0.0,0.0,False,False,False,False
مستأصل کرد,1,1,0,False,True,کرد,1.0,0.0,0.0,False,False,False,False
مسافرکشی کرد,1,0,0,True,True,کرد,0.0,0.0,1.0,False,False,False,False
مساعدت شد,1,0,0,True,True,شد,0.0,0.0,1.0,False,False,False,False
مسألت شد,1,0,0,True,True,شد,0.0,0.0,1.0,False,False,False,False
مزین کرد,1,0,0,False,True,کرد,0.0,0.0,1.0,False,False,False,False
مزه‌مزه شد,1,0,0,True,True,شد,0.0,0.0,1.0,False,False,False,False
مزمزه شد,1,0,0,True,True,شد,0.0,0.0,1.0,False,False,False,False
مشاهده گردید,1,0,0,True,True,گردید,0.0,0.0,1.0,False,False,False,False
مشاهده فرمود,1,1,0,True,True,فرمود,1.0,0.0,0.0,False,False,False,False
مراوده شد,1,0,1,True,True,شد,0.0,1.0,1.0,True,False,False,False
مراقبه کرد,1,0,0,True,True,کرد,0.0,0.0,1.0,False,False,False,False
مرافعه شد,1,0,1,True,True,شد,0.0,1.0,1.0,True,False,False,False
مراجعه کند,1,0,1,True,True,کند,0.0,1.0,1.0,True,False,False,False
مراجعه شد,1,0,1,True,True,شد,0.0,1.0,1.0,True,False,False,False
مراجعت شد,1,0,1,True,True,شد,0.0,1.0,1.0,True,False,False,False
مذمت شد,1,0,0,True,True,شد,0.0,0.0,1.0,False,False,False,False
مشارکت شد,1,0,1,True,True,شد,0.0,1.0,1.0,True,False,False,False
مشاجره شد,1,0,0,True,True,شد,0.0,0.0,1.0,False,False,False,False
مسموم کرد,1,1,0,False,True,کرد,1.0,0.0,0.0,False,False,False,False
مسلط نمود,1,1,0,False,True,نمود,1.0,0.0,0.0,False,False,False,False
مسخره کرد,1,1,0,True,True,کرد,1.0,0.0,0.0,False,False,False,False
مسجل ساخت,1,1,0,False,True,ساخت,1.0,0.0,0.0,False,False,False,False
مستند کرد,1,1,0,False,True,کرد,1.0,0.0,0.0,False,False,False,False
مشیت شد,1,0,0,True,True,شد,0.0,0.0,1.0,False,False,False,False
مشکی‌رنگ کرد,1,1,0,False,True,کرد,1.0,0.0,0.0,False,False,False,False
مشکل نمود,1,0,0,False,True,نمود,0.0,0.0,1.0,False,False,False,False
مشورت شد,1,0,1,True,True,شد,0.0,1.0,1.0,True,False,False,False
مشمول کرد,1,0,0,False,True,کرد,0.0,0.0,1.0,False,False,False,False
مذاکره شد,1,0,1,True,True,شد,0.0,1.0,1.0,True,False,False,False
مدیحه‌سرایی شد,1,0,0,True,True,شد,0.0,0.0,1.0,False,False,False,False
مدل‌برداری شد,1,0,0,True,True,شد,0.0,0.0,1.0,False,False,False,False
مدفون کرد,1,1,0,False,True,کرد,1.0,0.0,0.0,False,False,False,False
مدعی کرد,1,0,0,False,True,کرد,0.0,0.0,1.0,False,False,False,False
مدرسه‌سازی شد,1,0,0,True,True,شد,0.0,0.0,1.0,False,False,False,False
مدرسه کرد,1,1,0,False,True,کرد,1.0,0.0,0.0,False,False,False,False
مشتعل کرد,1,1,0,False,True,کرد,1.0,0.0,0.0,False,False,False,False
مشتبه کرد,1,0,0,False,True,کرد,0.0,0.0,1.0,False,False,False,False
مشاوره نمود,1,0,1,True,True,نمود,0.0,1.0,1.0,True,False,False,False
مشاوره شد,1,0,0,True,True,شد,0.0,0.0,1.0,False,False,False,False
مخاطب ساخت,1,1,0,False,True,ساخت,1.0,0.0,0.0,False,False,False,False
مخاصمه نمود,1,0,1,True,True,نمود,0.0,1.0,1.0,True,False,False,False
مخابره شد,1,0,1,True,True,شد,0.0,1.0,1.0,True,False,False,False
محکم‌کاری شد,1,0,1,True,True,شد,0.0,1.0,1.0,True,False,False,False
محکم کرد,1,1,0,False,True,کرد,1.0,0.0,0.0,False,False,False,False
محکم ساخت,1,1,0,False,True,ساخت,1.0,0.0,0.0,False,False,False,False
مداوا شد,1,0,0,True,True,شد,0.0,0.0,1.0,False,False,False,False
مخیر گردانید,1,1,0,False,True,گردانید,1.0,0.0,0.0,False,False,False,False
مخفی کرد,1,1,0,False,True,کرد,1.0,0.0,0.0,False,False,False,False
مخدوش کرد,1,1,0,False,True,کرد,1.0,0.0,0.0,False,False,False,False
مختل کرد,1,1,0,False,True,کرد,1.0,0.0,0.0,False,False,False,False
مختل ساخت,1,1,0,False,True,ساخت,1.0,0.0,0.0,False,False,False,False
مختصر کرد,1,0,0,False,True,کرد,0.0,0.0,1.0,False,False,False,False
مخالفت ورزید,1,0,1,True,True,ورزید,0.0,1.0,1.0,True,False,False,False
مخالفت نمود,1,0,1,True,True,نمود,0.0,1.0,1.0,True,False,False,False
مصاحبه شد,1,0,1,True,True,شد,0.0,1.0,1.0,True,False,False,False
مطمئن کرد,1,0,0,False,True,کرد,0.0,0.0,1.0,False,False,False,False
مطمئن ساخت,1,0,0,False,True,ساخت,0.0,0.0,1.0,False,False,False,False
مطلع کرد,1,0,0,False,True,کرد,0.0,0.0,1.0,False,False,False,False
مطرح نمود,1,1,0,False,True,نمود,1.0,0.0,0.0,False,False,False,False
مطالعه شد,1,0,0,True,True,شد,0.0,0.0,1.0,False,False,False,False
مطالبه گردید,1,0,0,True,True,گردید,0.0,0.0,1.0,False,False,False,False
مطابقه شد,1,0,1,True,True,شد,0.0,1.0,1.0,True,False,False,False
مضروب کرد,1,1,0,False,True,کرد,1.0,0.0,0.0,False,False,False,False
مضایقه شد,1,0,1,True,True,شد,0.0,1.0,1.0,True,False,False,False
مضاربه کرد,1,0,0,True,True,کرد,0.0,0.0,1.0,False,False,False,False
مصلوب کرد,1,1,0,False,True,کرد,1.0,0.0,0.0,False,False,False,False
مصلحت‌اندیشی شد,1,0,0,True,True,شد,0.0,0.0,1.0,False,False,False,False
مصرف نمود,1,1,0,True,True,نمود,1.0,0.0,0.0,False,False,False,False
مصالحه شد,1,0,0,True,True,شد,0.0,0.0,1.0,False,False,False,False
مخالفت شد,1,0,1,True,True,شد,0.0,1.0,1.0,True,False,False,False
مخاطب‌سازی شد,1,0,0,True,True,شد,0.0,0.0,1.0,False,False,False,False
مجهز ساخت,1,1,0,False,True,ساخت,1.0,0.0,0.0,False,False,False,False
مجسمه‌سازی کرد,1,0,0,True,True,کرد,0.0,0.0,1.0,False,False,False,False
مجسم شد,1,0,0,True,True,شد,0.0,0.0,1.0,False,False,False,False
مجری‌گری شد,1,0,0,True,True,شد,0.0,0.0,1.0,False,False,False,False
مجبور نمود,1,1,0,False,True,نمود,1.0,0.0,0.0,False,False,False,False
محل ساخت,1,1,0,False,True,ساخت,1.0,0.0,0.0,False,False,False,False
محقق کرد,1,1,0,False,True,کرد,1.0,0.0,0.0,False,False,False,False
محفوظ داشت,1,1,0,False,True,داشت,1.0,0.0,0.0,False,False,False,False
محشور نمود,1,1,0,False,True,نمود,1.0,0.0,0.0,False,False,False,False
محسوب گردید,1,0,0,True,True,گردید,0.0,0.0,1.0,False,False,False,False
محسوب داشت,1,1,0,True,True,داشت,1.0,0.0,0.0,False,False,False,False
محدود ساخت,1,1,0,False,True,ساخت,1.0,0.0,0.0,False,False,False,False
محبوس ساخت,1,1,0,False,True,ساخت,1.0,0.0,0.0,False,False,False,False
محبت شد,1,0,1,True,True,شد,0.0,1.0,1.0,True,False,False,False
محال ساخت,1,1,0,False,True,ساخت,1.0,0.0,0.0,False,False,False,False
مظلوم کرد,1,1,0,False,True,کرد,1.0,0.0,0.0,False,False,False,False
متعهد ساخت,1,1,0,False,True,ساخت,1.0,0.0,0.0,False,False,False,False
متعجب ساخت,1,1,0,False,True,ساخت,1.0,0.0,0.0,False,False,False,False
متصل کرد,1,1,0,False,True,کرد,1.0,0.0,0.0,False,False,False,False
متزلزل ساخت,1,1,0,False,True,ساخت,1.0,0.0,0.0,False,False,False,False
متحمل کرد,1,1,0,False,True,کرد,1.0,0.0,0.0,False,False,False,False
متحد کرد,1,1,0,False,True,کرد,1.0,0.0,0.0,False,False,False,False
متبلور ساخت,1,1,0,False,True,ساخت,1.0,0.0,0.0,False,False,False,False
معاوضه شد,1,0,1,True,True,شد,0.0,1.0,1.0,True,False,False,False
معاف کرد,1,1,0,False,True,کرد,1.0,0.0,0.0,False,False,False,False
معاف ساخت,1,1,0,False,True,ساخت,1.0,0.0,0.0,False,False,False,False
مظلوم‌نمایی شد,1,0,0,True,True,شد,0.0,0.0,1.0,False,False,False,False
مجاور کرد,1,1,0,False,True,کرد,1.0,0.0,0.0,False,False,False,False
مجازات شد,1,0,0,True,True,شد,0.0,0.0,1.0,False,False,False,False
مجادله شد,1,0,0,True,True,شد,0.0,0.0,1.0,False,False,False,False
مجیزگویی کرد,1,0,0,True,True,کرد,0.0,0.0,1.0,False,False,False,False
مجهز کرد,1,1,0,False,True,کرد,1.0,0.0,0.0,False,False,False,False
مبادله شد,1,0,0,True,True,شد,0.0,0.0,1.0,False,False,False,False
مبادرت شد,1,0,1,True,True,شد,0.0,1.0,1.0,True,False,False,False
مایه گذارد,1,0,1,True,True,گذارد,0.0,1.0,1.0,True,False,False,False
مانور شد,1,0,1,True,True,شد,0.0,1.0,1.0,True,False,False,False
مبعوث کرد,1,1,0,False,True,کرد,1.0,0.0,0.0,False,False,False,False
مباهات نمود,1,0,1,True,True,نمود,0.0,1.0,1.0,True,False,False,False
مبالغه شد,1,0,1,True,True,شد,0.0,1.0,1.0,True,False,False,False
مباشرت شد,1,0,1,True,True,شد,0.0,1.0,1.0,True,False,False,False
معلق کرد,1,1,0,False,True,کرد,1.0,0.0,0.0,False,False,False,False
معطر ساخت,1,1,0,False,True,ساخت,1.0,0.0,0.0,False,False,False,False
معروض کرد,1,0,0,False,True,کرد,0.0,0.0,1.0,False,False,False,False
معذرت‌خواهی شد,1,0,1,True,True,شد,0.0,1.0,1.0,True,False,False,False
متنبه نمود,1,1,0,False,True,نمود,1.0,0.0,0.0,False,False,False,False
متناسب ساخت,1,1,0,False,True,ساخت,1.0,0.0,0.0,False,False,False,False
متمرکز کرد,1,1,0,False,True,کرد,1.0,0.0,0.0,False,False,False,False
متقاعد کرد,1,1,0,False,True,کرد,1.0,0.0,0.0,False,False,False,False
لو داد,1,1,0,True,True,داد,1.0,0.0,0.0,False,False,False,False
له فرمود,1,1,0,True,True,فرمود,1.0,0.0,0.0,False,False,False,False
لنگ کرد,1,1,0,False,True,کرد,1.0,0.0,0.0,False,False,False,False
لمید,1,0,1,False,False,,0.0,1.0,1.0,True,False,False,False
لیزر شد,1,0,0,True,True,شد,0.0,0.0,1.0,False,False,False,False
لگد کرد,1,1,0,True,True,کرد,1.0,0.0,0.0,False,False,False,False
لکه‌زدایی شد,1,0,1,True,True,شد,0.0,1.0,1.0,True,False,False,False
لکه‌دار کرد,1,1,0,False,True,کرد,1.0,0.0,0.0,False,False,False,False
لکه شد,1,0,0,True,True,شد,0.0,0.0,1.0,False,False,False,False
مفارقت کرد,1,0,1,True,True,کرد,0.0,1.0,1.0,True,False,False,False
مغلطه شد,1,0,1,True,True,شد,0.0,1.0,1.0,True,False,False,False
مغالطه شد,1,0,0,True,True,شد,0.0,0.0,1.0,False,False,False,False
معیار کرد,1,0,0,False,True,کرد,0.0,0.0,1.0,False,False,False,False
مال داد,1,1,0,True,True,داد,1.0,0.0,0.0,False,False,False,False
مؤثر افتاد,1,0,0,True,True,افتاد,0.0,0.0,1.0,False,False,False,False
مؤاخذه فرمود,1,1,0,True,True,فرمود,1.0,0.0,0.0,False,False,False,False
مقدم داشت,1,1,0,False,True,داشت,1.0,0.0,0.0,False,False,False,False
مقدر کرد,1,0,0,False,True,کرد,0.0,0.0,1.0,False,False,False,False
مقبول آمد,1,0,0,True,True,آمد,0.0,0.0,1.0,False,False,False,False
لقب داد,1,0,1,True,True,داد,0.0,1.0,1.0,True,False,False,False
لغو کرد,1,1,0,True,True,کرد,1.0,0.0,0.0,False,False,False,False
لغو شد,1,0,0,True,True,شد,0.0,0.0,1.0,False,False,False,False
لعنت شد,1,0,0,True,True,شد,0.0,0.0,1.0,False,False,False,False
لعن کرد,1,1,0,True,True,کرد,1.0,0.0,0.0,False,False,False,False
لشگرکشی شد,1,0,1,True,True,شد,0.0,1.0,1.0,True,False,False,False
مقایسه گشت,1,0,1,True,True,گشت,0.0,1.0,1.0,True,False,False,False
مقایسه شد,1,0,1,True,True,شد,0.0,1.0,1.0,True,False,False,False
مقاوم‌سازی شد,1,0,0,True,True,شد,0.0,0.0,1.0,False,False,False,False
مقاومت نمود,1,0,0,True,True,نمود,0.0,0.0,1.0,False,False,False,False
مقابلت کرد,1,0,1,True,True,کرد,0.0,1.0,1.0,True,False,False,False
مفهوم‌سازی شد,1,0,0,True,True,شد,0.0,0.0,1.0,False,False,False,False
لک کرد,1,0,0,False,True,کرد,0.0,0.0,1.0,False,False,False,False
قیامت شد,1,0,0,True,True,شد,0.0,0.0,1.0,False,False,False,False
لجام شد,1,0,0,True,True,شد,0.0,0.0,1.0,False,False,False,False
لبالب کرد,1,1,0,False,True,کرد,1.0,0.0,0.0,False,False,False,False
لاپوشانی شد,1,0,0,True,True,شد,0.0,0.0,1.0,False,False,False,False
لانه‌گذاری شد,1,0,0,True,True,شد,0.0,0.0,1.0,False,False,False,False
لاس زد,1,0,0,True,True,زد,0.0,0.0,1.0,False,False,False,False
لشکرکشی کرد,1,0,1,True,True,کرد,0.0,1.0,1.0,True,False,False,False
لشکر کشید,1,0,1,True,True,کشید,0.0,1.0,1.0,True,False,False,False
لحظه‌شماری شد,1,0,1,True,True,شد,0.0,1.0,1.0,True,False,False,False
لحاظ شد,1,0,1,True,True,شد,0.0,1.0,1.0,True,False,False,False
ملاقات نمود,1,1,0,True,True,نمود,1.0,0.0,0.0,False,False,False,False
ملاطفت ورزید,1,0,1,True,True,ورزید,0.0,1.0,1.0,True,False,False,False
ملاحظه‌کاری کرد,1,0,1,True,True,کرد,0.0,1.0,1.0,True,False,False,False
ملاحظه نمود,1,1,0,True,True,نمود,1.0,0.0,0.0,False,False,False,False
مقدم کرد,1,1,0,False,True,کرد,1.0,0.0,0.0,False,False,False,False
مقدم نمود,1,1,0,False,True,نمود,1.0,0.0,0.0,False,False,False,False
قصاص شد,1,0,0,True,True,شد,0.0,0.0,1.0,False,False,False,False
قلقلک داد,1,1,0,True,True,داد,1.0,0.0,0.0,False,False,False,False
قلع کرد,1,1,0,True,True,کرد,1.0,0.0,0.0,False,False,False,False
قلدر کرد,1,0,0,True,True,کرد,0.0,0.0,1.0,False,False,False,False
قطعی کرد,1,0,0,False,True,کرد,0.0,0.0,1.0,False,False,False,False
قوی گرفت,1,1,0,False,True,گرفت,1.0,0.0,0.0,False,False,False,False
قوی کرد,1,1,0,False,True,کرد,1.0,0.0,0.0,False,False,False,False
قناعت نمود,1,0,1,True,True,نمود,0.0,1.0,1.0,True,False,False,False
منت نهاد,1,0,1,True,True,نهاد,0.0,1.0,1.0,True,False,False,False
ممهور نمود,1,1,0,False,True,نمود,1.0,0.0,0.0,False,False,False,False
ملول کرد,1,0,0,False,True,کرد,0.0,0.0,1.0,False,False,False,False
ملغی نمود,1,1,0,False,True,نمود,1.0,0.0,0.0,False,False,False,False
ملایمت کرد,1,0,0,True,True,کرد,0.0,0.0,1.0,False,False,False,False
ملایم کرد,1,1,0,False,True,کرد,1.0,0.0,0.0,False,False,False,False
لابی کرد,1,0,0,True,True,کرد,0.0,0.0,1.0,False,False,False,False
قید شد,1,0,0,True,True,شد,0.0,0.0,1.0,False,False,False,False
منفجر شد,1,0,0,True,True,شد,0.0,0.0,1.0,False,False,False,False
منعکس ساخت,1,1,0,False,True,ساخت,1.0,0.0,0.0,False,False,False,False
منع نمود,1,1,0,True,True,نمود,1.0,0.0,0.0,False,False,False,False
منع شد,1,0,1,True,True,شد,0.0,1.0,1.0,True,False,False,False
منظور شد,1,0,1,True,True,شد,0.0,1.0,1.0,True,False,False,False
منظور داشت,1,0,0,True,True,داشت,0.0,0.0,1.0,False,False,False,False
قدم‌رنجه نمود,1,0,0,True,True,نمود,0.0,0.0,1.0,False,False,False,False
قدم داشت,1,0,1,True,True,داشت,0.0,1.0,1.0,True,False,False,False
منصوب نمود,1,1,0,False,True,نمود,1.0,0.0,0.0,False,False,False,False
منصرف کرد,1,1,0,True,True,کرد,1.0,0.0,0.0,False,False,False,False
منصرف شد,1,0,0,True,True,شد,0.0,0.0,1.0,False,False,False,False
منزل کرد,1,0,0,True,True,کرد,0.0,0.0,1.0,False,False,False,False
منزل داشت,1,0,1,True,True,داشت,0.0,1.0,1.0,True,False,False,False
منحرف کرد,1,1,0,False,True,کرد,1.0,0.0,0.0,False,False,False,False
منتقل نمود,1,1,1,True,True,نمود,1.0,1.0,0.0,False,False,False,False
منتشر نمود,1,1,0,True,True,نمود,1.0,0.0,0.0,False,False,False,False
فیصله یافت,1,0,0,True,True,یافت,0.0,0.0,1.0,False,False,False,False
فیصله داد,1,1,0,True,True,داد,1.0,0.0,0.0,False,False,False,False
قایم شد,1,0,0,True,True,شد,0.0,0.0,1.0,False,False,False,False
قاچ کرد,1,0,0,True,True,کرد,0.0,0.0,1.0,False,False,False,False
قاپ زد,1,1,1,True,True,زد,1.0,1.0,0.0,False,False,False,False
قانون‌شکنی کرد,1,0,0,True,True,کرد,0.0,0.0,1.0,False,False,False,False
قدردانی شد,1,0,1,True,True,شد,0.0,1.0,1.0,True,False,False,False
قتل‌عام کرد,1,1,0,True,True,کرد,1.0,0.0,0.0,False,False,False,False
قتل شد,1,0,0,True,True,شد,0.0,0.0,1.0,False,False,False,False
قتل رسید,1,0,0,True,True,رسید,0.0,0.0,1.0,False,False,False,False
قتل رسانید,1,1,0,True,True,رسانید,1.0,0.0,0.0,False,False,False,False
قتل رساند,1,1,0,True,True,رساند,1.0,0.0,0.0,False,False,False,False
منکر کرد,1,1,0,False,True,کرد,1.0,0.0,0.0,False,False,False,False
منور ساخت,1,1,0,False,True,ساخت,1.0,0.0,0.0,False,False,False,False
منهدم ساخت,1,1,0,False,True,ساخت,1.0,0.0,0.0,False,False,False,False
منقاد کرد,1,0,0,False,True,کرد,0.0,0.0,1.0,False,False,False,False
فلش شد,1,0,0,True,True,شد,0.0,0.0,1.0,False,False,False,False
فلش زد,1,0,0,True,True,زد,0.0,0.0,1.0,False,False,False,False
فعالیت نمود,1,0,0,True,True,نمود,0.0,0.0,1.0,False,False,False,False
فشار گذاشت,1,1,0,False,True,گذاشت,1.0,0.0,0.0,False,False,False,False
فشار آمد,1,0,1,True,True,آمد,0.0,1.0,1.0,True,False,False,False
فکر شد,1,0,0,True,True,شد,0.0,0.0,1.0,False,False,False,False
فواره زد,1,0,1,True,True,زد,0.0,1.0,1.0,True,False,False,False
فهم شد,1,0,1,True,True,شد,0.0,1.0,1.0,True,False,False,False
مواجهه شد,1,0,1,True,True,شد,0.0,1.0,1.0,True,False,False,False
مواجه ساخت,1,1,0,False,True,ساخت,1.0,0.0,0.0,False,False,False,False
مهمان کرد,1,1,0,False,True,کرد,1.0,0.0,0.0,False,False,False,False
مهربانی نمود,1,0,1,True,True,نمود,0.0,1.0,1.0,True,False,False,False
قابل کرد,1,1,0,False,True,کرد,1.0,0.0,0.0,False,False,False,False
قائل کرد,1,1,0,True,True,کرد,1.0,0.0,0.0,False,False,False,False
فیلمبرداری کرد,1,1,0,True,True,کرد,1.0,0.0,0.0,False,False,False,False
فیضان کرد,1,0,1,True,True,کرد,0.0,1.0,1.0,True,False,False,False
فرصت کرد,1,1,0,False,True,کرد,1.0,0.0,0.0,False,False,False,False
فروش رفت,1,0,0,True,True,رفت,0.0,0.0,1.0,False,False,False,False
فروش رسید,1,0,0,True,True,رسید,0.0,0.0,1.0,False,False,False,False
فرهنگ‌سازی شد,1,0,0,True,True,شد,0.0,0.0,1.0,False,False,False,False
فرهنگ‌آفرینی کرد,1,0,0,True,True,کرد,0.0,0.0,1.0,False,False,False,False
فرموله کرد,1,1,0,True,True,کرد,1.0,0.0,0.0,False,False,False,False
فسرد,1,0,0,False,False,,0.0,0.0,1.0,False,False,False,False
فریز نمود,1,0,0,True,True,نمود,0.0,0.0,1.0,False,False,False,False
فریاد آورد,1,0,0,True,True,آورد,0.0,0.0,1.0,False,False,False,False
موعظه فرمود,1,1,0,True,True,فرمود,1.0,0.0,0.0,False,False,False,False
موظف کرد,1,1,0,False,True,کرد,1.0,0.0,0.0,False,False,False,False
موروثی کرد,1,1,0,False,True,کرد,1.0,0.0,0.0,False,False,False,False
موج گرفت,1,0,0,True,True,گرفت,0.0,0.0,1.0,False,False,False,False
موج خورد,1,0,0,True,True,خورد,0.0,0.0,1.0,False,False,False,False
موافقت نمود,1,0,1,True,True,نمود,0.0,1.0,1.0,True,False,False,False
موافقت فرمود,1,0,1,True,True,فرمود,0.0,1.0,1.0,True,False,False,False
غش رفت,1,0,0,True,True,رفت,0.0,0.0,1.0,False,False,False,False
غلتاند,1,0,0,False,False,,0.0,0.0,1.0,False,False,False,False
فالگیری کرد,1,0,0,True,True,کرد,0.0,0.0,1.0,False,False,False,False
فال گرفت,1,0,1,True,True,گرفت,0.0,1.0,1.0,True,False,False,False
فاش کرد,1,1,0,False,True,کرد,1.0,0.0,0.0,False,False,False,False
فایل شد,1,0,0,True,True,شد,0.0,0.0,1.0,False,False,False,False
فرد کرد,1,1,0,False,True,کرد,1.0,0.0,0.0,False,False,False,False
فراهم فرمود,1,1,0,True,True,فرمود,1.0,0.0,0.0,False,False,False,False
مکث کرد,1,0,1,True,True,کرد,0.0,1.0,1.0,True,False,False,False
مکان کرد,1,1,0,False,True,کرد,1.0,0.0,0.0,False,False,False,False
مچ‌گیری شد,1,0,0,True,True,شد,0.0,0.0,1.0,False,False,False,False
مویه کرد,1,0,0,True,True,کرد,0.0,0.0,1.0,False,False,False,False
موهوم‌پرستی کرد,1,0,0,True,True,کرد,0.0,0.0,1.0,False,False,False,False
مونولوگ کرد,1,0,0,True,True,کرد,0.0,0.0,1.0,False,False,False,False
فرمان‌روایی کرد,1,0,1,True,True,کرد,0.0,1.0,1.0,True,False,False,False
فرض شد,1,0,0,True,True,شد,0.0,0.0,1.0,False,False,False,False
عیان ساخت,1,1,0,False,True,ساخت,1.0,0.0,0.0,False,False,False,False
عکسبرداری کرد,1,0,1,True,True,کرد,0.0,1.0,1.0,True,False,False,False
عکس داشت,1,0,1,True,True,داشت,0.0,1.0,1.0,True,False,False,False
عوضی گرفت,1,1,0,False,True,گرفت,1.0,0.0,0.0,False,False,False,False
غرق کرد,1,1,0,False,True,کرد,1.0,0.0,0.0,False,False,False,False
غرش کرد,1,0,0,True,True,کرد,0.0,0.0,1.0,False,False,False,False
غرس کرد,1,1,0,True,True,کرد,1.0,0.0,0.0,False,False,False,False
غربال شد,1,0,0,True,True,شد,0.0,0.0,1.0,False,False,False,False
غبارروبی شد,1,0,0,True,True,شد,0.0,0.0,1.0,False,False,False,False
غارغار کرد,1,0,0,True,True,کرد,0.0,0.0,1.0,False,False,False,False
میزان کرد,1,1,0,True,True,کرد,1.0,0.0,0.0,False,False,False,False
میدان کرد,1,1,0,False,True,کرد,1.0,0.0,0.0,False,False,False,False
میان داشت,1,1,0,True,True,داشت,1.0,0.0,0.0,False,False,False,False
میان برد,1,1,0,True,True,برد,1.0,0.0,0.0,False,False,False,False
مکروه داشت,1,1,0,False,True,داشت,1.0,0.0,0.0,False,False,False,False
غصب نمود,1,1,0,False,True,نمود,1.0,0.0,0.0,False,False,False,False
عطا نمود,1,1,1,True,True,نمود,1.0,1.0,0.0,False,False,False,False
عطا فرمود,1,1,0,True,True,فرمود,1.0,0.0,0.0,False,False,False,False
عصب‌کشی شد,1,0,0,True,True,شد,0.0,0.0,1.0,False,False,False,False
عصبانی کرد,1,0,0,False,True,کرد,0.0,0.0,1.0,False,False,False,False
عقب‌نشینی نمود,1,0,1,True,True,نمود,0.0,1.0,1.0,True,False,False,False
عقب‌نشینی شد,1,0,1,True,True,شد,0.0,1.0,1.0,True,False,False,False
عق گرفت,1,0,0,True,True,گرفت,0.0,0.0,1.0,False,False,False,False
عفو کرد,1,1,0,True,True,کرد,1.0,0.0,0.0,False,False,False,False
نابود نمود,1,1,0,True,True,نمود,1.0,0.0,0.0,False,False,False,False
میل نمود,1,1,0,True,True,نمود,1.0,0.0,0.0,False,False,False,False
عمر کرد,1,0,1,True,True,کرد,0.0,1.0,1.0,True,False,False,False
عود کرد,1,1,1,True,True,کرد,1.0,1.0,0.0,False,False,False,False
عنایت فرمود,1,1,1,True,True,فرمود,1.0,1.0,0.0,False,False,False,False
عملیاتی نمود,1,1,0,False,True,نمود,1.0,0.0,0.0,False,False,False,False
عید گرفت,1,1,0,True,True,گرفت,1.0,0.0,0.0,False,False,False,False
عیان کرد,1,1,0,False,True,کرد,1.0,0.0,0.0,False,False,False,False
نام نهاد,1,0,1,True,True,نهاد,0.0,1.0,1.0,True,False,False,False
نام داشت,1,1,0,False,True,داشت,1.0,0.0,0.0,False,False,False,False
ظهور یافت,1,0,1,True,True,یافت,0.0,1.0,1.0,True,False,False,False
ظن برید,1,0,1,True,True,برید,0.0,1.0,1.0,True,False,False,False
ظاهر کرد,1,0,0,True,True,کرد,0.0,0.0,1.0,False,False,False,False
طی نمود,1,1,0,True,True,نمود,1.0,0.0,0.0,False,False,False,False
طولانی کرد,1,1,0,False,True,کرد,1.0,0.0,0.0,False,False,False,False
ناشکری کرد,1,0,0,False,True,کرد,0.0,0.0,1.0,False,False,False,False
نازک کرد,1,1,0,False,True,کرد,1.0,0.0,0.0,False,False,False,False
نازل فرمود,1,1,0,True,True,فرمود,1.0,0.0,0.0,False,False,False,False
ناز کشید,1,0,0,True,True,کشید,0.0,0.0,1.0,False,False,False,False
عداوت نورزید,1,0,1,True,True,نورزید,0.0,1.0,1.0,True,False,False,False
عدالت ورزید,1,0,1,True,True,ورزید,0.0,1.0,1.0,True,False,False,False
عجله شد,1,0,1,True,True,شد,0.0,1.0,1.0,True,False,False,False
عادت‌زدایی شد,1,0,1,True,True,شد,0.0,1.0,1.0,True,False,False,False
عرق کرد,1,0,0,True,True,کرد,0.0,0.0,1.0,False,False,False,False
ضروری نمود,1,0,0,False,True,نمود,0.0,0.0,1.0,False,False,False,False
ضرر کرد,1,0,1,False,True,کرد,0.0,1.0,1.0,True,False,False,False
ضرب گرفت,1,0,0,True,True,گرفت,0.0,0.0,1.0,False,False,False,False
طعن زد,1,0,0,True,True,زد,0.0,0.0,1.0,False,False,False,False
طرد شد,1,0,1,True,True,شد,0.0,1.0,1.0,True,False,False,False
طرح شد,1,0,0,True,True,شد,0.0,0.0,1.0,False,False,False,False
طوفان کرد,1,0,0,True,True,کرد,0.0,0.0,1.0,False,False,False,False
طواف نمود,1,0,0,True,True,نمود,0.0,0.0,1.0,False,False,False,False
طمع کرد,1,0,1,True,True,کرد,0.0,1.0,1.0,True,False,False,False
طمع بست,1,0,1,True,True,بست,0.0,1.0,1.0,True,False,False,False
طلوع نمود,1,0,1,True,True,نمود,0.0,1.0,1.0,True,False,False,False
طلبکاری کرد,1,0,1,True,True,کرد,0.0,1.0,1.0,True,False,False,False
نتیجه رسید,1,0,0,True,True,رسید,0.0,0.0,1.0,False,False,False,False
نبش شد,1,0,0,True,True,شد,0.0,0.0,1.0,False,False,False,False
نام‌گذاری کرد,1,0,0,True,True,کرد,0.0,0.0,1.0,False,False,False,False
نامه زد,1,0,1,True,True,زد,0.0,1.0,1.0,True,False,False,False
صادر نمود,1,1,0,True,True,نمود,1.0,0.0,0.0,False,False,False,False
صادر داشت,1,1,0,True,True,داشت,1.0,0.0,0.0,False,False,False,False
صاحب کرد,1,1,0,False,True,کرد,1.0,0.0,0.0,False,False,False,False
شیو کرد,1,1,0,True,True,کرد,1.0,0.0,0.0,False,False,False,False
صدقه داد,1,1,0,True,True,داد,1.0,0.0,0.0,False,False,False,False
صحبت نمود,1,0,1,True,True,نمود,0.0,1.0,1.0,True,False,False,False
صعود یافت,1,0,1,True,True,یافت,0.0,1.0,1.0,True,False,False,False
صعود داد,1,0,0,True,True,داد,0.0,0.0,1.0,False,False,False,False
صرف‌نظر کرد,1,0,1,True,True,کرد,0.0,1.0,1.0,True,False,False,False
صرفه‌جویی شد,1,0,1,True,True,شد,0.0,1.0,1.0,True,False,False,False
نخ کرد,1,1,0,True,True,کرد,1.0,0.0,0.0,False,False,False,False
نثار نمود,1,1,0,True,True,نمود,1.0,0.0,0.0,False,False,False,False
ضبط نهاد,1,0,0,True,True,نهاد,0.0,0.0,1.0,False,False,False,False
صیقل کرد,1,1,0,True,True,کرد,1.0,0.0,0.0,False,False,False,False
صیحه کشت,1,0,0,True,True,کشت,0.0,0.0,1.0,False,False,False,False
ضعیف کرد,1,1,0,False,True,کرد,1.0,0.0,0.0,False,False,False,False
شفقت ورزیده‌اند,1,0,1,True,True,ورزیده‌اند,0.0,1.0,1.0,True,False,False,False
شهادت رسید,1,0,0,True,True,رسید,0.0,0.0,1.0,False,False,False,False
شکار شد,1,0,0,True,True,شد,0.0,0.0,1.0,False,False,False,False
شک داشت,1,0,1,True,True,داشت,0.0,1.0,1.0,True,False,False,False
شوکه کرد,1,1,0,False,True,کرد,1.0,0.0,0.0,False,False,False,False
شوق کرد,1,1,0,False,True,کرد,1.0,0.0,0.0,False,False,False,False
شکسته کرد,1,0,0,False,True,کرد,0.0,0.0,1.0,False,False,False,False
شکایت برد,1,0,1,True,True,برد,0.0,1.0,1.0,True,False,False,False
شکاند,1,1,0,False,False,,1.0,0.0,0.0,False,False,False,False
نشان گرفت,1,1,0,True,True,گرفت,1.0,0.0,0.0,False,False,False,False
نشا کرد,1,0,0,True,True,کرد,0.0,0.0,1.0,False,False,False,False
نزول فرمود,1,0,1,True,True,فرمود,0.0,1.0,1.0,True,False,False,False
شیرین کرد,1,1,0,False,True,کرد,1.0,0.0,0.0,False,False,False,False
شگفت‌زده کرد,1,1,0,False,True,کرد,1.0,0.0,0.0,False,False,False,False
صبر نمود,1,0,0,True,True,نمود,0.0,0.0,1.0,False,False,False,False
صادر گشت,1,0,1,True,True,گشت,0.0,1.0,1.0,True,False,False,False
سی‌تی‌اسکن گرفت,1,0,1,True,True,گرفت,0.0,1.0,1.0,True,False,False,False
سیلی زد,1,0,1,True,True,زد,0.0,1.0,1.0,True,False,False,False
سیراب کرد,1,1,0,False,True,کرد,1.0,0.0,0.0,False,False,False,False
شبستان گذاشت,1,1,0,False,True,گذاشت,1.0,0.0,0.0,False,False,False,False
شب کرد,1,1,0,False,True,کرد,1.0,0.0,0.0,False,False,False,False
شایع کرد,1,0,0,False,True,کرد,0.0,0.0,1.0,False,False,False,False
شروع گردید,1,0,1,True,True,گردید,0.0,1.0,1.0,True,False,False,False
شخم خورد,1,0,0,True,True,خورد,0.0,0.0,1.0,False,False,False,False
نصب نمود,1,1,0,True,True,نمود,1.0,0.0,0.0,False,False,False,False
نشانه گذارد,1,1,0,True,True,گذارد,1.0,0.0,0.0,False,False,False,False
شعله‌ور نمود,1,1,0,True,True,نمود,1.0,0.0,0.0,False,False,False,False
شعار داد,1,0,0,True,True,داد,0.0,0.0,1.0,False,False,False,False
شرکت نمود,1,0,1,True,True,نمود,0.0,1.0,1.0,True,False,False,False
شرک ورزید,1,0,1,True,True,ورزید,0.0,1.0,1.0,True,False,False,False
شمارد,1,1,0,False,False,,1.0,0.0,0.0,False,False,False,False
شلوغ کرد,1,0,0,False,True,کرد,0.0,0.0,1.0,False,False,False,False
سود کرد,1,0,0,True,True,کرد,0.0,0.0,1.0,False,False,False,False
سود برد,1,0,1,True,True,برد,0.0,1.0,1.0,True,False,False,False
سکندری رفت,1,0,0,True,True,رفت,0.0,0.0,1.0,False,False,False,False
سپری نمود,1,1,0,True,True,نمود,1.0,0.0,0.0,False,False,False,False
سپری شد,1,0,0,True,True,شد,0.0,0.0,1.0,False,False,False,False
سپر کرد,1,1,0,False,True,کرد,1.0,0.0,0.0,False,False,False,False
سیراب نمود,1,1,0,False,True,نمود,1.0,0.0,0.0,False,False,False,False
سیاه‌پوش کرد,1,1,0,False,True,کرد,1.0,0.0,0.0,False,False,False,False
سکونت گزید,1,0,1,True,True,گزید,0.0,1.0,1.0,True,False,False,False
سکونت نمود,1,0,1,True,True,نمود,0.0,1.0,1.0,True,False,False,False
سکنی گزید,1,0,0,True,True,گزید,0.0,0.0,1.0,False,False,False,False
سکنی داشت,1,0,1,True,True,داشت,0.0,1.0,1.0,True,False,False,False
نظافت شد,1,0,0,True,True,شد,0.0,0.0,1.0,False,False,False,False
شاشید,1,0,0,False,False,,0.0,0.0,1.0,False,False,False,False
شاد کرد,1,1,0,False,True,کرد,1.0,0.0,0.0,False,False,False,False
شاد داشت,1,1,0,False,True,داشت,1.0,0.0,0.0,False,False,False,False
سرگرم داشت,1,1,0,False,True,داشت,1.0,0.0,0.0,False,False,False,False
سرکوب شد,1,0,0,True,True,شد,0.0,0.0,1.0,False,False,False,False
سرک کشید,1,0,1,True,True,کشید,0.0,1.0,1.0,True,False,False,False
سلاح کرد,1,1,0,False,True,کرد,1.0,0.0,0.0,False,False,False,False
سفیدک زد,1,0,0,True,True,زد,0.0,0.0,1.0,False,False,False,False
سعی ورزید,1,0,0,True,True,ورزید,0.0,0.0,1.0,False,False,False,False
سلب نمود,1,1,1,True,True,نمود,1.0,1.0,0.0,False,False,False,False
سلب شد,1,0,0,True,True,شد,0.0,0.0,1.0,False,False,False,False
نقره‌داغ کرد,1,1,0,False,True,کرد,1.0,0.0,0.0,False,False,False,False
نفس کشت,1,0,0,True,True,کشت,0.0,0.0,1.0,False,False,False,False
نفرت ورزید,1,0,0,True,True,ورزید,0.0,0.0,1.0,False,False,False,False
سوء‌استفاده کرد,1,0,1,True,True,کرد,0.0,1.0,1.0,True,False,False,False
سوءظن ساخت,1,1,0,False,True,ساخت,1.0,0.0,0.0,False,False,False,False
سوء شد,1,0,0,True,True,شد,0.0,0.0,1.0,False,False,False,False
سنگین کرد,1,1,0,False,True,کرد,1.0,0.0,0.0,False,False,False,False
سورمه نمود,1,0,0,False,True,نمود,0.0,0.0,1.0,False,False,False,False
سر داشت,1,0,0,True,True,داشت,0.0,0.0,1.0,False,False,False,False
سخنوری کرد,1,0,0,True,True,کرد,0.0,0.0,1.0,False,False,False,False
سرسختی کرد,1,0,0,True,True,کرد,0.0,0.0,1.0,False,False,False,False
سرزنش شد,1,0,0,True,True,شد,0.0,0.0,1.0,False,False,False,False
سرافکنده کرد,1,1,0,False,True,کرد,1.0,0.0,0.0,False,False,False,False
سرو کرد,1,1,1,True,True,کرد,1.0,1.0,0.0,False,False,False,False
سرو نمود,1,0,0,True,True,نمود,0.0,0.0,1.0,False,False,False,False
سرنگون ساخت,1,1,0,True,True,ساخت,1.0,0.0,0.0,False,False,False,False
سرشار کرد,1,1,0,False,True,کرد,1.0,0.0,0.0,False,False,False,False
نماد کرد,1,1,0,False,True,کرد,1.0,0.0,0.0,False,False,False,False
نق‌نق کرد,1,0,0,True,True,کرد,0.0,0.0,1.0,False,False,False,False
نقل شد,1,0,0,True,True,شد,0.0,0.0,1.0,False,False,False,False
نقض نمود,1,0,0,True,True,نمود,0.0,0.0,1.0,False,False,False,False
نقش کرد,1,1,1,True,True,کرد,1.0,1.0,0.0,False,False,False,False
نقش نمود,1,1,0,False,True,نمود,1.0,0.0,0.0,False,False,False,False
سعی داشت,1,0,0,True,True,داشت,0.0,0.0,1.0,False,False,False,False
ساده‌زیستی کرد,1,0,0,True,True,کرد,0.0,0.0,1.0,False,False,False,False
ستم شد,1,0,1,True,True,شد,0.0,1.0,1.0,True,False,False,False
سبز زد,1,0,0,False,True,زد,0.0,0.0,1.0,False,False,False,False
سایید,1,1,0,False,False,,1.0,0.0,0.0,False,False,False,False
ساماندهی کرد,1,1,0,True,True,کرد,1.0,0.0,0.0,False,False,False,False
سخت گرفت,1,0,0,False,True,گرفت,0.0,0.0,1.0,False,False,False,False
سخت کرد,1,1,0,False,True,کرد,1.0,0.0,0.0,False,False,False,False
سحق کرد,1,0,0,True,True,کرد,0.0,0.0,1.0,False,False,False,False
سجده نمود,1,0,0,True,True,نمود,0.0,0.0,1.0,False,False,False,False
ستم ورزید,1,0,0,True,True,ورزید,0.0,0.0,1.0,False,False,False,False
ستم نمود,1,0,1,True,True,نمود,0.0,1.0,1.0,True,False,False,False
نمونه‌برداری شد,1,0,0,True,True,شد,0.0,0.0,1.0,False,False,False,False
نمایش گذاشت,1,1,0,True,True,گذاشت,1.0,0.0,0.0,False,False,False,False
نمایان کرد,1,1,0,False,True,کرد,1.0,0.0,0.0,False,False,False,False
نمایان ساخت,1,1,0,False,True,ساخت,1.0,0.0,0.0,False,False,False,False
نماز ایستاد,1,0,0,True,True,ایستاد,0.0,0.0,1.0,False,False,False,False
زحمت کشید,1,0,0,True,True,کشید,0.0,0.0,1.0,False,False,False,False
زن گرفت,1,0,1,True,True,گرفت,0.0,1.0,1.0,True,False,False,False
زمین‌گیر کرد,1,0,0,False,True,کرد,0.0,0.0,1.0,False,False,False,False
زیرآب زد,1,0,0,True,True,زد,0.0,0.0,1.0,False,False,False,False
زیباانگاری کرد,1,0,0,True,True,کرد,0.0,0.0,1.0,False,False,False,False
زیبا کرد,1,1,0,False,True,کرد,1.0,0.0,0.0,False,False,False,False
زیاد کرد,1,1,0,False,True,کرد,1.0,0.0,0.0,False,False,False,False
زور گفت,1,0,1,True,True,گفت,0.0,1.0,1.0,True,False,False,False
نهی شد,1,0,0,True,True,شد,0.0,0.0,1.0,False,False,False,False
نهان کرد,1,1,0,False,True,کرد,1.0,0.0,0.0,False,False,False,False
نهادینه کرد,1,1,0,False,True,کرد,1.0,0.0,0.0,False,False,False,False
زیپ کرد,1,1,0,False,True,کرد,1.0,0.0,0.0,False,False,False,False
زینت نمود,1,1,1,True,True,نمود,1.0,1.0,0.0,False,False,False,False
زیست کرد,1,0,1,True,True,کرد,0.0,1.0,1.0,True,False,False,False
سال کرد,1,0,0,True,True,کرد,0.0,0.0,1.0,False,False,False,False
سازماندهی شد,1,0,0,True,True,شد,0.0,0.0,1.0,False,False,False,False
روبرو کرد,1,0,0,False,True,کرد,0.0,0.0,1.0,False,False,False,False
روایت شد,1,0,0,True,True,شد,0.0,0.0,1.0,False,False,False,False
رونق بخشید,1,1,0,True,True,بخشید,1.0,0.0,0.0,False,False,False,False
ریشه زد,1,0,1,True,True,زد,0.0,1.0,1.0,True,False,False,False
ریزش نمود,1,0,0,True,True,نمود,0.0,0.0,1.0,False,False,False,False
ریز کرد,1,1,0,False,True,کرد,1.0,0.0,0.0,False,False,False,False
زادآوری کرد,1,0,0,True,True,کرد,0.0,0.0,1.0,False,False,False,False
زاد,1,0,0,False,False,,0.0,0.0,1.0,False,False,False,False
ریشه‌کن کرد,1,1,0,False,True,کرد,1.0,0.0,0.0,False,False,False,False
نومید کرد,1,0,0,False,True,کرد,0.0,0.0,1.0,False,False,False,False
نوع شد,1,0,0,True,True,شد,0.0,0.0,1.0,False,False,False,False
نوش کرد,1,0,0,True,True,کرد,0.0,0.0,1.0,False,False,False,False
نوش نمود,1,0,0,True,True,نمود,0.0,0.0,1.0,False,False,False,False
نوسازی شد,1,0,0,True,True,شد,0.0,0.0,1.0,False,False,False,False
زشت کرد,1,1,0,False,True,کرد,1.0,0.0,0.0,False,False,False,False
زخم خورد,1,0,0,True,True,خورد,0.0,0.0,1.0,False,False,False,False
رنجور ساخت,1,1,0,False,True,ساخت,1.0,0.0,0.0,False,False,False,False
رنجانید,1,1,0,False,False,,1.0,0.0,0.0,False,False,False,False
رمید,1,0,0,False,False,,0.0,0.0,1.0,False,False,False,False
رهنمون کرد,1,1,1,True,True,کرد,1.0,1.0,0.0,False,False,False,False
رهنمون شد,1,1,1,True,True,شد,1.0,1.0,0.0,False,False,False,False
رهنما کرد,1,1,1,True,True,کرد,1.0,1.0,0.0,False,False,False,False
رها نمود,1,1,0,False,True,نمود,1.0,0.0,0.0,False,False,False,False
نگاه شد,1,0,1,True,True,شد,0.0,1.0,1.0,True,False,False,False
نکو داشت,1,1,0,False,True,داشت,1.0,0.0,0.0,False,False,False,False
نونوار کرد,1,1,0,False,True,کرد,1.0,0.0,0.0,False,False,False,False
روانه شد,1,0,0,True,True,شد,0.0,0.0,1.0,False,False,False,False
روانه ساخت,1,1,0,False,True,ساخت,1.0,0.0,0.0,False,False,False,False
رواج یافت,1,0,1,True,True,یافت,0.0,1.0,1.0,True,False,False,False
روشن نمود,1,1,0,False,True,نمود,1.0,0.0,0.0,False,False,False,False
روز افتاد,1,0,1,True,True,افتاد,0.0,1.0,1.0,True,False,False,False
روبه‌رو کرد,1,0,0,False,True,کرد,0.0,0.0,1.0,False,False,False,False
رسوا ساخت,1,1,0,False,True,ساخت,1.0,0.0,0.0,False,False,False,False
رسم کرد,1,1,0,True,True,کرد,1.0,0.0,0.0,False,False,False,False
ردیابی شد,1,0,0,True,True,شد,0.0,0.0,1.0,False,False,False,False
رفتار شد,1,0,1,True,True,شد,0.0,1.0,1.0,True,False,False,False
رفت شد,1,0,0,True,True,شد,0.0,0.0,1.0,False,False,False,False
رفت داشت,1,0,0,True,True,داشت,0.0,0.0,1.0,False,False,False,False
رعایت شد,1,0,0,True,True,شد,0.0,0.0,1.0,False,False,False,False
رضا داد,1,0,1,True,True,داد,0.0,1.0,1.0,True,False,False,False
رشت,1,1,0,False,False,,1.0,0.0,0.0,False,False,False,False
نیاز داشت,1,1,0,True,True,داشت,1.0,0.0,0.0,False,False,False,False
نگهداری شد,1,0,0,True,True,شد,0.0,0.0,1.0,False,False,False,False
رم کرد,1,0,1,True,True,کرد,0.0,1.0,1.0,True,False,False,False
رقابت کرد,1,0,1,True,True,کرد,0.0,1.0,1.0,True,False,False,False
رفو کرد,1,1,0,False,True,کرد,1.0,0.0,0.0,False,False,False,False
رفعت داد,1,1,0,True,True,داد,1.0,0.0,0.0,False,False,False,False
رنگ باخت,1,0,0,True,True,باخت,0.0,0.0,1.0,False,False,False,False
راست‌نمایی کرد,1,0,0,True,True,کرد,0.0,0.0,1.0,False,False,False,False
راست گردانید,1,1,0,False,True,گردانید,1.0,0.0,0.0,False,False,False,False
راحت کرد,1,1,0,False,True,کرد,1.0,0.0,0.0,False,False,False,False
رؤیت شد,1,0,0,True,True,شد,0.0,0.0,1.0,False,False,False,False
رایت نمود,1,0,1,True,True,نمود,0.0,1.0,1.0,True,False,False,False
راکد کرد,1,1,0,False,True,کرد,1.0,0.0,0.0,False,False,False,False
راه کرد,1,0,1,True,True,کرد,0.0,1.0,1.0,True,False,False,False
هدف‌گیری شد,1,0,0,True,True,شد,0.0,0.0,1.0,False,False,False,False
هدف‌گذاری شد,1,0,1,True,True,شد,0.0,1.0,1.0,True,False,False,False
هدف گرفت,1,1,0,True,True,گرفت,1.0,0.0,0.0,False,False,False,False
هدایت شد,1,0,0,True,True,شد,0.0,0.0,1.0,False,False,False,False
هتک کرد,1,0,0,True,True,کرد,0.0,0.0,1.0,False,False,False,False
رخ کشت,1,1,0,True,True,کشت,1.0,0.0,0.0,False,False,False,False
رخ کشاند,1,1,0,True,True,کشاند,1.0,0.0,0.0,False,False,False,False
رحمت آورد,1,0,0,True,True,آورد,0.0,0.0,1.0,False,False,False,False
رسیدگی شد,1,0,1,True,True,شد,0.0,1.0,1.0,True,False,False,False
دوستی ورزید,1,0,1,True,True,ورزید,0.0,1.0,1.0,True,False,False,False
دوری نمود,1,0,1,True,True,نمود,0.0,1.0,1.0,True,False,False,False
دور ساخت,1,1,0,False,True,ساخت,1.0,0.0,0.0,False,False,False,False
دگرگون شد,1,0,0,True,True,شد,0.0,0.0,1.0,False,False,False,False
دکود کرد,1,1,0,True,True,کرد,1.0,0.0,0.0,False,False,False,False
دچار ساخت,1,1,0,False,True,ساخت,1.0,0.0,0.0,False,False,False,False
دوچندان کرد,1,1,0,False,True,کرد,1.0,0.0,0.0,False,False,False,False
دوچرخه زد,1,0,0,True,True,زد,0.0,0.0,1.0,False,False,False,False
دوم کرد,1,0,0,False,True,کرد,0.0,0.0,1.0,False,False,False,False
هم رساند,1,0,0,True,True,رساند,0.0,0.0,1.0,False,False,False,False
هلاک ساخت,1,1,0,False,True,ساخت,1.0,0.0,0.0,False,False,False,False
هرس کرد,1,1,0,True,True,کرد,1.0,0.0,0.0,False,False,False,False
هدیه شد,1,0,1,True,True,شد,0.0,1.0,1.0,True,False,False,False
رأی داد,1,0,0,True,True,داد,0.0,0.0,1.0,False,False,False,False
ذبح کرد,1,1,0,True,True,کرد,1.0,0.0,0.0,False,False,False,False
دینی کرد,1,1,0,False,True,کرد,1.0,0.0,0.0,False,False,False,False
دل‌تنگی کرد,1,0,0,True,True,کرد,0.0,0.0,1.0,False,False,False,False
دلار داد,1,0,0,True,True,داد,0.0,0.0,1.0,False,False,False,False
دندان‌قروچه کرد,1,0,0,True,True,کرد,0.0,0.0,1.0,False,False,False,False
دندان‌سازی کرد,1,0,0,True,True,کرد,0.0,0.0,1.0,False,False,False,False
دندان کرد,1,0,0,True,True,کرد,0.0,0.0,1.0,False,False,False,False
دنبال گشت,1,0,0,True,True,گشت,0.0,0.0,1.0,False,False,False,False
دم کرد,1,1,0,True,True,کرد,1.0,0.0,0.0,False,False,False,False
همراه ساخت,1,1,0,False,True,ساخت,1.0,0.0,0.0,False,False,False,False
همت کرد,1,0,0,True,True,کرد,0.0,0.0,1.0,False,False,False,False
هماهنگ کرد,1,1,0,False,True,کرد,1.0,0.0,0.0,False,False,False,False
دور ریخت,1,0,0,True,True,ریخت,0.0,0.0,1.0,False,False,False,False
دور داشت,1,1,0,False,True,داشت,1.0,0.0,0.0,False,False,False,False
دوباره‌نویسی شد,1,0,0,True,True,شد,0.0,0.0,1.0,False,False,False,False
دوام یافت,1,0,0,True,True,یافت,0.0,0.0,1.0,False,False,False,False
دنگ گرفت,1,0,0,True,True,گرفت,0.0,0.0,1.0,False,False,False,False
دوش گرفت,1,0,0,True,True,گرفت,0.0,0.0,1.0,False,False,False,False
دست برید,1,0,1,True,True,برید,0.0,1.0,1.0,True,False,False,False
دزدی نمود,1,0,0,True,True,نمود,0.0,0.0,1.0,False,False,False,False
دریغ ورزید,1,0,1,True,True,ورزید,0.0,1.0,1.0,True,False,False,False
دست‌خوش کرد,1,1,0,False,True,کرد,1.0,0.0,0.0,False,False,False,False
دستگیر گشت,1,0,0,True,True,گشت,0.0,0.0,1.0,False,False,False,False
دست گرفت,1,1,0,False,True,گرفت,1.0,0.0,0.0,False,False,False,False
دست نهاد,1,1,0,True,True,نهاد,1.0,0.0,0.0,False,False,False,False
هموار کرد,1,1,0,False,True,کرد,1.0,0.0,0.0,False,False,False,False
همه کرد,1,0,0,True,True,کرد,0.0,0.0,1.0,False,False,False,False
همزمانی کرد,1,0,1,True,True,کرد,0.0,1.0,1.0,True,False,False,False
دشمن داشت,1,1,0,False,True,داشت,1.0,0.0,0.0,False,False,False,False
دست‌فروشی کرد,1,0,0,True,True,کرد,0.0,0.0,1.0,False,False,False,False
دقیقه گذاشت,1,0,1,True,True,گذاشت,0.0,1.0,1.0,True,False,False,False
دقت نمود,1,0,1,True,True,نمود,0.0,1.0,1.0,True,False,False,False
دعوت نمود,1,1,1,True,True,نمود,1.0,1.0,0.0,False,False,False,False
دل‌خوش ساخت,1,1,0,False,True,ساخت,1.0,0.0,0.0,False,False,False,False
درصدد آمد,1,0,0,True,True,آمد,0.0,0.0,1.0,False,False,False,False
درشتی نمود,1,0,0,True,True,نمود,0.0,0.0,1.0,False,False,False,False
درددل کرد,1,0,0,True,True,کرد,0.0,0.0,1.0,False,False,False,False
درد آمد,1,0,0,True,True,آمد,0.0,0.0,1.0,False,False,False,False
درخواست نمود,1,0,1,True,True,نمود,0.0,1.0,1.0,True,False,False,False
دریافت گشت,1,0,0,True,True,گشت,0.0,0.0,1.0,False,False,False,False
درگیر کرد,1,1,0,False,True,کرد,1.0,0.0,0.0,False,False,False,False
درگیر نمود,1,1,0,False,True,نمود,1.0,0.0,0.0,False,False,False,False
دروغ بست,1,0,1,True,True,بست,0.0,1.0,1.0,True,False,False,False
وادار نمود,1,1,0,False,True,نمود,1.0,0.0,0.0,False,False,False,False
هک کرد,1,1,0,True,True,کرد,1.0,0.0,0.0,False,False,False,False
هوشیار کرد,1,1,0,False,True,کرد,1.0,0.0,0.0,False,False,False,False
هوشمند کرد,1,1,0,False,True,کرد,1.0,0.0,0.0,False,False,False,False
هم‌مصاف کرد,1,0,0,False,True,کرد,0.0,0.0,1.0,False,False,False,False
هم‌سطح‌سازی شد,1,0,0,True,True,شد,0.0,0.0,1.0,False,False,False,False
دست رفت,1,0,0,True,True,رفت,0.0,0.0,1.0,False,False,False,False
خیانت نمود,1,0,0,True,True,نمود,0.0,0.0,1.0,False,False,False,False
خیال کرد,1,1,0,True,True,کرد,1.0,0.0,0.0,False,False,False,False
خون کرد,1,1,0,False,True,کرد,1.0,0.0,0.0,False,False,False,False
دانستن گرفت,1,1,0,False,True,گرفت,1.0,0.0,0.0,False,False,False,False
دامن‌گیر کرد,1,0,0,False,True,کرد,0.0,0.0,1.0,False,False,False,False
داد کشید,1,0,1,True,True,کشید,0.0,1.0,1.0,True,False,False,False
داد رسید,1,0,0,True,True,رسید,0.0,0.0,1.0,False,False,False,False
واژگون کرد,1,1,0,False,True,کرد,1.0,0.0,0.0,False,False,False,False
واهمه داشت,1,0,1,True,True,داشت,0.0,1.0,1.0,True,False,False,False
وانمود کرد,1,1,0,True,True,کرد,1.0,0.0,0.0,False,False,False,False
واصل کرد,1,1,0,False,True,کرد,1.0,0.0,0.0,False,False,False,False
واریز کرد,1,1,1,True,True,کرد,1.0,1.0,0.0,False,False,False,False
وارد گشت,1,0,0,True,True,گشت,0.0,0.0,1.0,False,False,False,False
درخشاند,1,1,0,False,False,,1.0,0.0,0.0,False,False,False,False
در داشت,1,1,0,True,True,داشت,1.0,0.0,0.0,False,False,False,False
در برید,1,1,1,True,True,برید,1.0,1.0,0.0,False,False,False,False
خودستایی کرد,1,0,0,True,True,کرد,0.0,0.0,1.0,False,False,False,False
خودرأیی کرد,1,0,0,True,True,کرد,0.0,0.0,1.0,False,False,False,False
خودداری ورزید,1,0,1,True,True,ورزید,0.0,1.0,1.0,True,False,False,False
خودداری نمود,1,0,1,True,True,نمود,0.0,1.0,1.0,True,False,False,False
خودداری شد,1,0,1,True,True,شد,0.0,1.0,1.0,True,False,False,False
خودخواهی کرد,1,0,0,True,True,کرد,0.0,0.0,1.0,False,False,False,False
خودبین کرد,1,0,0,False,True,کرد,0.0,0.0,1.0,False,False,False,False
خود خواند,1,1,0,True,True,خواند,1.0,0.0,0.0,False,False,False,False
خود آمد,1,0,0,True,True,آمد,0.0,0.0,1.0,False,False,False,False
ور داشت,1,0,0,True,True,داشت,0.0,0.0,1.0,False,False,False,False
وداع گفت,1,1,0,True,True,گفت,1.0,0.0,0.0,False,False,False,False
واگذار گشت,1,0,1,True,True,گشت,0.0,1.0,1.0,True,False,False,False
واکسن زد,1,0,0,True,True,زد,0.0,0.0,1.0,False,False,False,False
خوراک ساخت,1,1,0,False,True,ساخت,1.0,0.0,0.0,False,False,False,False
داخل کرد,1,1,0,False,True,کرد,1.0,0.0,0.0,False,False,False,False
داخل ساخت,1,1,0,False,True,ساخت,1.0,0.0,0.0,False,False,False,False
خروشیده‌ای,1,0,0,False,False,,0.0,0.0,1.0,False,False,False,False
خشکاند,1,1,0,False,False,,1.0,0.0,0.0,False,False,False,False
خشونت نورزید,1,0,0,True,True,نورزید,0.0,0.0,1.0,False,False,False,False
خست,1,1,0,False,False,,1.0,0.0,0.0,False,False,False,False
خلاص کرد,1,1,0,False,True,کرد,1.0,0.0,0.0,False,False,False,False
خفه کرد,1,1,0,True,True,کرد,1.0,0.0,0.0,False,False,False,False
خطاطی شد,1,0,0,True,True,شد,0.0,0.0,1.0,False,False,False,False
خط خورد,1,0,0,True,True,خورد,0.0,0.0,1.0,False,False,False,False
وزارت داشت,1,0,0,True,True,داشت,0.0,0.0,1.0,False,False,False,False
ورز داد,1,0,0,True,True,داد,0.0,0.0,1.0,False,False,False,False
خنثی شد,1,0,0,True,True,شد,0.0,0.0,1.0,False,False,False,False
خلاقیت کرد,1,0,0,True,True,کرد,0.0,0.0,1.0,False,False,False,False
خوار نمود,1,1,0,False,True,نمود,1.0,0.0,0.0,False,False,False,False
خواب گرفت,1,0,0,True,True,گرفت,0.0,0.0,1.0,False,False,False,False
خو کرد,1,0,0,True,True,کرد,0.0,0.0,1.0,False,False,False,False
خنک کرد,1,1,0,False,True,کرد,1.0,0.0,0.0,False,False,False,False
حکم نمود,1,0,0,True,True,نمود,0.0,0.0,1.0,False,False,False,False
خالی نمود,1,1,0,False,True,نمود,1.0,0.0,0.0,False,False,False,False
خاطرنشان ساخت,1,1,0,True,True,ساخت,1.0,0.0,0.0,False,False,False,False
خاضع کرد,1,1,0,False,True,کرد,1.0,0.0,0.0,False,False,False,False
خارید,1,0,0,False,False,,0.0,0.0,1.0,False,False,False,False
خبرنگاری کرد,1,0,0,True,True,کرد,0.0,0.0,1.0,False,False,False,False
خانه‌نشین ساخت,1,1,0,False,True,ساخت,1.0,0.0,0.0,False,False,False,False
خام‌اندیشی کرد,1,0,0,True,True,کرد,0.0,0.0,1.0,False,False,False,False
خامی کرد,1,0,0,True,True,کرد,0.0,0.0,1.0,False,False,False,False
خاموش ساخت,1,1,0,False,True,ساخت,1.0,0.0,0.0,False,False,False,False
خرج شد,1,0,1,True,True,شد,0.0,1.0,1.0,True,False,False,False
خراش افتاد,1,0,0,True,True,افتاد,0.0,0.0,1.0,False,False,False,False
خراب نمود,1,1,0,False,True,نمود,1.0,0.0,0.0,False,False,False,False
خدمت نمود,1,0,1,True,True,نمود,0.0,1.0,1.0,True,False,False,False
خجالت کشت,1,0,1,True,True,کشت,0.0,1.0,1.0,True,False,False,False
خریداری شد,1,0,0,True,True,شد,0.0,0.0,1.0,False,False,False,False
حرکت نمود,1,0,1,True,True,نمود,0.0,1.0,1.0,True,False,False,False
حفر نمود,1,1,0,True,True,نمود,1.0,0.0,0.0,False,False,False,False
حسین کرد,1,0,0,True,True,کرد,0.0,0.0,1.0,False,False,False,False
حسرت خورد,1,0,0,True,True,خورد,0.0,0.0,1.0,False,False,False,False
حسد ورزید,1,0,1,True,True,ورزید,0.0,1.0,1.0,True,False,False,False
حلال کرد,1,0,0,False,True,کرد,0.0,0.0,1.0,False,False,False,False
حلال داشت,1,1,0,False,True,داشت,1.0,0.0,0.0,False,False,False,False
حل گرفت,1,1,0,True,True,گرفت,1.0,0.0,0.0,False,False,False,False
حقنه کرد,1,1,0,True,True,کرد,1.0,0.0,0.0,False,False,False,False
حفظ شد,1,0,0,True,True,شد,0.0,0.0,1.0,False,False,False,False
وقع گذارد,1,0,1,True,True,گذارد,0.0,1.0,1.0,True,False,False,False
وقت کرد,1,0,0,True,True,کرد,0.0,0.0,1.0,False,False,False,False
حک شد,1,0,1,True,True,شد,0.0,1.0,1.0,True,False,False,False
حمله شد,1,0,1,True,True,شد,0.0,1.0,1.0,True,False,False,False
حمایت شد,1,0,0,True,True,شد,0.0,0.0,1.0,False,False,False,False
حکم‌فرما کرد,1,1,0,False,True,کرد,1.0,0.0,0.0,False,False,False,False
جوش آورد,1,0,0,True,True,آورد,0.0,0.0,1.0,False,False,False,False
حتی کرد,1,0,0,True,True,کرد,0.0,0.0,1.0,False,False,False,False
حب گذاشت,1,1,0,False,True,گذاشت,1.0,0.0,0.0,False,False,False,False
حاصل گشت,1,0,0,True,True,گشت,0.0,0.0,1.0,False,False,False,False
حرف‌نویسی کرد,1,1,0,True,True,کرد,1.0,0.0,0.0,False,False,False,False
حرف شد,1,0,0,True,True,شد,0.0,0.0,1.0,False,False,False,False
حرس کرد,1,1,0,True,True,کرد,1.0,0.0,0.0,False,False,False,False
حراج گذاشت,1,0,0,True,True,گذاشت,0.0,0.0,1.0,False,False,False,False
ویزیت شد,1,0,0,True,True,شد,0.0,0.0,1.0,False,False,False,False
ویرایش شد,1,0,0,True,True,شد,0.0,0.0,1.0,False,False,False,False
ویران ساخت,1,1,0,False,True,ساخت,1.0,0.0,0.0,False,False,False,False
ولایت کرد,1,1,0,False,True,کرد,1.0,0.0,0.0,False,False,False,False
حساس کرد,1,0,0,False,True,کرد,0.0,0.0,1.0,False,False,False,False
حساب گذاشت,1,1,0,False,True,گذاشت,1.0,0.0,0.0,False,False,False,False
حساب آمد,1,0,0,True,True,آمد,0.0,0.0,1.0,False,False,False,False
حس شد,1,0,0,True,True,شد,0.0,0.0,1.0,False,False,False,False
جلد کرد,1,1,0,True,True,کرد,1.0,0.0,0.0,False,False,False,False
جلب شد,1,0,1,True,True,شد,0.0,1.0,1.0,True,False,False,False
جفا کرد,1,0,1,True,True,کرد,0.0,1.0,1.0,True,False,False,False
جشن گرفت,1,1,0,True,True,گرفت,1.0,0.0,0.0,False,False,False,False
جسور کرد,1,1,0,False,True,کرد,1.0,0.0,0.0,False,False,False,False
جست نمود,1,1,0,True,True,نمود,1.0,0.0,0.0,False,False,False,False
جست شد,1,0,0,True,True,شد,0.0,0.0,1.0,False,False,False,False
پارتی‌بازی شد,1,0,0,True,True,شد,0.0,0.0,1.0,False,False,False,False
پادشاه کرد,1,0,0,False,True,کرد,0.0,0.0,1.0,False,False,False,False
پا نمود,1,1,0,True,True,نمود,1.0,0.0,0.0,False,False,False,False
جمع‌آوری شد,1,0,0,True,True,شد,0.0,0.0,1.0,False,False,False,False
جم خورد,1,0,1,True,True,خورد,0.0,1.0,1.0,True,False,False,False
جور کرد,1,1,0,False,True,کرد,1.0,0.0,0.0,False,False,False,False
جهت داد,1,1,1,True,True,داد,1.0,1.0,0.0,False,False,False,False
جهالت ورزید,1,0,1,True,True,ورزید,0.0,1.0,1.0,True,False,False,False
جولان کرد,1,0,0,True,True,کرد,0.0,0.0,1.0,False,False,False,False
پافشاری شد,1,0,1,True,True,شد,0.0,1.0,1.0,True,False,False,False
جزء کرد,1,1,0,False,True,کرد,1.0,0.0,0.0,False,False,False,False
جریان یافت,1,0,1,True,True,یافت,0.0,1.0,1.0,True,False,False,False
جریان کرد,1,0,1,True,True,کرد,0.0,1.0,1.0,True,False,False,False
جرزنی شد,1,0,1,True,True,شد,0.0,1.0,1.0,True,False,False,False
جراحی شد,1,0,0,True,True,شد,0.0,0.0,1.0,False,False,False,False
جرأت کرد,1,0,0,True,True,کرد,0.0,0.0,1.0,False,False,False,False
پاس‌کاری شد,1,0,1,True,True,شد,0.0,1.0,1.0,True,False,False,False
پاسکاری کرد,1,1,0,True,True,کرد,1.0,0.0,0.0,False,False,False,False
پاسخ گفت,1,1,0,True,True,گفت,1.0,0.0,0.0,False,False,False,False
پاس شد,1,0,0,True,True,شد,0.0,0.0,1.0,False,False,False,False
پاس داد,1,0,0,True,True,داد,0.0,0.0,1.0,False,False,False,False
پارک شد,1,0,0,True,True,شد,0.0,0.0,1.0,False,False,False,False
جلوگیری شد,1,0,1,True,True,شد,0.0,1.0,1.0,True,False,False,False
جلوه‌گر ساخت,1,1,0,False,True,ساخت,1.0,0.0,0.0,False,False,False,False
جلوس کرد,1,0,1,True,True,کرد,0.0,1.0,1.0,True,False,False,False
جد گرفت,1,1,0,False,True,گرفت,1.0,0.0,0.0,False,False,False,False
جبهه‌گیری شد,1,0,1,True,True,شد,0.0,1.0,1.0,True,False,False,False
جایگیر نمود,1,0,0,False,True,نمود,0.0,0.0,1.0,False,False,False,False
جایگزین شد,1,0,0,True,True,شد,0.0,0.0,1.0,False,False,False,False
جایگذاری شد,1,0,1,True,True,شد,0.0,1.0,1.0,True,False,False,False
جر شد,1,0,0,True,True,شد,0.0,0.0,1.0,False,False,False,False
جر داد,1,1,0,True,True,داد,1.0,0.0,0.0,False,False,False,False
جر خورد,1,0,0,True,True,خورد,0.0,0.0,1.0,False,False,False,False
جدول‌بندی شد,1,0,0,True,True,شد,0.0,0.0,1.0,False,False,False,False
جدال شد,1,0,1,True,True,شد,0.0,1.0,1.0,True,False,False,False
پاک گردانید,1,1,0,False,True,گردانید,1.0,0.0,0.0,False,False,False,False
پاک نمود,1,1,0,False,True,نمود,1.0,0.0,0.0,False,False,False,False
پاک داشت,1,1,0,False,True,داشت,1.0,0.0,0.0,False,False,False,False
پانسمان شد,1,0,0,True,True,شد,0.0,0.0,1.0,False,False,False,False
پالایش شد,1,0,0,True,True,شد,0.0,0.0,1.0,False,False,False,False
پافشاری ورزید,1,0,1,True,True,ورزید,0.0,1.0,1.0,True,False,False,False
جا شد,1,0,0,True,True,شد,0.0,0.0,1.0,False,False,False,False
جا زد,1,0,0,True,True,زد,0.0,0.0,1.0,False,False,False,False
جان افتاد,1,0,0,True,True,افتاد,0.0,0.0,1.0,False,False,False,False
جاری کرد,1,0,0,False,True,کرد,0.0,0.0,1.0,False,False,False,False
جارو شد,1,0,0,True,True,شد,0.0,0.0,1.0,False,False,False,False
جای گرفت,1,0,1,True,True,گرفت,0.0,1.0,1.0,True,False,False,False
جای گذاشت,1,1,1,True,True,گذاشت,1.0,1.0,0.0,False,False,False,False
جای داد,1,1,1,True,True,داد,1.0,1.0,0.0,False,False,False,False
جانشین کرد,1,1,0,False,True,کرد,1.0,0.0,0.0,False,False,False,False
جانشین ساخت,1,1,0,False,True,ساخت,1.0,0.0,0.0,False,False,False,False
جانب‌داری شد,1,0,0,True,True,شد,0.0,0.0,1.0,False,False,False,False
پایان یافت,1,0,0,True,True,یافت,0.0,0.0,1.0,False,False,False,False
پایان گرفت,1,0,0,True,True,گرفت,0.0,0.0,1.0,False,False,False,False
پای خاست,1,0,0,True,True,خاست,0.0,0.0,1.0,False,False,False,False
پاکسازی کرد,1,1,1,True,True,کرد,1.0,1.0,0.0,False,False,False,False
جدا نمود,1,1,0,False,True,نمود,1.0,0.0,0.0,False,False,False,False
تیمار شد,1,0,0,True,True,شد,0.0,0.0,1.0,False,False,False,False
تیغه شد,1,0,0,True,True,شد,0.0,0.0,1.0,False,False,False,False
تیز کرد,1,1,0,False,True,کرد,1.0,0.0,0.0,False,False,False,False
تیرباران شد,1,0,0,True,True,شد,0.0,0.0,1.0,False,False,False,False
ثواب شد,1,0,0,True,True,شد,0.0,0.0,1.0,False,False,False,False
ثروت‌اندوزی کرد,1,0,0,True,True,کرد,0.0,0.0,1.0,False,False,False,False
ثبت گشت,1,0,1,True,True,گشت,0.0,1.0,1.0,True,False,False,False
ثانیه‌شماری شد,1,0,1,True,True,شد,0.0,1.0,1.0,True,False,False,False
پخت شد,1,0,0,True,True,شد,0.0,0.0,1.0,False,False,False,False
پای‌گیر شد,1,0,0,True,True,شد,0.0,0.0,1.0,False,False,False,False
پای‌کوبی کرد,1,0,0,True,True,کرد,0.0,0.0,1.0,False,False,False,False
پایکوبی نمود,1,0,0,True,True,نمود,0.0,0.0,1.0,False,False,False,False
پایه‌گذاری نمود,1,1,0,True,True,نمود,1.0,0.0,0.0,False,False,False,False
جار کرد,1,0,0,True,True,کرد,0.0,0.0,1.0,False,False,False,False
جاده‌سازی شد,1,0,0,True,True,شد,0.0,0.0,1.0,False,False,False,False
جا نهاد,1,1,0,True,True,نهاد,1.0,0.0,0.0,False,False,False,False
توسعه یافت,1,0,0,True,True,یافت,0.0,0.0,1.0,False,False,False,False
توزیع شد,1,0,1,True,True,شد,0.0,1.0,1.0,True,False,False,False
توپ‌بازی کرد,1,0,0,True,True,کرد,0.0,0.0,1.0,False,False,False,False
تولید نمود,1,1,0,True,True,نمود,1.0,0.0,0.0,False,False,False,False
توقیف نمود,1,1,0,True,True,نمود,1.0,0.0,0.0,False,False,False,False
توقیف شد,1,0,0,True,True,شد,0.0,0.0,1.0,False,False,False,False
توقیع شد,1,0,0,True,True,شد,0.0,0.0,1.0,False,False,False,False
پر نمود,1,1,0,False,True,نمود,1.0,0.0,0.0,False,False,False,False
پذیرش شد,1,0,0,True,True,شد,0.0,0.0,1.0,False,False,False,False
تکذیب شد,1,0,0,True,True,شد,0.0,0.0,1.0,False,False,False,False
تکبر ورزید,1,0,0,True,True,ورزید,0.0,0.0,1.0,False,False,False,False
تکان نخورده,1,0,0,True,True,نخورده,0.0,0.0,1.0,False,False,False,False
تکه شد,1,0,0,True,True,شد,0.0,0.0,1.0,False,False,False,False
تکمیل شد,1,0,0,True,True,شد,0.0,0.0,1.0,False,False,False,False
تکلم نمود,1,0,0,True,True,نمود,0.0,0.0,1.0,False,False,False,False
تکل کرد,1,1,0,True,True,کرد,1.0,0.0,0.0,False,False,False,False
تهویه شد,1,0,0,True,True,شد,0.0,0.0,1.0,False,False,False,False
تهذیب شد,1,0,0,True,True,شد,0.0,0.0,1.0,False,False,False,False
تهدید شد,1,0,0,True,True,شد,0.0,0.0,1.0,False,False,False,False
توجیه شد,1,0,1,True,True,شد,0.0,1.0,1.0,True,False,False,False
توثیق فرمود,1,0,0,True,True,فرمود,0.0,0.0,1.0,False,False,False,False
توبیخ شد,1,0,0,True,True,شد,0.0,0.0,1.0,False,False,False,False
توبه نمود,1,0,0,True,True,نمود,0.0,0.0,1.0,False,False,False,False
توافق شد,1,0,1,True,True,شد,0.0,1.0,1.0,True,False,False,False
پرده‌برداری شد,1,0,0,True,True,شد,0.0,0.0,1.0,False,False,False,False
پرداخت نمود,1,1,0,True,True,نمود,1.0,0.0,0.0,False,False,False,False
پرداخت شد,1,0,1,True,True,شد,0.0,1.0,1.0,True,False,False,False
پرخوری شد,1,0,0,True,True,شد,0.0,0.0,1.0,False,False,False,False
پرخاشگر کرد,1,1,0,False,True,کرد,1.0,0.0,0.0,False,False,False,False
توصیف شد,1,0,0,True,True,شد,0.0,0.0,1.0,False,False,False,False
توسل شد,1,0,1,True,True,شد,0.0,1.0,1.0,True,False,False,False
توسل جست,1,0,1,True,True,جست,0.0,1.0,1.0,True,False,False,False
تنظیم نمود,1,1,0,True,True,نمود,1.0,0.0,0.0,False,False,False,False
تنظیم شد,1,0,0,True,True,شد,0.0,0.0,1.0,False,False,False,False
تنزیه کرد,1,0,0,True,True,کرد,0.0,0.0,1.0,False,False,False,False
تندی شد,1,0,1,True,True,شد,0.0,1.0,1.0,True,False,False,False
تهاجم شد,1,0,1,True,True,شد,0.0,1.0,1.0,True,False,False,False
تنگ‌نظری شد,1,0,1,True,True,شد,0.0,1.0,1.0,True,False,False,False
تنها گذاشت,1,1,0,False,True,گذاشت,1.0,0.0,0.0,False,False,False,False
تنقیه شد,1,0,1,True,True,شد,0.0,1.0,1.0,True,False,False,False
تنفیذ شد,1,0,0,True,True,شد,0.0,0.0,1.0,False,False,False,False
پرستش شد,1,0,0,True,True,شد,0.0,0.0,1.0,False,False,False,False
پررونق کرد,1,1,0,False,True,کرد,1.0,0.0,0.0,False,False,False,False
پررنگ کرد,1,1,0,False,True,کرد,1.0,0.0,0.0,False,False,False,False
توازن کرد,1,0,0,True,True,کرد,0.0,0.0,1.0,False,False,False,False
توأم کرد,1,1,0,False,True,کرد,1.0,0.0,0.0,False,False,False,False
تهییج شد,1,0,0,True,True,شد,0.0,0.0,1.0,False,False,False,False
تهیه گشت,1,0,0,True,True,گشت,0.0,0.0,1.0,False,False,False,False
تلگراف شد,1,0,0,True,True,شد,0.0,0.0,1.0,False,False,False,False
تمشیت شد,1,0,0,True,True,شد,0.0,0.0,1.0,False,False,False,False
تمسک شد,1,0,1,True,True,شد,0.0,1.0,1.0,True,False,False,False
تمرین شد,1,0,0,True,True,شد,0.0,0.0,1.0,False,False,False,False
تمرکز شد,1,0,1,True,True,شد,0.0,1.0,1.0,True,False,False,False
تمرد شد,1,0,1,True,True,شد,0.0,1.0,1.0,True,False,False,False
تمدید شد,1,0,0,True,True,شد,0.0,0.0,1.0,False,False,False,False
پرپر کرد,1,1,0,False,True,کرد,1.0,0.0,0.0,False,False,False,False
پرهیزید,1,0,1,False,False,,0.0,1.0,1.0,True,False,False,False
پرهیز نمود,1,0,1,True,True,نمود,0.0,1.0,1.0,True,False,False,False
تنبیه نمود,1,1,0,True,True,نمود,1.0,0.0,0.0,False,False,False,False
تنبیه شد,1,0,0,True,True,شد,0.0,0.0,1.0,False,False,False,False
تناول شد,1,0,0,True,True,شد,0.0,0.0,1.0,False,False,False,False
تناسب کرد,1,0,0,True,True,کرد,0.0,0.0,1.0,False,False,False,False
تن کرد,1,1,1,True,True,کرد,1.0,1.0,0.0,False,False,False,False
تمهید شد,1,0,1,True,True,شد,0.0,1.0,1.0,True,False,False,False
تلفظ شد,1,0,0,True,True,شد,0.0,0.0,1.0,False,False,False,False
تلطیف شد,1,0,0,True,True,شد,0.0,0.0,1.0,False,False,False,False
تلاوت شد,1,0,0,True,True,شد,0.0,0.0,1.0,False,False,False,False
تلاطم کرد,1,0,0,True,True,کرد,0.0,0.0,1.0,False,False,False,False
تلاش نمود,1,0,0,True,True,نمود,0.0,0.0,1.0,False,False,False,False
تله‌گذاری شد,1,0,0,True,True,شد,0.0,0.0,1.0,False,False,False,False
تله‌پاتی شد,1,0,0,True,True,شد,0.0,0.0,1.0,False,False,False,False
تلقین شد,1,0,1,True,True,شد,0.0,1.0,1.0,True,False,False,False
تلقیح شد,1,0,0,True,True,شد,0.0,0.0,1.0,False,False,False,False
تلقی گردید,1,0,0,True,True,گردید,0.0,0.0,1.0,False,False,False,False
تلقی کرد,1,1,1,True,True,کرد,1.0,1.0,0.0,False,False,False,False
پست شد,1,0,0,True,True,شد,0.0,0.0,1.0,False,False,False,False
پریشان کرد,1,1,0,False,True,کرد,1.0,0.0,0.0,False,False,False,False
پرگویی شد,1,0,0,True,True,شد,0.0,0.0,1.0,False,False,False,False
تمثیل شد,1,0,0,True,True,شد,0.0,0.0,1.0,False,False,False,False
تمتع شد,1,0,0,True,True,شد,0.0,0.0,1.0,False,False,False,False
تقطیر شد,1,0,0,True,True,شد,0.0,0.0,1.0,False,False,False,False
تقصیر کرد,1,0,0,True,True,کرد,0.0,0.0,1.0,False,False,False,False
تقسیم‌بندی شد,1,0,1,True,True,شد,0.0,1.0,1.0,True,False,False,False
تقسیم گشت,1,0,1,True,True,گشت,0.0,1.0,1.0,True,False,False,False
تقسیط شد,1,0,0,True,True,شد,0.0,0.0,1.0,False,False,False,False
تقدیم گشت,1,0,0,True,True,گشت,0.0,0.0,1.0,False,False,False,False
تقویم شد,1,1,0,True,True,شد,1.0,0.0,0.0,False,False,False,False
تقویت شد,1,0,0,True,True,شد,0.0,0.0,1.0,False,False,False,False
تقلب شد,1,0,1,True,True,شد,0.0,1.0,1.0,True,False,False,False
پلکان کرد,1,0,0,False,True,کرد,0.0,0.0,1.0,False,False,False,False
پلاک شد,1,0,0,True,True,شد,0.0,0.0,1.0,False,False,False,False
پلان کرد,1,1,0,True,True,کرد,1.0,0.0,0.0,False,False,False,False
پلاسید,1,0,0,False,False,,0.0,0.0,1.0,False,False,False,False
پف کرد,1,0,0,True,True,کرد,0.0,0.0,1.0,False,False,False,False
پشت پیچید,1,0,0,True,True,پیچید,0.0,0.0,1.0,False,False,False,False
تلفیق شد,1,0,0,True,True,شد,0.0,0.0,1.0,False,False,False,False
تعهد شد,1,0,0,True,True,شد,0.0,0.0,1.0,False,False,False,False
تعمیر شد,1,0,0,True,True,شد,0.0,0.0,1.0,False,False,False,False
تعلیم کرد,1,0,0,True,True,کرد,0.0,0.0,1.0,False,False,False,False
تعلیق شد,1,0,0,True,True,شد,0.0,0.0,1.0,False,False,False,False
تعیین ساخت,1,1,0,True,True,ساخت,1.0,0.0,0.0,False,False,False,False
تفضل فرمود,1,0,0,True,True,فرمود,0.0,0.0,1.0,False,False,False,False
تفصیل کرد,1,1,0,True,True,کرد,1.0,0.0,0.0,False,False,False,False
تفحص شد,1,0,0,True,True,شد,0.0,0.0,1.0,False,False,False,False
پنهان ساخت,1,1,0,False,True,ساخت,1.0,0.0,0.0,False,False,False,False
پنداشت,1,0,0,False,False,,0.0,0.0,1.0,False,False,False,False
پناه کرد,1,0,1,True,True,کرد,0.0,1.0,1.0,True,False,False,False
پناه داد,1,1,0,True,True,داد,1.0,0.0,0.0,False,False,False,False
پناه برید,1,0,1,True,True,برید,0.0,1.0,1.0,True,False,False,False
تقبل فرمود,1,1,0,True,True,فرمود,1.0,0.0,0.0,False,False,False,False
تقاضا نمود,1,0,0,True,True,نمود,0.0,0.0,1.0,False,False,False,False
تقابل شد,1,0,0,True,True,شد,0.0,0.0,1.0,False,False,False,False
تضمین شد,1,0,0,True,True,شد,0.0,0.0,1.0,False,False,False,False
تضمین داد,1,0,0,True,True,داد,0.0,0.0,1.0,False,False,False,False
تضعیف شد,1,0,0,True,True,شد,0.0,0.0,1.0,False,False,False,False
تعدیل شد,1,0,0,True,True,شد,0.0,0.0,1.0,False,False,False,False
تعبیه نهاد,1,1,1,True,True,نهاد,1.0,1.0,0.0,False,False,False,False
تعاون کرد,1,0,0,True,True,کرد,0.0,0.0,1.0,False,False,False,False
تعاضد کرد,1,0,0,True,True,کرد,0.0,0.0,1.0,False,False,False,False
پوست کند,1,1,0,True,True,کند,1.0,0.0,0.0,False,False,False,False
پوست انداخت,1,0,0,True,True,انداخت,0.0,0.0,1.0,False,False,False,False
پهلوگیری کرد,1,0,0,True,True,کرد,0.0,0.0,1.0,False,False,False,False
پنهان نمود,1,1,0,False,True,نمود,1.0,0.0,0.0,False,False,False,False
تعلل نمود,1,0,1,True,True,نمود,0.0,1.0,1.0,True,False,False,False
تعطیل کرد,1,1,0,False,True,کرد,1.0,0.0,0.0,False,False,False,False
تعریض شد,1,0,0,True,True,شد,0.0,0.0,1.0,False,False,False,False
تعویض شد,1,0,0,True,True,شد,0.0,0.0,1.0,False,False,False,False
تعهد کرد,1,0,0,True,True,کرد,0.0,0.0,1.0,False,False,False,False
تشکیل یافت,1,0,1,True,True,یافت,0.0,1.0,1.0,True,False,False,False
تشکیل گشت,1,0,0,True,True,گشت,0.0,0.0,1.0,False,False,False,False
تشکر شد,1,0,1,True,True,شد,0.0,1.0,1.0,True,False,False,False
تشویق نمود,1,1,1,True,True,نمود,1.0,1.0,0.0,False,False,False,False
تشویق شد,1,0,0,True,True,شد,0.0,0.0,1.0,False,False,False,False
تصفیه شد,1,0,0,True,True,شد,0.0,0.0,1.0,False,False,False,False
تصغیر شد,1,0,0,True,True,شد,0.0,0.0,1.0,False,False,False,False
تصرف آورد,1,1,0,True,True,آورد,1.0,0.0,0.0,False,False,False,False
پی برید,1,0,1,True,True,برید,0.0,1.0,1.0,True,False,False,False
پژمرده کرد,1,0,0,False,True,کرد,0.0,0.0,1.0,False,False,False,False
پوشیده داشت,1,0,0,False,True,داشت,0.0,0.0,1.0,False,False,False,False
تضافر کرد,1,0,1,True,True,کرد,0.0,1.0,1.0,True,False,False,False
تصویر کشت,1,1,0,True,True,کشت,1.0,0.0,0.0,False,False,False,False
تصمیم‌گیری نمود,1,0,1,True,True,نمود,0.0,1.0,1.0,True,False,False,False
تطمیع شد,1,0,0,True,True,شد,0.0,0.0,1.0,False,False,False,False
تطابق داد,1,1,1,True,True,داد,1.0,1.0,0.0,False,False,False,False
ترویج شد,1,0,0,True,True,شد,0.0,0.0,1.0,False,False,False,False
ترور شد,1,0,0,True,True,شد,0.0,0.0,1.0,False,False,False,False
ترمیم گشت,1,0,0,True,True,گشت,0.0,0.0,1.0,False,False,False,False
تست شد,1,0,0,True,True,شد,0.0,0.0,1.0,False,False,False,False
تست زد,1,0,0,True,True,زد,0.0,0.0,1.0,False,False,False,False
ترکیب یافت,1,0,1,True,True,یافت,0.0,1.0,1.0,True,False,False,False
تسلیم کرد,1,1,0,False,True,کرد,1.0,0.0,0.0,False,False,False,False
تسلیت گفت,1,1,1,True,True,گفت,1.0,1.0,0.0,False,False,False,False
تسلط یافت,1,0,1,True,True,یافت,0.0,1.0,1.0,True,False,False,False
تسلط کرد,1,0,1,True,True,کرد,0.0,1.0,1.0,True,False,False,False
تسریع شد,1,0,0,True,True,شد,0.0,0.0,1.0,False,False,False,False
تسخیر شد,1,0,0,True,True,شد,0.0,0.0,1.0,False,False,False,False
پیروزی یافت,1,0,1,True,True,یافت,0.0,1.0,1.0,True,False,False,False
پیاده نمود,1,1,0,False,True,نمود,1.0,0.0,0.0,False,False,False,False
تشبیه شد,1,0,1,True,True,شد,0.0,1.0,1.0,True,False,False,False
تصادف شد,1,0,0,True,True,شد,0.0,0.0,1.0,False,False,False,False
تخلف شد,1,0,1,True,True,شد,0.0,1.0,1.0,True,False,False,False
تدوین گشت,1,0,0,True,True,گشت,0.0,0.0,1.0,False,False,False,False
تدوین شد,1,0,0,True,True,شد,0.0,0.0,1.0,False,False,False,False
تدبیر شد,1,0,1,True,True,شد,0.0,1.0,1.0,True,False,False,False
تداعی شد,1,0,0,True,True,شد,0.0,0.0,1.0,False,False,False,False
تربیت یافت,1,0,0,True,True,یافت,0.0,0.0,1.0,False,False,False,False
ترانزیت کرد,1,1,1,True,True,کرد,1.0,1.0,0.0,False,False,False,False
پیشه ساخت,1,1,0,False,True,ساخت,1.0,0.0,0.0,False,False,False,False
پیشنهاد نمود,1,1,0,True,True,نمود,1.0,0.0,0.0,False,False,False,False
پیشرفت داد,1,1,0,True,True,داد,1.0,0.0,0.0,False,False,False,False
ترمیم شد,1,0,0,True,True,شد,0.0,0.0,1.0,False,False,False,False
ترغیب شد,1,0,0,True,True,شد,0.0,0.0,1.0,False,False,False,False
ترک شد,1,0,0,True,True,شد,0.0,0.0,1.0,False,False,False,False
ترک زد,1,1,0,True,True,زد,1.0,0.0,0.0,False,False,False,False
ترک داشت,1,0,0,True,True,داشت,0.0,0.0,1.0,False,False,False,False
ترویج نمود,1,1,0,True,True,نمود,1.0,0.0,0.0,False,False,False,False
تحریم نمود,1,1,0,True,True,نمود,1.0,0.0,0.0,False,False,False,False
تحریم شد,1,0,0,True,True,شد,0.0,0.0,1.0,False,False,False,False
تحریف شد,1,0,0,True,True,شد,0.0,0.0,1.0,False,False,False,False
تحریض شد,1,0,0,True,True,شد,0.0,0.0,1.0,False,False,False,False
تحمل نمود,1,0,0,True,True,نمود,0.0,0.0,1.0,False,False,False,False
تحلیل نمود,1,1,0,True,True,نمود,1.0,0.0,0.0,False,False,False,False
تحلیل شد,1,0,0,True,True,شد,0.0,0.0,1.0,False,False,False,False
تحلیف شد,1,0,0,True,True,شد,0.0,0.0,1.0,False,False,False,False
تحقیر شد,1,0,0,True,True,شد,0.0,0.0,1.0,False,False,False,False
تحقق یافت,1,0,0,True,True,یافت,0.0,0.0,1.0,False,False,False,False
پیش‌دستی نمود,1,0,0,True,True,نمود,0.0,0.0,1.0,False,False,False,False
تخلص داشت,1,1,0,True,True,داشت,1.0,0.0,0.0,False,False,False,False
تخم‌گذار کرد,1,0,0,True,True,کرد,0.0,0.0,1.0,False,False,False,False
تخمین شد,1,0,1,True,True,شد,0.0,1.0,1.0,True,False,False,False
تخمین زد,1,1,1,True,True,زد,1.0,1.0,0.0,False,False,False,False
تخلیه شد,1,0,0,True,True,شد,0.0,0.0,1.0,False,False,False,False
تبعید شد,1,0,1,True,True,شد,0.0,1.0,1.0,True,False,False,False
تبدیل گشت,1,0,0,True,True,گشت,0.0,0.0,1.0,False,False,False,False
تبخیر شد,1,0,0,True,True,شد,0.0,0.0,1.0,False,False,False,False
تباه نمود,1,1,0,True,True,نمود,1.0,0.0,0.0,False,False,False,False
تجربه نمود,1,1,0,True,True,نمود,1.0,0.0,0.0,False,False,False,False
تجربه شد,1,0,0,True,True,شد,0.0,0.0,1.0,False,False,False,False
تجدیدنظر کرد,1,0,1,True,True,کرد,0.0,1.0,1.0,True,False,False,False
تجدید نمود,1,0,0,True,True,نمود,0.0,0.0,1.0,False,False,False,False
تبیین نمود,1,1,0,True,True,نمود,1.0,0.0,0.0,False,False,False,False
تحریر شد,1,0,0,True,True,شد,0.0,0.0,1.0,False,False,False,False
تحت داشت,1,1,0,True,True,داشت,1.0,0.0,0.0,False,False,False,False
تجویز شد,1,0,0,True,True,شد,0.0,0.0,1.0,False,False,False,False
تجمع نمود,1,0,1,True,True,نمود,0.0,1.0,1.0,True,False,False,False
تجلیل شد,1,0,1,True,True,شد,0.0,1.0,1.0,True,False,False,False
تحقق بخشید,1,1,0,True,True,بخشید,1.0,0.0,0.0,False,False,False,False
تحریک‌پذیر کرد,1,1,0,False,True,کرد,1.0,0.0,0.0,False,False,False,False
تأدیه شد,1,0,0,True,True,شد,0.0,0.0,1.0,False,False,False,False
تأدیب شد,1,1,0,True,True,شد,1.0,0.0,0.0,False,False,False,False
بی‌پروایی کرد,1,0,1,True,True,کرد,0.0,1.0,1.0,True,False,False,False
تأیید داشت,1,1,0,True,True,داشت,1.0,0.0,0.0,False,False,False,False
تأکید ورزیده‌اند,1,0,1,True,True,ورزیده‌اند,0.0,1.0,1.0,True,False,False,False
تأمین نمود,1,1,0,True,True,نمود,1.0,0.0,0.0,False,False,False,False
تألیف نمود,1,1,0,True,True,نمود,1.0,0.0,0.0,False,False,False,False
چاپلوس کرد,1,0,0,True,True,کرد,0.0,0.0,1.0,False,False,False,False
تاخت برید,1,0,1,True,True,برید,0.0,1.0,1.0,True,False,False,False
تابلو شد,1,0,0,True,True,شد,0.0,0.0,1.0,False,False,False,False
تاب خورد,1,0,0,True,True,خورد,0.0,0.0,1.0,False,False,False,False
تب کرد,1,0,0,True,True,کرد,0.0,0.0,1.0,False,False,False,False
تایپ شد,1,0,0,True,True,شد,0.0,0.0,1.0,False,False,False,False
تازاند,1,0,0,False,False,,0.0,0.0,1.0,False,False,False,False
تاراند,1,1,1,False,False,,1.0,1.0,0.0,False,False,False,False
تاراج برد,1,1,0,True,True,برد,1.0,0.0,0.0,False,False,False,False
چرخ‌کاری کرد,1,1,0,True,True,کرد,1.0,0.0,0.0,False,False,False,False
بی‌پاسخ گذاشت,1,1,0,False,True,گذاشت,1.0,0.0,0.0,False,False,False,False
بی‌وفایی شد,1,0,0,True,True,شد,0.0,0.0,1.0,False,False,False,False
بی‌نظمی شد,1,0,0,True,True,شد,0.0,0.0,1.0,False,False,False,False
بی‌نصیب گذاشت,1,1,0,False,True,گذاشت,1.0,0.0,0.0,False,False,False,False
بی‌مهری شد,1,0,1,True,True,شد,0.0,1.0,1.0,True,False,False,False
بی‌مقدار کرد,1,1,0,False,True,کرد,1.0,0.0,0.0,False,False,False,False
بی‌فایده نمود,1,0,0,False,True,نمود,0.0,0.0,1.0,False,False,False,False
بی‌عدالتی شد,1,0,1,True,True,شد,0.0,1.0,1.0,True,False,False,False
چرب‌زبانی کرد,1,0,0,True,True,کرد,0.0,0.0,1.0,False,False,False,False
چربی‌زدایی کرد,1,1,0,True,True,کرد,1.0,0.0,0.0,False,False,False,False
چرب کرد,1,1,0,False,True,کرد,1.0,0.0,0.0,False,False,False,False
چرب نمود,1,1,0,False,True,نمود,1.0,0.0,0.0,False,False,False,False
چاک زد,1,1,0,True,True,زد,1.0,0.0,0.0,False,False,False,False
تأسیس کرد,1,0,1,True,True,کرد,0.0,1.0,1.0,True,False,False,False
تأسیس نمود,1,1,0,True,True,نمود,1.0,0.0,0.0,False,False,False,False
بی‌احترام شد,1,0,1,True,True,شد,0.0,1.0,1.0,True,False,False,False
بی‌آبرویی شد,1,0,0,True,True,شد,0.0,0.0,1.0,False,False,False,False
بیهوش کرد,1,0,0,False,True,کرد,0.0,0.0,1.0,False,False,False,False
بیعت شد,1,0,1,True,True,شد,0.0,1.0,1.0,True,False,False,False
بی‌شرافتی کرد,1,0,0,True,True,کرد,0.0,0.0,1.0,False,False,False,False
بی‌رحمی شد,1,0,1,True,True,شد,0.0,1.0,1.0,True,False,False,False
بی‌دقتی کرد,1,0,0,True,True,کرد,0.0,0.0,1.0,False,False,False,False
بی‌خویشتن نمود,1,1,0,False,True,نمود,1.0,0.0,0.0,False,False,False,False
بی‌خود کرد,1,1,0,False,True,کرد,1.0,0.0,0.0,False,False,False,False
بی‌حرمتی شد,1,0,1,True,True,شد,0.0,1.0,1.0,True,False,False,False
بی‌حجابی شد,1,0,0,True,True,شد,0.0,0.0,1.0,False,False,False,False
بی‌توجهی شد,1,0,1,True,True,شد,0.0,1.0,1.0,True,False,False,False
بی‌تابی شد,1,0,1,True,True,شد,0.0,1.0,1.0,True,False,False,False
بی‌بندوباری کرد,1,0,0,True,True,کرد,0.0,0.0,1.0,False,False,False,False
چشم چراند,1,0,0,True,True,چراند,0.0,0.0,1.0,False,False,False,False
چسبانید,1,1,1,False,False,,1.0,1.0,0.0,False,False,False,False
بوسه‌باران کرد,1,1,0,True,True,کرد,1.0,0.0,0.0,False,False,False,False
بیزار کرد,1,1,0,False,True,کرد,1.0,0.0,0.0,False,False,False,False
بیرون کشید,1,1,0,False,True,کشید,1.0,0.0,0.0,False,False,False,False
بیرون کرد,1,1,0,False,True,کرد,1.0,0.0,0.0,False,False,False,False
بیرون نمود,1,1,0,True,True,نمود,1.0,0.0,0.0,False,False,False,False
بیرون ساخت,1,1,0,False,True,ساخت,1.0,0.0,0.0,False,False,False,False
بیرون داد,1,0,0,True,True,داد,0.0,0.0,1.0,False,False,False,False
بیتوته شد,1,0,0,True,True,شد,0.0,0.0,1.0,False,False,False,False
بیان نمود,1,1,0,True,True,نمود,1.0,0.0,0.0,False,False,False,False
چندک زد,1,0,1,True,True,زد,0.0,1.0,1.0,True,False,False,False
چندان ساخت,1,1,0,False,True,ساخت,1.0,0.0,0.0,False,False,False,False
چشم‌پوشی نمود,1,0,1,True,True,نمود,0.0,1.0,1.0,True,False,False,False
بی‌برکت کرد,1,0,0,False,True,کرد,0.0,0.0,1.0,False,False,False,False
بی‌انصافی نمود,1,0,1,True,True,نمود,0.0,1.0,1.0,True,False,False,False
بی‌ادبی شد,1,0,1,True,True,شد,0.0,1.0,1.0,True,False,False,False
بی‌احترام کرد,1,0,1,True,True,کرد,0.0,1.0,1.0,True,False,False,False
بهره‌برداری شد,1,0,0,True,True,شد,0.0,0.0,1.0,False,False,False,False
بهره برد,1,0,1,True,True,برد,0.0,1.0,1.0,True,False,False,False
بو کشت,1,1,0,True,True,کشت,1.0,0.0,0.0,False,False,False,False
بو داد,1,0,0,True,True,داد,0.0,0.0,1.0,False,False,False,False
به‌گزین کرد,1,1,0,True,True,کرد,1.0,0.0,0.0,False,False,False,False
به‌سازی شد,1,0,0,True,True,شد,0.0,0.0,1.0,False,False,False,False
بهینه‌سازی شد,1,0,0,True,True,شد,0.0,0.0,1.0,False,False,False,False
بهسازی کرد,1,1,0,True,True,کرد,1.0,0.0,0.0,False,False,False,False
بهره‌گیری شد,1,0,1,True,True,شد,0.0,1.0,1.0,True,False,False,False
بهره‌کشی شد,1,0,1,True,True,شد,0.0,1.0,1.0,True,False,False,False
بهره‌مند کرد,1,0,0,False,True,کرد,0.0,0.0,1.0,False,False,False,False
بهره‌جو کرد,1,0,1,True,True,کرد,0.0,1.0,1.0,True,False,False,False
چک شد,1,0,0,True,True,شد,0.0,0.0,1.0,False,False,False,False
چوبه گرفت,1,0,0,True,True,گرفت,0.0,0.0,1.0,False,False,False,False
چه کرد,1,0,0,False,True,کرد,0.0,0.0,1.0,False,False,False,False
بچه آورد,1,0,1,True,True,آورد,0.0,1.0,1.0,True,False,False,False
بشارت فرمود,1,1,1,True,True,فرمود,1.0,1.0,0.0,False,False,False,False
بشارت داد,1,1,1,True,True,داد,1.0,1.0,0.0,False,False,False,False
بنده گردانید,1,1,0,False,True,گردانید,1.0,0.0,0.0,False,False,False,False
بمباران شد,1,0,0,True,True,شد,0.0,0.0,1.0,False,False,False,False
بلوکه کرد,1,1,0,False,True,کرد,1.0,0.0,0.0,False,False,False,False
به ساخت,1,1,0,False,True,ساخت,1.0,0.0,0.0,False,False,False,False
به آورد,1,1,1,True,True,آورد,1.0,1.0,0.0,False,False,False,False
بنیان گذارد,1,1,0,True,True,گذارد,1.0,0.0,0.0,False,False,False,False
بنیان شد,1,0,1,True,True,شد,0.0,1.0,1.0,True,False,False,False
بنزین زد,1,0,0,True,True,زد,0.0,0.0,1.0,False,False,False,False
بنده‌نوازی کرد,1,0,0,True,True,کرد,0.0,0.0,1.0,False,False,False,False
کار شد,1,0,0,True,True,شد,0.0,0.0,1.0,False,False,False,False
کار بست,1,1,0,True,True,بست,1.0,0.0,0.0,False,False,False,False
کادربندی شد,1,0,0,True,True,شد,0.0,0.0,1.0,False,False,False,False
چیز افتاد,1,0,0,True,True,افتاد,0.0,0.0,1.0,False,False,False,False
چیره کرد,1,0,0,False,True,کرد,0.0,0.0,1.0,False,False,False,False
برکت شد,1,0,0,True,True,شد,0.0,0.0,1.0,False,False,False,False
برپا ساخت,1,1,0,False,True,ساخت,1.0,0.0,0.0,False,False,False,False
برپا داشت,1,1,0,True,True,داشت,1.0,0.0,0.0,False,False,False,False
بسیج شد,1,0,1,True,True,شد,0.0,1.0,1.0,True,False,False,False
بسنده کرد,1,0,0,False,True,کرد,0.0,0.0,1.0,False,False,False,False
بسط داد,1,1,0,True,True,داد,1.0,0.0,0.0,False,False,False,False
بستری کرد,1,1,0,False,True,کرد,1.0,0.0,0.0,False,False,False,False
بسترسازی شد,1,0,0,True,True,شد,0.0,0.0,1.0,False,False,False,False
بزرگ‌نمایی شد,1,0,0,True,True,شد,0.0,0.0,1.0,False,False,False,False
کافر شد,1,0,1,True,True,شد,0.0,1.0,1.0,True,False,False,False
کاشی‌کاری کرد,1,1,0,True,True,کرد,1.0,0.0,0.0,False,False,False,False
کار گرفت,1,1,0,True,True,گرفت,1.0,0.0,0.0,False,False,False,False
کار گذاشت,1,1,1,True,True,گذاشت,1.0,1.0,0.0,False,False,False,False
بلوا شد,1,0,0,True,True,شد,0.0,0.0,1.0,False,False,False,False
بلند ساخت,1,1,0,False,True,ساخت,1.0,0.0,0.0,False,False,False,False
بلا کرد,1,1,0,False,True,کرد,1.0,0.0,0.0,False,False,False,False
بدی کرد,1,0,1,True,True,کرد,0.0,1.0,1.0,True,False,False,False
بررسی نمود,1,1,0,True,True,نمود,1.0,0.0,0.0,False,False,False,False
برخوردار کرد,1,1,0,False,True,کرد,1.0,0.0,0.0,False,False,False,False
برخورد نمود,1,0,1,True,True,نمود,0.0,1.0,1.0,True,False,False,False
برج‌سازی کرد,1,0,0,True,True,کرد,0.0,0.0,1.0,False,False,False,False
برهمکنش کرد,1,0,1,True,True,کرد,0.0,1.0,1.0,True,False,False,False
برنده کرد,1,0,0,False,True,کرد,0.0,0.0,1.0,False,False,False,False
برنامه‌ریزی نمود,1,0,0,True,True,نمود,0.0,0.0,1.0,False,False,False,False
برنامه‌ریزی شد,1,0,0,True,True,شد,0.0,0.0,1.0,False,False,False,False
برملا کرد,1,1,0,False,True,کرد,1.0,0.0,0.0,False,False,False,False
برقرار نمود,1,1,0,True,True,نمود,1.0,0.0,0.0,False,False,False,False
برقرار ساخت,1,1,1,True,True,ساخت,1.0,1.0,0.0,False,False,False,False
برف‌روبی شد,1,0,0,True,True,شد,0.0,0.0,1.0,False,False,False,False
کتابدار کرد,1,0,0,True,True,کرد,0.0,0.0,1.0,False,False,False,False
کامل کرد,1,1,0,False,True,کرد,1.0,0.0,0.0,False,False,False,False
بزرگ نمود,1,0,0,False,True,نمود,0.0,0.0,1.0,False,False,False,False
بدل گشت,1,0,1,True,True,گشت,0.0,1.0,1.0,True,False,False,False
بدعت‌گذاری شد,1,0,0,True,True,شد,0.0,0.0,1.0,False,False,False,False
بدشانسی آورد,1,0,0,True,True,آورد,0.0,0.0,1.0,False,False,False,False
بدرقه نمود,1,1,0,True,True,نمود,1.0,0.0,0.0,False,False,False,False
بدخوری شد,1,0,0,True,True,شد,0.0,0.0,1.0,False,False,False,False
بداخلاقی کرد,1,0,0,False,True,کرد,0.0,0.0,1.0,False,False,False,False
بد کرد,1,0,0,True,True,کرد,0.0,0.0,1.0,False,False,False,False
کسب نمود,1,0,0,True,True,نمود,0.0,0.0,1.0,False,False,False,False
کری‌خوانی کرد,1,0,0,True,True,کرد,0.0,0.0,1.0,False,False,False,False
کراهت آمد,1,0,1,True,True,آمد,0.0,1.0,1.0,True,False,False,False
کج کرد,1,1,0,False,True,کرد,1.0,0.0,0.0,False,False,False,False
کثیف کرد,1,1,0,False,True,کرد,1.0,0.0,0.0,False,False,False,False
برابری شد,1,0,1,True,True,شد,0.0,1.0,1.0,True,False,False,False
برابر کرد,1,1,0,False,True,کرد,1.0,0.0,0.0,False,False,False,False
بر خورد,1,0,0,True,True,خورد,0.0,0.0,1.0,False,False,False,False
بذله‌گویی کرد,1,0,0,True,True,کرد,0.0,0.0,1.0,False,False,False,False
باغبان کرد,1,1,0,True,True,کرد,1.0,0.0,0.0,False,False,False,False
بازیافت شد,1,0,0,True,True,شد,0.0,0.0,1.0,False,False,False,False
بازیابی کرد,1,1,0,True,True,کرد,1.0,0.0,0.0,False,False,False,False
بازی شد,1,0,0,True,True,شد,0.0,0.0,1.0,False,False,False,False
بجا آورد,1,1,0,True,True,آورد,1.0,0.0,0.0,False,False,False,False
بت‌پرستی کرد,1,0,0,True,True,کرد,0.0,0.0,1.0,False,False,False,False
ببرسواری نمود,1,0,0,True,True,نمود,0.0,0.0,1.0,False,False,False,False
باور شد,1,0,0,True,True,شد,0.0,0.0,1.0,False,False,False,False
بانگ شد,1,0,0,True,True,شد,0.0,0.0,1.0,False,False,False,False
کف داد,1,1,0,True,True,داد,1.0,0.0,0.0,False,False,False,False
کشانید,1,1,1,False,False,,1.0,1.0,0.0,False,False,False,False
کسر کرد,1,1,1,True,True,کرد,1.0,1.0,0.0,False,False,False,False
کسر شد,1,1,0,True,True,شد,1.0,0.0,0.0,False,False,False,False
بخشش کرد,1,0,1,True,True,کرد,0.0,1.0,1.0,True,False,False,False
بخشش نمود,1,0,0,True,True,نمود,0.0,0.0,1.0,False,False,False,False
بخش شد,1,0,0,True,True,شد,0.0,0.0,1.0,False,False,False,False
بازسازی شد,1,0,0,True,True,شد,0.0,0.0,1.0,False,False,False,False
بازرسی شد,1,0,0,True,True,شد,0.0,0.0,1.0,False,False,False,False
بازدید شد,1,0,0,True,True,شد,0.0,0.0,1.0,False,False,False,False
بازداشت کرد,1,1,0,True,True,کرد,1.0,0.0,0.0,False,False,False,False
بازداشت شد,1,0,0,True,True,شد,0.0,0.0,1.0,False,False,False,False
بازخواست شد,1,0,0,True,True,شد,0.0,0.0,1.0,False,False,False,False
بازجویی شد,1,0,0,True,True,شد,0.0,0.0,1.0,False,False,False,False
کلافه کرد,1,1,0,False,True,کرد,1.0,0.0,0.0,False,False,False,False
کفن کرد,1,0,0,True,True,کرد,0.0,0.0,1.0,False,False,False,False
کفر گرفت,1,0,0,True,True,گرفت,0.0,0.0,1.0,False,False,False,False
کف کرد,1,0,0,True,True,کرد,0.0,0.0,1.0,False,False,False,False
بازگو شد,1,0,0,True,True,شد,0.0,0.0,1.0,False,False,False,False
بازگشایی شد,1,0,0,True,True,شد,0.0,0.0,1.0,False,False,False,False
بازگرداندی کرد,1,1,0,True,True,کرد,1.0,0.0,0.0,False,False,False,False
بازنویسی شد,1,0,0,True,True,شد,0.0,0.0,1.0,False,False,False,False
بازنمایی شد,1,0,1,True,True,شد,0.0,1.0,1.0,True,False,False,False
بارگذاری شد,1,0,1,True,True,شد,0.0,1.0,1.0,True,False,False,False
بارور گردانید,1,1,0,False,True,گردانید,1.0,0.0,0.0,False,False,False,False
بارفیکس زد,1,0,0,True,True,زد,0.0,0.0,1.0,False,False,False,False
بادکش شد,1,0,0,True,True,شد,0.0,0.0,1.0,False,False,False,False
باد شد,1,0,0,True,True,شد,0.0,0.0,1.0,False,False,False,False
بازتعریف شد,1,0,0,True,True,شد,0.0,0.0,1.0,False,False,False,False
بازتاب شد,1,0,0,True,True,شد,0.0,0.0,1.0,False,False,False,False
بازآفرینی شد,1,0,0,True,True,شد,0.0,0.0,1.0,False,False,False,False
کمک شد,1,0,1,True,True,شد,0.0,1.0,1.0,True,False,False,False
کمرنگ کرد,1,1,0,False,True,کرد,1.0,0.0,0.0,False,False,False,False
کمر بست,1,0,1,True,True,بست,0.0,1.0,1.0,True,False,False,False
کم گذاشت,1,0,1,True,True,گذاشت,0.0,1.0,1.0,True,False,False,False
کم خورد,1,0,0,False,True,خورد,0.0,0.0,1.0,False,False,False,False
کلنجار رفت,1,0,1,True,True,رفت,0.0,1.0,1.0,True,False,False,False
بازنشسته کرد,1,0,0,False,True,کرد,0.0,0.0,1.0,False,False,False,False
بازشناسی شد,1,0,0,True,True,شد,0.0,0.0,1.0,False,False,False,False
انکشاف داد,1,1,0,True,True,داد,1.0,0.0,0.0,False,False,False,False
انکار شد,1,0,0,True,True,شد,0.0,0.0,1.0,False,False,False,False
اکرام نمود,1,1,0,True,True,نمود,1.0,0.0,0.0,False,False,False,False
اکرام فرمود,1,1,0,True,True,فرمود,1.0,0.0,0.0,False,False,False,False
اکرام شد,1,0,0,True,True,شد,0.0,0.0,1.0,False,False,False,False
اکتفا کرد,1,0,1,True,True,کرد,0.0,1.0,1.0,True,False,False,False
اکتشاف شد,1,0,0,True,True,شد,0.0,0.0,1.0,False,False,False,False
کنار آمد,1,0,1,True,True,آمد,0.0,1.0,1.0,True,False,False,False
کم‌اعتنا کرد,1,1,0,False,True,کرد,1.0,0.0,0.0,False,False,False,False
باخبر کرد,1,0,0,False,True,کرد,0.0,0.0,1.0,False,False,False,False
باج‌گیری شد,1,0,0,True,True,شد,0.0,0.0,1.0,False,False,False,False
ایمن‌سازی شد,1,0,0,True,True,شد,0.0,0.0,1.0,False,False,False,False
ایمن کرد,1,1,0,False,True,کرد,1.0,0.0,0.0,False,False,False,False
ایستادگی ورزید,1,0,0,True,True,ورزید,0.0,0.0,1.0,False,False,False,False
ایزوگام کرد,1,1,0,False,True,کرد,1.0,0.0,0.0,False,False,False,False
ایجاد گشت,1,0,0,True,True,گشت,0.0,0.0,1.0,False,False,False,False
انتخاب گشت,1,0,0,True,True,گشت,0.0,0.0,1.0,False,False,False,False
انتخاب نمود,1,1,0,True,True,نمود,1.0,0.0,0.0,False,False,False,False
اندوخت,1,1,0,False,False,,1.0,0.0,0.0,False,False,False,False
انقباض کرد,1,0,0,True,True,کرد,0.0,0.0,1.0,False,False,False,False
انفاق کرد,1,0,0,True,True,کرد,0.0,0.0,1.0,False,False,False,False
انعکاس شد,1,0,0,True,True,شد,0.0,0.0,1.0,False,False,False,False
انعقاد شد,1,0,0,True,True,شد,0.0,0.0,1.0,False,False,False,False
انعام شد,1,0,0,True,True,شد,0.0,0.0,1.0,False,False,False,False
کوتاه کرد,1,1,0,False,True,کرد,1.0,0.0,0.0,False,False,False,False
کنف کرد,1,1,0,False,True,کرد,1.0,0.0,0.0,False,False,False,False
کند کرد,1,1,0,False,True,کرد,1.0,0.0,0.0,False,False,False,False
اهمیت داد,1,0,1,True,True,داد,0.0,1.0,1.0,True,False,False,False
اهلی کرد,1,1,0,False,True,کرد,1.0,0.0,0.0,False,False,False,False
اهدا شد,1,1,1,True,True,شد,1.0,1.0,0.0,False,False,False,False
اهتمام شد,1,0,0,True,True,شد,0.0,0.0,1.0,False,False,False,False
انگشت‌نگاری شد,1,0,1,True,True,شد,0.0,1.0,1.0,True,False,False,False
الهام شد,1,0,1,True,True,شد,0.0,1.0,1.0,True,False,False,False
القا نمود,1,1,1,True,True,نمود,1.0,1.0,0.0,False,False,False,False
امتحان داد,1,0,0,True,True,داد,0.0,0.0,1.0,False,False,False,False
امانت گذاشت,1,1,0,True,True,گذاشت,1.0,0.0,0.0,False,False,False,False
الگوبرداری شد,1,0,0,True,True,شد,0.0,0.0,1.0,False,False,False,False
امساک نمود,1,0,1,True,True,نمود,0.0,1.0,1.0,True,False,False,False
امداد شد,1,0,1,True,True,شد,0.0,1.0,1.0,True,False,False,False
کوچک‌نمایی کرد,1,0,0,True,True,کرد,0.0,0.0,1.0,False,False,False,False
کوه‌پیمایی کرد,1,0,1,True,True,کرد,0.0,1.0,1.0,True,False,False,False
انتخاب داشت,1,1,0,True,True,داشت,1.0,0.0,0.0,False,False,False,False
انبوه‌سازی شد,1,0,0,True,True,شد,0.0,0.0,1.0,False,False,False,False
امضاء کرد,1,1,0,True,True,کرد,1.0,0.0,0.0,False,False,False,False
امضا نمود,1,1,0,True,True,نمود,1.0,0.0,0.0,False,False,False,False
انتظار داشت,1,1,0,True,True,داشت,1.0,0.0,0.0,False,False,False,False
انتشار یافت,1,0,0,True,True,یافت,0.0,0.0,1.0,False,False,False,False
انتخابات کرد,1,0,0,True,True,کرد,0.0,0.0,1.0,False,False,False,False
اغراق شد,1,0,1,True,True,شد,0.0,1.0,1.0,True,False,False,False
اعمال نمود,1,1,1,True,True,نمود,1.0,1.0,0.0,False,False,False,False
اعمال شد,1,0,1,True,True,شد,0.0,1.0,1.0,True,False,False,False
افراط شد,1,0,1,True,True,شد,0.0,1.0,1.0,True,False,False,False
افتتاح شد,1,0,0,True,True,شد,0.0,0.0,1.0,False,False,False,False
اق نشست,1,0,1,True,True,نشست,0.0,1.0,1.0,True,False,False,False
افشا شد,1,0,0,True,True,شد,0.0,0.0,1.0,False,False,False,False
گذشت کرد,1,0,0,True,True,کرد,0.0,0.0,1.0,False,False,False,False
کیلو انداخت,1,0,1,True,True,انداخت,0.0,1.0,1.0,True,False,False,False
اقدام نمود,1,0,0,True,True,نمود,0.0,0.0,1.0,False,False,False,False
اقدام شد,1,0,1,True,True,شد,0.0,1.0,1.0,True,False,False,False
اقتضا داشت,1,1,0,True,True,داشت,1.0,0.0,0.0,False,False,False,False
اقتصادسنجی کرد,1,0,0,True,True,کرد,0.0,0.0,1.0,False,False,False,False
اقبال نمود,1,0,1,True,True,نمود,0.0,1.0,1.0,True,False,False,False
اقامه نمود,1,1,0,True,True,نمود,1.0,0.0,0.0,False,False,False,False
اقامه شد,1,0,0,True,True,شد,0.0,0.0,1.0,False,False,False,False
اشاره نمود,1,0,1,True,True,نمود,0.0,1.0,1.0,True,False,False,False
اسیر کرد,1,1,0,False,True,کرد,1.0,0.0,0.0,False,False,False,False
اسیدشور کرد,1,1,0,True,True,کرد,1.0,0.0,0.0,False,False,False,False
اسکورت شد,1,0,0,True,True,شد,0.0,0.0,1.0,False,False,False,False
اصلاح شد,1,0,0,True,True,شد,0.0,0.0,1.0,False,False,False,False
اشکال کرد,1,0,0,True,True,کرد,0.0,0.0,1.0,False,False,False,False
اشغال نمود,1,1,0,False,True,نمود,1.0,0.0,0.0,False,False,False,False
گردن گذارد,1,0,1,True,True,گذارد,0.0,1.0,1.0,True,False,False,False
گران کرد,1,1,0,False,True,کرد,1.0,0.0,0.0,False,False,False,False
اعتراف داشت,1,1,0,True,True,داشت,1.0,0.0,0.0,False,False,False,False
اعتراض نمود,1,0,1,True,True,نمود,0.0,1.0,1.0,True,False,False,False
اطلاق گشت,1,0,1,True,True,گشت,0.0,1.0,1.0,True,False,False,False
اطلاق شد,1,0,1,True,True,شد,0.0,1.0,1.0,True,False,False,False
اعراض داد,1,1,1,True,True,داد,1.0,1.0,0.0,False,False,False,False
اعدام شد,1,0,0,True,True,شد,0.0,0.0,1.0,False,False,False,False
اعتماد نمود,1,0,1,True,True,نمود,0.0,1.0,1.0,True,False,False,False
استقامت ورزیده‌اند,1,0,1,True,True,ورزیده‌اند,0.0,1.0,1.0,True,False,False,False
استوار کرد,1,1,0,False,True,کرد,1.0,0.0,0.0,False,False,False,False
استنکاف ورزیده‌اند,1,0,0,True,True,ورزیده‌اند,0.0,0.0,1.0,False,False,False,False
استنشاق شد,1,0,0,True,True,شد,0.0,0.0,1.0,False,False,False,False
استنساخ شد,1,0,0,True,True,شد,0.0,0.0,1.0,False,False,False,False
استنباط شد,1,0,0,True,True,شد,0.0,0.0,1.0,False,False,False,False
اسکن شد,1,0,0,True,True,شد,0.0,0.0,1.0,False,False,False,False
اسپری شد,1,0,1,True,True,شد,0.0,1.0,1.0,True,False,False,False
اسهال کرد,1,1,0,True,True,کرد,1.0,0.0,0.0,False,False,False,False
اسقاط کرد,1,1,0,True,True,کرد,1.0,0.0,0.0,False,False,False,False
گروکشی شد,1,1,0,True,True,شد,1.0,0.0,0.0,False,False,False,False
گرم نمود,1,1,0,False,True,نمود,1.0,0.0,0.0,False,False,False,False
گرفتار ساخت,1,1,0,False,True,ساخت,1.0,0.0,0.0,False,False,False,False
گرفتار آمد,1,0,1,True,True,آمد,0.0,1.0,1.0,True,False,False,False
اشتباه گرفت,1,1,1,True,True,گرفت,1.0,1.0,0.0,False,False,False,False
اشاعه شد,1,0,0,True,True,شد,0.0,0.0,1.0,False,False,False,False
استجابت شد,1,0,0,True,True,شد,0.0,0.0,1.0,False,False,False,False
استتار شد,1,0,0,True,True,شد,0.0,0.0,1.0,False,False,False,False
استشمام شد,1,0,0,True,True,شد,0.0,0.0,1.0,False,False,False,False
استریل کرد,1,1,0,False,True,کرد,1.0,0.0,0.0,False,False,False,False
استرداد شد,1,0,0,True,True,شد,0.0,0.0,1.0,False,False,False,False
استراحت نمود,1,0,0,True,True,نمود,0.0,0.0,1.0,False,False,False,False
استدعا داشت,1,1,1,True,True,داشت,1.0,1.0,0.0,False,False,False,False
استخفاف نمود,1,0,0,True,True,نمود,0.0,0.0,1.0,False,False,False,False
گزافه‌گویی شد,1,0,0,True,True,شد,0.0,0.0,1.0,False,False,False,False
گزارش شد,1,0,0,True,True,شد,0.0,0.0,1.0,False,False,False,False
گریه انداخت,1,0,0,True,True,انداخت,0.0,0.0,1.0,False,False,False,False
گریز زد,1,0,0,True,True,زد,0.0,0.0,1.0,False,False,False,False
استفاده داشت,1,0,0,True,True,داشت,0.0,0.0,1.0,False,False,False,False
استعلام شد,1,0,1,True,True,شد,0.0,1.0,1.0,True,False,False,False
استعاره گرفت,1,1,0,False,True,گرفت,1.0,0.0,0.0,False,False,False,False
استقبال شد,1,0,0,True,True,شد,0.0,0.0,1.0,False,False,False,False
ارزیابی نمود,1,1,0,True,True,نمود,1.0,0.0,0.0,False,False,False,False
ارزش‌گذاری کرد,1,0,0,True,True,کرد,0.0,0.0,1.0,False,False,False,False
ارجمند داشت,1,1,0,False,True,داشت,1.0,0.0,0.0,False,False,False,False
استانداردسازی شد,1,0,0,True,True,شد,0.0,0.0,1.0,False,False,False,False
ازدیاد شد,1,0,1,True,True,شد,0.0,1.0,1.0,True,False,False,False
ازدواج نمود,1,0,1,True,True,نمود,0.0,1.0,1.0,True,False,False,False
ارنج کرد,1,1,0,True,True,کرد,1.0,0.0,0.0,False,False,False,False
ارمغان فرستاد,1,1,1,True,True,فرستاد,1.0,1.0,0.0,False,False,False,False
گسیل داشت,1,1,0,True,True,داشت,1.0,0.0,0.0,False,False,False,False
گسترده کرد,1,1,0,False,True,کرد,1.0,0.0,0.0,False,False,False,False
گستاخی شد,1,0,0,True,True,شد,0.0,0.0,1.0,False,False,False,False
گس کرد,1,0,0,False,True,کرد,0.0,0.0,1.0,False,False,False,False
استخراج نمود,1,1,0,True,True,نمود,1.0,0.0,0.0,False,False,False,False
استخراج شد,1,0,0,True,True,شد,0.0,0.0,1.0,False,False,False,False
استخدام شد,1,0,0,True,True,شد,0.0,0.0,1.0,False,False,False,False
استحاله شد,1,0,0,True,True,شد,0.0,0.0,1.0,False,False,False,False
اخفا شد,1,0,0,True,True,شد,0.0,0.0,1.0,False,False,False,False
اخراج شد,1,0,0,True,True,شد,0.0,0.0,1.0,False,False,False,False
ادیت کرد,1,1,0,True,True,کرد,1.0,0.0,0.0,False,False,False,False
ادغام شد,1,0,1,True,True,شد,0.0,1.0,1.0,True,False,False,False
ادبار کرد,1,0,0,True,True,کرد,0.0,0.0,1.0,False,False,False,False
ادب کرد,1,1,0,True,True,کرد,1.0,0.0,0.0,False,False,False,False
ارجاع داد,1,1,0,True,True,داد,1.0,0.0,0.0,False,False,False,False
ارج گذاشت,1,1,0,True,True,گذاشت,1.0,0.0,0.0,False,False,False,False
ارتعاش کرد,1,0,0,True,True,کرد,0.0,0.0,1.0,False,False,False,False
اراده فرمود,1,1,0,True,True,فرمود,1.0,0.0,0.0,False,False,False,False
ارائه نمود,1,1,0,True,True,نمود,1.0,0.0,0.0,False,False,False,False
گفت شد,1,0,1,True,True,شد,0.0,1.0,1.0,True,False,False,False
گشت‌زنی شد,1,1,0,True,True,شد,1.0,0.0,0.0,False,False,False,False
گشایش شد,1,0,0,True,True,شد,0.0,0.0,1.0,False,False,False,False
گشاده داشت,1,1,0,False,True,داشت,1.0,0.0,0.0,False,False,False,False
گسیل شد,1,0,1,True,True,شد,0.0,1.0,1.0,True,False,False,False
احداث گشت,1,0,1,True,True,گشت,0.0,1.0,1.0,True,False,False,False
احتیاط شد,1,0,1,True,True,شد,0.0,1.0,1.0,True,False,False,False
احتیاج داشت,1,0,0,True,True,داشت,0.0,0.0,1.0,False,False,False,False
احتکار شد,1,0,0,True,True,شد,0.0,0.0,1.0,False,False,False,False
اختلاس شد,1,0,1,True,True,شد,0.0,1.0,1.0,True,False,False,False
اختصاص یافت,1,0,1,True,True,یافت,0.0,1.0,1.0,True,False,False,False
اخاذی شد,1,0,1,True,True,شد,0.0,1.0,1.0,True,False,False,False
احیا شد,1,0,0,True,True,شد,0.0,0.0,1.0,False,False,False,False
گله‌گذاری شد,1,0,1,True,True,شد,0.0,1.0,1.0,True,False,False,False
گله شد,1,0,1,True,True,شد,0.0,1.0,1.0,True,False,False,False
گلریزان کرد,1,0,0,True,True,کرد,0.0,0.0,1.0,False,False,False,False
گلدوزی شد,1,0,0,True,True,شد,0.0,0.0,1.0,False,False,False,False
گلباران شد,1,1,0,True,True,شد,1.0,0.0,0.0,False,False,False,False
گلایه شد,1,0,1,True,True,شد,0.0,1.0,1.0,True,False,False,False
گل شد,1,0,0,True,True,شد,0.0,0.0,1.0,False,False,False,False
گفت‌وگو کرد,1,0,1,True,True,کرد,0.0,1.0,1.0,True,False,False,False
اجابت فرمود,1,1,0,True,True,فرمود,1.0,0.0,0.0,False,False,False,False
احتجاج شد,1,0,1,True,True,شد,0.0,1.0,1.0,True,False,False,False
احاله شد,1,0,1,True,True,شد,0.0,1.0,1.0,True,False,False,False
احاله داد,1,0,0,True,True,داد,0.0,0.0,1.0,False,False,False,False
احاطه شد,1,0,0,True,True,شد,0.0,0.0,1.0,False,False,False,False
اجیر کرد,1,1,0,False,True,کرد,1.0,0.0,0.0,False,False,False,False
اجرا گشت,1,0,0,True,True,گشت,0.0,0.0,1.0,False,False,False,False
گمان شد,1,0,0,True,True,شد,0.0,0.0,1.0,False,False,False,False
گمان برد,1,0,0,True,True,برد,0.0,0.0,1.0,False,False,False,False
گمارید,1,1,0,False,False,,1.0,0.0,0.0,False,False,False,False
گل‌کاری شد,1,0,0,True,True,شد,0.0,0.0,1.0,False,False,False,False
گل‌اندود کرد,1,0,0,False,True,کرد,0.0,0.0,1.0,False,False,False,False
گلوله‌باران شد,1,0,0,True,True,شد,0.0,0.0,1.0,False,False,False,False
احسان شد,1,0,1,True,True,شد,0.0,1.0,1.0,True,False,False,False
احساس نمود,1,0,0,True,True,نمود,0.0,0.0,1.0,False,False,False,False
احساس شد,1,0,0,True,True,شد,0.0,0.0,1.0,False,False,False,False
آمیزش شد,1,0,1,True,True,شد,0.0,1.0,1.0,True,False,False,False
آینه‌کاری کرد,1,1,0,True,True,کرد,1.0,0.0,0.0,False,False,False,False
آگاه کرد,1,1,0,False,True,کرد,1.0,0.0,0.0,False,False,False,False
آکنده کرد,1,1,0,False,True,کرد,1.0,0.0,0.0,False,False,False,False
آکنده ساخت,1,1,0,False,True,ساخت,1.0,0.0,0.0,False,False,False,False
ابله کرد,1,1,0,False,True,کرد,1.0,0.0,0.0,False,False,False,False
ابزار ساخت,1,1,0,False,True,ساخت,1.0,0.0,0.0,False,False,False,False
ابراز نمود,1,1,0,True,True,نمود,1.0,0.0,0.0,False,False,False,False
گند زد,1,0,0,True,True,زد,0.0,0.0,1.0,False,False,False,False
گناه ورزید,1,0,0,True,True,ورزید,0.0,0.0,1.0,False,False,False,False
گناه شد,1,0,0,True,True,شد,0.0,0.0,1.0,False,False,False,False
گمانه‌زنی شد,1,0,0,True,True,شد,0.0,0.0,1.0,False,False,False,False
اثبات شد,1,0,0,True,True,شد,0.0,0.0,1.0,False,False,False,False
اتهام زد,1,0,0,True,True,زد,0.0,0.0,1.0,False,False,False,False
اجحاف شد,1,0,0,True,True,شد,0.0,0.0,1.0,False,False,False,False
اجابت نمود,1,1,0,True,True,نمود,1.0,0.0,0.0,False,False,False,False
آشنا ساخت,1,1,0,False,True,ساخت,1.0,0.0,0.0,False,False,False,False
آشفته ساخت,1,1,0,False,True,ساخت,1.0,0.0,0.0,False,False,False,False
آسیب دید,1,0,1,True,True,دید,0.0,1.0,1.0,True,False,False,False
آسفالت کرد,1,1,0,True,True,کرد,1.0,0.0,0.0,False,False,False,False
آغاز نمود,1,1,1,True,True,نمود,1.0,1.0,0.0,False,False,False,False
آغاز,1,0,0,False,False,,0.0,0.0,1.0,False,False,False,False
آشکار نمود,1,1,0,False,True,نمود,1.0,0.0,0.0,False,False,False,False
گیج کرد,1,1,0,False,True,کرد,1.0,0.0,0.0,False,False,False,False
گپ زد,1,0,1,True,True,زد,0.0,1.0,1.0,True,False,False,False
گویندگی شد,1,0,0,True,True,شد,0.0,0.0,1.0,False,False,False,False
آمارگیری شد,1,0,0,True,True,شد,0.0,0.0,1.0,False,False,False,False
آماده ساخت,1,1,0,False,True,ساخت,1.0,0.0,0.0,False,False,False,False
آلوده کرد,1,1,0,False,True,کرد,1.0,0.0,0.0,False,False,False,False
آفتاب کرد,1,0,0,False,True,کرد,0.0,0.0,1.0,False,False,False,False
آندوسکوپی کرد,1,1,0,True,True,کرد,1.0,0.0,0.0,False,False,False,False
آن کرد,1,1,0,False,True,کرد,1.0,0.0,0.0,False,False,False,False
‌گذشت,1,0,0,False,False,,0.0,0.0,1.0,False,False,False,False
‌گذاشت,1,1,1,False,False,,1.0,1.0,0.0,False,False,False,False
‌نهاد,1,1,0,False,False,,1.0,0.0,0.0,False,False,False,False
‌غلتید,1,0,1,False,False,,0.0,1.0,1.0,True,False,False,False
‌شناخت,1,1,0,False,False,,1.0,0.0,0.0,False,False,False,False
CSSنویسی کرد,1,0,0,True,True,کرد,0.0,0.0,1.0,False,False,False,False
‌تابید,1,1,0,False,False,,1.0,0.0,0.0,False,False,False,False
یدک کشید,1,1,0,True,True,کشید,1.0,0.0,0.0,False,False,False,False
یاری نمود,1,1,1,True,True,نمود,1.0,1.0,0.0,False,False,False,False
یاری فرمود,1,1,1,True,True,فرمود,1.0,1.0,0.0,False,False,False,False
یار کرد,1,1,0,False,True,کرد,1.0,0.0,0.0,False,False,False,False
آتش‌افروزی شد,1,0,0,True,True,شد,0.0,0.0,1.0,False,False,False,False
آب‌پاشی شد,1,0,0,True,True,شد,0.0,0.0,1.0,False,False,False,False
آب‌رسانی شد,1,0,0,True,True,شد,0.0,0.0,1.0,False,False,False,False
آردپاشی کرد,1,1,0,True,True,کرد,1.0,0.0,0.0,False,False,False,False
آرایشگر کرد,1,0,0,False,True,کرد,0.0,0.0,1.0,False,False,False,False
مزاح شد,1,0,0,True,True,شد,0.0,0.0,1.0,False,False,False,False
مرقوم فرمود,1,0,0,True,True,فرمود,0.0,0.0,1.0,False,False,False,False
‌افروخت,1,1,0,False,False,,1.0,0.0,0.0,False,False,False,False
‌آمیخت,1,0,1,False,False,,0.0,1.0,1.0,True,False,False,False
‌آفرید,1,1,0,False,False,,1.0,0.0,0.0,False,False,False,False
‌آشوبید,1,0,1,False,False,,0.0,1.0,1.0,True,False,False,False
یک‌سره کرد,1,1,0,False,True,کرد,1.0,0.0,0.0,False,False,False,False
یکدندگی کرد,1,0,0,True,True,کرد,0.0,0.0,1.0,False,False,False,False
یورتمه رفت,1,0,0,True,True,رفت,0.0,0.0,1.0,False,False,False,False
آبیاری شد,1,0,0,True,True,شد,0.0,0.0,1.0,False,False,False,False
آبی کرد,1,0,0,False,True,کرد,0.0,0.0,1.0,False,False,False,False
آبکی کرد,1,1,0,False,True,کرد,1.0,0.0,0.0,False,False,False,False
آبروریزی کرد,1,0,0,True,True,کرد,0.0,0.0,1.0,False,False,False,False
آبروداری شد,1,0,0,True,True,شد,0.0,0.0,1.0,False,False,False,False
آبادی گرفت,1,0,0,True,True,گرفت,0.0,0.0,1.0,False,False,False,False
آباد کرد,1,1,0,False,True,کرد,1.0,0.0,0.0,False,False,False,False
