predicate,cp_strict,cp_broad,light_verb,n,n_obj,omission_rate,obj_entropy,obj_entropy_r10,top_obj_share,top_obj,obj_ttr,bare_rate,no_ra_rate,pron_rate,log_freq,reliable
آب گرفت,True,True,گرفت,10,9,0.1,3.508750850676909,,0.2222222222222222,لانه,0.8888888888888888,0.0,0.0,0.0,2.302585092994046,False
آب‌رسانی کرد,True,True,کرد,7,3,0.5714285714285714,2.065860847684144,,0.3333333333333333,روستا,1.0,0.0,0.0,0.0,1.9459101490553132,False
آب‌پاشی کرد,True,True,کرد,8,5,0.375,2.8990061112429473,,0.2,زمین,1.0,0.0,0.0,0.0,2.0794415416798357,False
آب‌کشی کرد,True,True,کرد,6,3,0.5,2.065860847684144,,0.3333333333333333,لباس,1.0,0.0,0.0,0.3333333333333333,1.791759469228055,False
آب‌گیری کرد,True,True,کرد,9,5,0.4444444444444444,1.8104671030651547,,0.4,دریاچه,0.6,0.0,0.0,0.0,2.1972245773362196,False
آتش زد,True,True,زد,13,9,0.3076923076923077,3.8111227973929624,,0.1111111111111111,سطل,1.0,0.1111111111111111,0.2222222222222222,0.1111111111111111,2.5649493574615367,False
آذین بست,True,True,بست,8,8,0.0,3.2910106403333614,,0.25,زمین,0.875,0.0,0.0,0.0,2.0794415416798357,False
آذین کرد,True,True,کرد,9,7,0.2222222222222222,3.425652796724303,,0.14285714285714285,سفره,1.0,0.0,0.0,0.0,2.1972245773362196,False
آراست,False,False,,9,9,0.0,3.8111227973929624,,0.1111111111111111,دل,1.0,0.1111111111111111,0.11111111111111116,0.1111111111111111,2.1972245773362196,False
آرایش کرد,True,True,کرد,7,5,0.2857142857142857,2.8990061112429473,,0.2,بدنه,1.0,0.0,0.19999999999999996,0.4,1.9459101490553132,False
آزار داد,True,True,داد,12,12,0.0,3.7297325158742285,2.9856739447748617,0.25,شما,0.8333333333333334,0.0,0.16666666666666663,0.4166666666666667,2.4849066497880004,True
آزرد,False,False,,9,8,0.1111111111111111,2.8564812625073674,,0.375,من,0.75,0.0,0.125,0.375,2.1972245773362196,False
آزمایش کرد,True,True,کرد,11,8,0.2727272727272727,3.6311790803889217,,0.125,من,1.0,0.0,0.0,0.25,2.3978952727983707,False
آزمود,False,False,,10,10,0.0,3.699006111242947,3.121928094887362,0.2,من,0.9,0.0,0.0,0.3,2.302585092994046,True
آستر کرد,True,True,کرد,6,5,0.16666666666666666,2.3547366071540514,,0.4,داخل,0.8,0.0,0.0,0.0,1.791759469228055,False
آسیاب کرد,True,True,کرد,5,5,0.0,2.3547366071540514,,0.4,ماده,0.8,0.0,0.0,0.0,1.6094379124341003,False
آشامید,False,False,,11,6,0.45454545454545453,2.27896959427673,,0.3333333333333333,آن,0.6666666666666666,0.5,0.5,0.3333333333333333,2.3978952727983707,False
آشتی داد,True,True,داد,9,8,0.1111111111111111,3.2910106403333614,,0.25,ما,0.875,0.0,0.125,0.375,2.1972245773362196,False
آشکار ساخت,False,True,ساخت,5,4,0.2,2.5410106403333614,,0.25,نظر,1.0,0.0,0.0,0.0,1.6094379124341003,False
آشکارسازی کرد,True,True,کرد,9,9,0.0,3.508750850676909,,0.2222222222222222,فعالیت,0.8888888888888888,0.0,0.0,0.1111111111111111,2.1972245773362196,False
آغاز کرد,True,True,کرد,21,18,0.14285714285714285,3.3678133764446225,2.4989462398082405,0.3888888888888889,کار,0.6111111111111112,0.0,0.0,0.0,3.044522437723423,True
آغازید,False,False,,7,3,0.5714285714285714,2.065860847684144,,0.3333333333333333,گریه,1.0,0.3333333333333333,0.33333333333333337,0.0,1.9459101490553132,False
آغوش کشید,True,True,کشید,7,7,0.0,3.036888865232234,,0.2857142857142857,او,0.8571428571428571,0.0,0.0,0.7142857142857143,1.9459101490553132,False
آفرید,False,False,,27,26,0.037037037037037035,5.184708678534287,3.2599280948873615,0.07692307692307693,انسان,0.9230769230769231,0.15384615384615385,0.2692307692307693,0.11538461538461539,3.295836866004329,True
آلود,False,False,,6,6,0.0,2.7325275143508105,,0.3333333333333333,دست,0.8333333333333334,0.16666666666666666,0.16666666666666663,0.16666666666666666,1.791759469228055,False
آماده کرد,False,True,کرد,14,11,0.21428571428571427,3.551785496945696,2.927708525984838,0.2727272727272727,خود,0.8181818181818182,0.09090909090909091,0.09090909090909094,0.36363636363636365,2.6390573296152584,True
آمرزید,False,False,,11,9,0.18181818181818182,3.508750850676909,,0.2222222222222222,همه,0.8888888888888888,0.0,0.0,0.4444444444444444,2.3978952727983707,False
آموخت,False,False,,19,17,0.10526315789473684,4.606298888701352,3.2669280948873616,0.11764705882352941,درس,0.9411764705882353,0.0,0.17647058823529416,0.058823529411764705,2.9444389791664403,True
آموزش داد,True,True,داد,8,5,0.375,2.8990061112429473,,0.2,مسئله,1.0,0.0,0.0,0.0,2.0794415416798357,False
آنالیز کرد,True,True,کرد,9,8,0.1111111111111111,2.516312822451807,,0.375,بازی,0.625,0.0,0.0,0.0,2.1972245773362196,False
آهار زد,True,True,زد,8,6,0.25,3.186085434424891,,0.16666666666666666,آن,1.0,0.0,0.0,0.3333333333333333,2.0794415416798357,False
آهنگسازی کرد,True,True,کرد,8,3,0.625,2.065860847684144,,0.3333333333333333,موسیقی,1.0,0.0,0.0,0.0,2.0794415416798357,False
آواز داد,True,True,داد,7,5,0.2857142857142857,2.3547366071540514,,0.4,من,0.8,0.0,0.0,0.4,1.9459101490553132,False
آوانگاری کرد,True,True,کرد,5,5,0.0,2.8990061112429473,,0.2,نوحه,1.0,0.0,0.0,0.0,1.6094379124341003,False
آورد,False,False,,271,251,0.07380073800738007,7.677450697843537,3.2629280948873625,0.035856573705179286,سر,0.7131474103585658,0.1752988047808765,0.3306772908366534,0.12749003984063745,5.602118820879701,True
آویخت,False,False,,21,14,0.3333333333333333,4.088413688121126,3.122928094887362,0.14285714285714285,دست,0.8571428571428571,0.2857142857142857,0.5,0.14285714285714285,3.044522437723423,True
ابراز داشت,True,True,داشت,5,5,0.0,2.8990061112429473,,0.2,محبت,1.0,0.0,0.19999999999999996,0.0,1.6094379124341003,False
ابرام کرد,True,True,کرد,6,3,0.5,2.065860847684144,,0.3333333333333333,آن,1.0,0.0,0.0,0.3333333333333333,1.791759469228055,False
ابطال کرد,True,True,کرد,5,5,0.0,2.8990061112429473,,0.2,مصوبه,1.0,0.0,0.19999999999999996,0.0,1.6094379124341003,False
ابلاغ داشت,True,True,داشت,6,6,0.0,2.7325275143508105,,0.3333333333333333,پیام,0.8333333333333334,0.0,0.0,0.0,1.791759469228055,False
ابلاغ کرد,True,True,کرد,9,8,0.1111111111111111,3.6311790803889217,,0.125,آنچه,1.0,0.0,0.125,0.0,2.1972245773362196,False
اتخاذ داشت,True,True,داشت,10,10,0.0,2.7316243546769097,2.3709505944546687,0.3,تصمیم,0.6,0.1,0.6,0.0,2.302585092994046,True
اتخاذ کرد,True,True,کرد,10,10,0.0,2.5216378076659223,2.160964047443681,0.5,تصمیم,0.6,0.1,0.5,0.0,2.302585092994046,True
اتصال داد,True,True,داد,5,5,0.0,2.8990061112429473,,0.2,دست,1.0,0.0,0.0,0.0,1.6094379124341003,False
اتلاف کرد,True,True,کرد,5,5,0.0,2.3547366071540514,,0.4,سرمایه,0.8,0.0,0.0,0.0,1.6094379124341003,False
اتو زد,True,True,زد,8,6,0.25,2.1531550105828186,,0.5,لباس,0.6666666666666666,0.16666666666666666,0.16666666666666663,0.0,2.0794415416798357,False
اتو کشید,True,True,کشید,9,5,0.4444444444444444,1.115220098543565,,0.6,لباس,0.4,0.0,0.0,0.0,2.1972245773362196,False
اثبات کرد,True,True,کرد,7,7,0.0,3.425652796724303,,0.14285714285714285,ادعا,1.0,0.0,0.0,0.14285714285714285,1.9459101490553132,False
اجابت کرد,True,True,کرد,12,10,0.16666666666666666,3.351382608982153,2.8464393446710154,0.3,دعا,0.8,0.0,0.0,0.2,2.4849066497880004,True
اجاره داد,True,True,داد,6,6,0.0,3.186085434424891,,0.16666666666666666,محل,1.0,0.0,0.0,0.0,1.791759469228055,False
اجاره کرد,True,True,کرد,11,11,0.0,3.373016404374695,2.835928094887362,0.18181818181818182,هلیکوپتر,0.7272727272727273,0.09090909090909091,0.4545454545454546,0.0,2.3978952727983707,True
اجرا کرد,True,True,کرد,12,11,0.08333333333333333,3.551785496945696,2.9332183009891653,0.2727272727272727,برنامه,0.8181818181818182,0.09090909090909091,0.2727272727272727,0.09090909090909091,2.4849066497880004,True
اجرا گذاشت,True,True,گذاشت,5,5,0.0,2.3547366071540514,,0.4,مهریه,0.8,0.0,0.0,0.0,1.6094379124341003,False
احاطه کرد,True,True,کرد,7,7,0.0,3.425652796724303,,0.14285714285714285,ما,1.0,0.0,0.1428571428571429,0.42857142857142855,1.9459101490553132,False
احاله کرد,True,True,کرد,6,6,0.0,2.1531550105828186,,0.5,موضوع,0.6666666666666666,0.0,0.0,0.0,1.791759469228055,False
احتساب کرد,True,True,کرد,5,5,0.0,2.8990061112429473,,0.2,ر,1.0,0.0,0.0,0.0,1.6094379124341003,False
احتکار کرد,True,True,کرد,6,4,0.3333333333333333,2.5410106403333614,,0.25,یک,1.0,0.25,0.25,0.0,1.791759469228055,False
احداث کرد,True,True,کرد,8,8,0.0,3.6311790803889217,,0.125,مدرسه,1.0,0.125,0.5,0.0,2.0794415416798357,False
احراز کرد,True,True,کرد,5,5,0.0,2.8990061112429473,,0.2,شایستگی,1.0,0.0,0.0,0.0,1.6094379124341003,False
احساس کرد,True,True,کرد,26,7,0.7307692307692307,3.425652796724303,,0.14285714285714285,ساعت,1.0,0.0,0.0,0.0,3.258096538021482,False
احضار کرد,True,True,کرد,7,7,0.0,3.425652796724303,,0.14285714285714285,کاردار,1.0,0.0,0.0,0.14285714285714285,1.9459101490553132,False
احقاق کرد,True,True,کرد,5,3,0.4,1.1587450075359835,,0.6666666666666666,حق,0.6666666666666666,0.0,0.0,0.0,1.6094379124341003,False
احیا کرد,True,True,کرد,9,7,0.2222222222222222,3.425652796724303,,0.14285714285714285,آن,1.0,0.0,0.0,0.2857142857142857,2.1972245773362196,False
اختصاص داد,True,True,داد,17,17,0.0,4.446219622792855,3.196928094887362,0.11764705882352941,وقت,0.8823529411764706,0.058823529411764705,0.2941176470588235,0.0,2.833213344056216,True
اختلاس کرد,True,True,کرد,7,3,0.5714285714285714,1.1587450075359835,,0.6666666666666666,تومان,0.6666666666666666,0.3333333333333333,1.0,0.0,1.9459101490553132,False
اختیار کرد,True,True,کرد,11,11,0.0,3.551785496945696,2.9235761947315924,0.2727272727272727,سکوت,0.8181818181818182,0.45454545454545453,0.8181818181818181,0.0,2.3978952727983707,True
اخراج کرد,True,True,کرد,9,9,0.0,3.508750850676909,,0.2222222222222222,او,0.8888888888888888,0.0,0.0,0.2222222222222222,2.1972245773362196,False
اخفا کرد,True,True,کرد,6,5,0.16666666666666666,2.8990061112429473,,0.2,علامت,1.0,0.0,0.0,0.4,1.791759469228055,False
ادا کرد,True,True,کرد,6,5,0.16666666666666666,1.6594896026324615,,0.6,حق,0.6,0.0,0.0,0.0,1.791759469228055,False
اداره کرد,True,True,کرد,8,8,0.0,3.2910106403333614,,0.25,کشور,0.875,0.0,0.0,0.0,2.0794415416798357,False
ادراک کرد,True,True,کرد,10,8,0.2,3.6311790803889217,,0.125,خدا,1.0,0.0,0.0,0.125,2.302585092994046,False
ادغام کرد,True,True,کرد,9,7,0.2222222222222222,3.425652796724303,,0.14285714285714285,سبک,1.0,0.0,0.0,0.0,2.1972245773362196,False
اذیت کرد,True,True,کرد,6,5,0.16666666666666666,2.8990061112429473,,0.2,من,1.0,0.0,0.19999999999999996,0.6,1.791759469228055,False
ارائه داد,True,True,داد,19,18,0.05263157894736842,4.506887518359187,3.170737113608155,0.16666666666666666,خدمت,0.8888888888888888,0.0,0.38888888888888884,0.0,2.9444389791664403,True
ارائه کرد,True,True,کرد,13,12,0.07692307692307693,4.019418767758224,3.1889280948873617,0.16666666666666666,طرح,0.9166666666666666,0.16666666666666666,0.33333333333333337,0.0,2.5649493574615367,True
ارتباط داد,True,True,داد,6,6,0.0,3.186085434424891,,0.16666666666666666,تلگرافچی,1.0,0.0,0.0,0.0,1.791759469228055,False
ارتقا داد,True,True,داد,8,7,0.125,3.425652796724303,,0.14285714285714285,فهم,1.0,0.0,0.0,0.0,2.0794415416798357,False
ارث برد,True,True,برد,6,6,0.0,3.186085434424891,,0.16666666666666666,قد,1.0,0.0,0.0,0.0,1.791759469228055,False
ارزانی داشت,True,True,داشت,5,5,0.0,2.8990061112429473,,0.2,زندگی,1.0,0.2,0.4,0.0,1.6094379124341003,False
ارزشیابی کرد,True,True,کرد,7,4,0.42857142857142855,2.5410106403333614,,0.25,دانشگاه,1.0,0.0,0.0,0.0,1.9459101490553132,False
ارسال داشت,True,True,داشت,9,8,0.1111111111111111,3.2910106403333614,,0.25,نامه,0.875,0.25,0.5,0.0,2.1972245773362196,False
ارسال نمود,True,True,نمود,5,5,0.0,2.8990061112429473,,0.2,گزارش,1.0,0.0,0.0,0.2,1.6094379124341003,False
ارسال کرد,True,True,کرد,7,7,0.0,2.648124933740165,,0.2857142857142857,نامه,0.7142857142857143,0.14285714285714285,0.2857142857142857,0.14285714285714285,1.9459101490553132,False
ارشاد کرد,True,True,کرد,7,6,0.14285714285714285,3.186085434424891,,0.16666666666666666,بنده,1.0,0.0,0.0,0.3333333333333333,1.9459101490553132,False
ارضا کرد,True,True,کرد,8,8,0.0,3.6311790803889217,,0.125,روحیه,1.0,0.0,0.0,0.125,2.0794415416798357,False
ازدیاد کرد,True,True,کرد,6,5,0.16666666666666666,2.8990061112429473,,0.2,اشتیاق,1.0,0.0,0.0,0.0,1.791759469228055,False
استانداردسازی کرد,True,True,کرد,5,4,0.2,2.5410106403333614,,0.25,کالا,1.0,0.0,0.0,0.0,1.6094379124341003,False
استتار کرد,True,True,کرد,9,7,0.2222222222222222,1.9736467165338107,,0.5714285714285714,خود,0.5714285714285714,0.0,0.0,0.8571428571428571,2.1972245773362196,False
استثمار کرد,True,True,کرد,6,4,0.3333333333333333,2.5410106403333614,,0.25,او,1.0,0.0,0.0,0.25,1.791759469228055,False
استجابت کرد,True,True,کرد,7,6,0.14285714285714285,2.1531550105828186,,0.5,دعا,0.6666666666666666,0.0,0.16666666666666663,0.16666666666666666,1.9459101490553132,False
استحاله کرد,True,True,کرد,6,5,0.16666666666666666,2.8990061112429473,,0.2,نظام,1.0,0.0,0.0,0.0,1.791759469228055,False
استحصال کرد,True,True,کرد,6,5,0.16666666666666666,2.3547366071540514,,0.4,درصد,0.8,0.0,0.6,0.0,1.791759469228055,False
استخراج کرد,True,True,کرد,9,9,0.0,3.508750850676909,,0.2222222222222222,آمار,0.8888888888888888,0.0,0.11111111111111116,0.0,2.1972245773362196,False
استدعا کرد,True,True,کرد,8,4,0.5,1.1803368801111205,,0.5,بازگشت,0.5,0.0,0.25,0.0,2.0794415416798357,False
استراق کرد,True,True,کرد,7,4,0.42857142857142855,1.860673760222241,,0.5,تماس,0.75,0.0,0.0,0.0,1.9459101490553132,False
استرداد کرد,True,True,کرد,5,5,0.0,2.8990061112429473,,0.2,شکایت,1.0,0.0,0.0,0.0,1.6094379124341003,False
استشمام کرد,True,True,کرد,5,5,0.0,0.8661975989762587,,0.8,بو,0.4,0.0,0.0,0.0,1.6094379124341003,False
استعمار کرد,True,True,کرد,8,7,0.125,2.5402838620025268,,0.42857142857142855,ما,0.7142857142857143,0.0,0.1428571428571429,0.5714285714285714,2.0794415416798357,False
استعمال کرد,True,True,کرد,8,8,0.0,3.6311790803889217,,0.125,دارو,1.0,0.375,0.75,0.375,2.0794415416798357,False
استقرار داد,True,True,داد,5,4,0.2,2.5410106403333614,,0.25,مذهب,1.0,0.0,0.0,0.0,1.6094379124341003,False
استقراض کرد,True,True,کرد,7,4,0.42857142857142855,2.5410106403333614,,0.25,مبلغ,1.0,0.0,1.0,0.0,1.9459101490553132,False
استماع کرد,True,True,کرد,6,6,0.0,3.186085434424891,,0.16666666666666666,پیشنهاد,1.0,0.0,0.0,0.0,1.791759469228055,False
استناد داد,True,True,داد,9,7,0.2222222222222222,3.036888865232234,,0.2857142857142857,آن,0.8571428571428571,0.0,0.0,0.2857142857142857,2.1972245773362196,False
استنباط کرد,True,True,کرد,6,5,0.16666666666666666,2.3547366071540514,,0.4,معنا,0.8,0.0,0.4,0.0,1.791759469228055,False
استنتاج کرد,True,True,کرد,7,4,0.42857142857142855,2.5410106403333614,,0.25,ادراک,1.0,0.0,0.0,0.0,1.9459101490553132,False
استنشاق کرد,True,True,کرد,12,10,0.16666666666666666,3.4268713591984996,2.9219280948873627,0.2,دود,0.8,0.1,0.19999999999999996,0.0,2.4849066497880004,True
استهزا کرد,True,True,کرد,6,5,0.16666666666666666,2.8990061112429473,,0.2,باور,1.0,0.0,0.0,0.2,1.791759469228055,False
استیضاح کرد,True,True,کرد,7,7,0.0,3.036888865232234,,0.2857142857142857,وزیر,0.8571428571428571,0.0,0.0,0.2857142857142857,1.9459101490553132,False
استیفا کرد,True,True,کرد,10,10,0.0,1.5731839055803842,1.3567796494470397,0.7,حق,0.4,0.0,0.0,0.0,2.302585092994046,True
اسپری کرد,True,True,کرد,5,5,0.0,2.3547366071540514,,0.4,حجم,0.8,0.0,0.0,0.0,1.6094379124341003,False
اسکان داد,True,True,داد,7,6,0.14285714285714285,3.186085434424891,,0.16666666666666666,تن,1.0,0.0,0.0,0.3333333333333333,1.9459101490553132,False
اسکن کرد,True,True,کرد,7,5,0.2857142857142857,2.8990061112429473,,0.2,کل,1.0,0.0,0.0,0.0,1.9459101490553132,False
اسکورت کرد,True,True,کرد,6,6,0.0,2.27896959427673,,0.3333333333333333,کشتی,0.6666666666666666,0.0,0.0,0.5,1.791759469228055,False
اشاعه داد,True,True,داد,6,5,0.16666666666666666,2.8990061112429473,,0.2,دلبستگی,1.0,0.0,0.0,0.0,1.791759469228055,False
اشاعه کرد,True,True,کرد,9,4,0.5555555555555556,2.5410106403333614,,0.25,فرهنگ,1.0,0.0,0.0,0.0,2.1972245773362196,False
اشتقاق کرد,True,True,کرد,5,3,0.4,2.065860847684144,,0.3333333333333333,نام,1.0,0.0,0.33333333333333337,0.0,1.6094379124341003,False
اصلاح کرد,True,True,کرد,23,19,0.17391304347826086,4.7880805580518055,3.2699280948873617,0.10526315789473684,رابطه,0.9473684210526315,0.0,0.0,0.15789473684210525,3.1354942159291497,True
اضافه کرد,True,True,کرد,8,8,0.0,3.6311790803889217,,0.125,سرکه,1.0,0.375,0.5,0.0,2.0794415416798357,False
اطعام کرد,True,True,کرد,5,4,0.2,2.5410106403333614,,0.25,سگ,1.0,0.0,0.0,0.25,1.6094379124341003,False
اطفا کرد,True,True,کرد,6,6,0.0,0.7702470083891011,,0.8333333333333334,حریق,0.3333333333333333,0.0,0.0,0.16666666666666666,1.791759469228055,False
اطلاع داد,True,True,داد,10,8,0.2,3.6311790803889217,,0.125,افت,1.0,0.0,0.0,0.0,2.302585092994046,False
اطلاق کرد,True,True,کرد,8,7,0.125,3.036888865232234,,0.2857142857142857,واژه,0.8571428571428571,0.0,0.0,0.0,2.0794415416798357,False
اعانت کرد,True,True,کرد,6,3,0.5,2.065860847684144,,0.3333333333333333,من,1.0,0.0,0.0,0.6666666666666666,1.791759469228055,False
اعدام کرد,True,True,کرد,9,9,0.0,2.4338822322702,,0.3333333333333333,من,0.5555555555555556,0.0,0.11111111111111116,0.4444444444444444,2.1972245773362196,False
اعزام داشت,True,True,داشت,6,6,0.0,2.7325275143508105,,0.3333333333333333,نماینده,0.8333333333333334,0.0,0.33333333333333337,0.0,1.791759469228055,False
اعزام کرد,True,True,کرد,10,10,0.0,3.699006111242947,3.121928094887362,0.2,تیم,0.9,0.2,0.30000000000000004,0.1,2.302585092994046,True
اعطا کرد,True,True,کرد,6,6,0.0,2.7325275143508105,,0.3333333333333333,وام,0.8333333333333334,0.0,0.5,0.0,1.791759469228055,False
اعلام کرد,True,True,کرد,24,19,0.20833333333333334,4.7880805580518055,3.278928094887361,0.10526315789473684,حمایت,0.9473684210526315,0.0,0.0,0.0,3.1780538303479458,True
اعلان داشت,True,True,داشت,5,5,0.0,2.8990061112429473,,0.2,استعفا,1.0,0.0,0.0,0.0,1.6094379124341003,False
اعلان کرد,True,True,کرد,5,4,0.2,2.5410106403333614,,0.25,پروسه,1.0,0.0,0.0,0.25,1.6094379124341003,False
اعمال داشت,True,True,داشت,5,4,0.2,1.860673760222241,,0.5,تغییر,0.75,0.0,0.25,0.0,1.6094379124341003,False
اعمال کرد,True,True,کرد,8,8,0.0,3.2910106403333614,,0.25,تغییر,0.875,0.0,0.375,0.125,2.0794415416798357,False
اغفال کرد,True,True,کرد,7,7,0.0,3.425652796724303,,0.14285714285714285,فرد,1.0,0.0,0.0,0.14285714285714285,1.9459101490553132,False
اغوا کرد,True,True,کرد,7,7,0.0,3.425652796724303,,0.14285714285714285,من,1.0,0.0,0.0,0.42857142857142855,1.9459101490553132,False
افتتاح کرد,True,True,کرد,8,8,0.0,3.2910106403333614,,0.25,شبکه,0.875,0.0,0.25,0.0,2.0794415416798357,False
افراشت,False,False,,21,20,0.047619047619047616,2.934978352848808,2.230779365402804,0.4,پرچم,0.45,0.35,0.5,0.0,3.044522437723423,True
افروخت,False,False,,16,15,0.0625,2.2586072360979266,1.9190912255647448,0.3333333333333333,چراغ,0.3333333333333333,0.6,0.7333333333333334,0.0,2.772588722239781,True
افزایش داد,True,True,داد,14,14,0.0,4.088413688121126,3.1239280948873627,0.14285714285714285,میزان,0.8571428571428571,0.0,0.0,0.0,2.6390573296152584,True
افسون کرد,True,True,کرد,7,7,0.0,3.425652796724303,,0.14285714285714285,من,1.0,0.0,0.0,0.42857142857142855,1.9459101490553132,False
افشا کرد,True,True,کرد,8,5,0.375,2.8990061112429473,,0.2,اسم,1.0,0.0,0.19999999999999996,0.0,2.0794415416798357,False
افشاند,False,False,,12,11,0.08333333333333333,4.115202091768644,3.321928094887362,0.09090909090909091,پرچم,1.0,0.36363636363636365,0.4545454545454546,0.0,2.4849066497880004,True
افکند,False,False,,31,30,0.03225806451612903,5.034760777877173,3.160040876131953,0.1,او,0.8,0.3333333333333333,0.4,0.26666666666666666,3.4339872044851463,True
اقامه داشت,True,True,داشت,5,5,0.0,1.6594896026324615,,0.6,نماز,0.6,0.2,0.19999999999999996,0.2,1.6094379124341003,False
اقامه کرد,True,True,کرد,9,8,0.1111111111111111,1.2416150045702534,,0.75,نماز,0.375,0.0,0.375,0.0,2.1972245773362196,False
اقتباس کرد,True,True,کرد,6,3,0.5,2.065860847684144,,0.3333333333333333,فیلمنامه,1.0,0.3333333333333333,0.33333333333333337,0.0,1.791759469228055,False
اقناع کرد,True,True,کرد,6,6,0.0,2.7325275143508105,,0.3333333333333333,حس,0.8333333333333334,0.0,0.0,0.3333333333333333,1.791759469228055,False
التیام داد,True,True,داد,6,5,0.16666666666666666,2.8990061112429473,,0.2,تمام,1.0,0.0,0.0,0.2,1.791759469228055,False
التیام کرد,True,True,کرد,7,4,0.42857142857142855,0.9916150045702532,,0.75,زخم,0.5,0.0,0.0,0.0,1.9459101490553132,False
الفت داد,True,True,داد,5,4,0.2,2.5410106403333614,,0.25,دل,1.0,0.0,0.0,0.25,1.6094379124341003,False
القا کرد,True,True,کرد,6,5,0.16666666666666666,2.8990061112429473,,0.2,بدبختی,1.0,0.0,0.0,0.2,1.791759469228055,False
الهام کرد,True,True,کرد,6,3,0.5,2.065860847684144,,0.3333333333333333,مایه,1.0,0.0,0.0,0.0,1.791759469228055,False
امان داشت,True,True,داشت,6,6,0.0,3.186085434424891,,0.16666666666666666,صندوق,1.0,0.0,0.16666666666666663,0.0,1.791759469228055,False
امتحان کرد,True,True,کرد,15,14,0.06666666666666667,4.2827956538671605,3.2189280948873624,0.14285714285714285,دارو,0.9285714285714286,0.0,0.1428571428571429,0.14285714285714285,2.70805020110221,True
امتیازبندی کرد,True,True,کرد,6,3,0.5,2.065860847684144,,0.3333333333333333,هدف,1.0,0.0,0.0,0.3333333333333333,1.791759469228055,False
امر کرد,True,True,کرد,21,9,0.5714285714285714,3.8111227973929624,,0.1111111111111111,آنان,1.0,0.0,0.0,0.4444444444444444,3.044522437723423,False
امضا زد,True,True,زد,6,4,0.3333333333333333,0.0,,1.0,پا,0.25,0.0,0.0,0.0,1.791759469228055,False
امضا کرد,True,True,کرد,11,9,0.18181818181818182,3.1225025148315813,,0.3333333333333333,قرارداد,0.7777777777777778,0.1111111111111111,0.5555555555555556,0.2222222222222222,2.3978952727983707,False
انبار کرد,True,True,کرد,6,3,0.5,2.065860847684144,,0.3333333333333333,سلاح,1.0,0.3333333333333333,0.6666666666666667,0.0,1.791759469228055,False
انتخاب کرد,True,True,کرد,24,23,0.041666666666666664,4.976907626008736,3.249928094887362,0.08695652173913043,یکی,0.9130434782608695,0.08695652173913043,0.21739130434782605,0.0,3.1780538303479458,True
انتساب کرد,True,True,کرد,7,7,0.0,3.036888865232234,,0.2857142857142857,آن,0.8571428571428571,0.0,0.1428571428571429,0.2857142857142857,1.9459101490553132,False
انتشار داد,True,True,داد,7,6,0.14285714285714285,3.186085434424891,,0.16666666666666666,مطلب,1.0,0.16666666666666666,0.33333333333333337,0.0,1.9459101490553132,False
انجام داد,True,True,داد,102,88,0.13725490196078433,4.37948238282031,2.4894771018817243,0.3977272727272727,کار,0.4659090909090909,0.06818181818181818,0.3522727272727273,0.011363636363636364,4.624972813284271,True
انداخت,False,False,,118,110,0.06779661016949153,6.477269173656789,3.208776213625463,0.09090909090909091,نگاه,0.7090909090909091,0.18181818181818182,0.3909090909090909,0.10909090909090909,4.770684624465665,True
اندازه کرد,True,True,کرد,7,6,0.14285714285714285,3.186085434424891,,0.16666666666666666,پیراهن,1.0,0.0,0.0,0.0,1.9459101490553132,False
اندازه‌گیری کرد,True,True,کرد,8,8,0.0,3.2910106403333614,,0.25,میزان,0.875,0.0,0.0,0.0,2.0794415416798357,False
اندوخته کرد,True,True,کرد,7,6,0.14285714285714285,3.186085434424891,,0.16666666666666666,تجربه,1.0,0.16666666666666666,0.5,0.0,1.9459101490553132,False
انعقاد کرد,True,True,کرد,6,6,0.0,0.7702470083891011,,0.8333333333333334,قرارداد,0.3333333333333333,0.3333333333333333,0.6666666666666667,0.0,1.791759469228055,False
انعکاس داد,True,True,داد,6,5,0.16666666666666666,2.8990061112429473,,0.2,درد,1.0,0.0,0.0,0.0,1.791759469228055,False
انکار کرد,True,True,کرد,9,8,0.1111111111111111,3.2910106403333614,,0.25,حقیقت,0.875,0.0,0.0,0.125,2.1972245773362196,False
انگیخت,False,False,,27,27,0.0,5.2479371499659715,3.2619280948873612,0.07407407407407407,فتنه,0.9259259259259259,0.18518518518518517,0.40740740740740744,0.07407407407407407,3.295836866004329,True
اهدا کرد,True,True,کرد,10,9,0.1,2.200563846702436,,0.5555555555555556,خون,0.5555555555555556,0.2222222222222222,0.4444444444444444,0.0,2.302585092994046,False
اکتشاف کرد,True,True,کرد,6,5,0.16666666666666666,2.8990061112429473,,0.2,بیشتر,1.0,0.0,0.19999999999999996,0.0,1.791759469228055,False
اکرام کرد,True,True,کرد,7,7,0.0,2.5402838620025268,,0.42857142857142855,او,0.7142857142857143,0.0,0.0,0.5714285714285714,1.9459101490553132,False
ایجاد کرد,True,True,کرد,34,26,0.23529411764705882,4.946340119186117,3.1672664386211364,0.11538461538461539,مشکل,0.8461538461538461,0.15384615384615385,0.6538461538461539,0.0,3.5263605246161616,True
ایفا کرد,True,True,کرد,11,8,0.2727272727272727,0.0,,1.0,نقش,0.125,0.125,0.5,0.0,2.3978952727983707,False
باد داد,True,True,داد,18,18,0.0,4.397639739565798,3.155928094887362,0.1111111111111111,چه,0.8333333333333334,0.0,0.11111111111111116,0.0,2.8903717578961645,True
باد زد,True,True,زد,7,5,0.2857142857142857,2.3547366071540514,,0.4,کباب,0.8,0.0,0.0,0.2,1.9459101490553132,False
باد کرد,True,True,کرد,7,5,0.2857142857142857,1.8104671030651547,,0.4,بازوبند,0.6,0.0,0.0,0.4,1.9459101490553132,False
بادکش کرد,True,True,کرد,8,7,0.125,3.425652796724303,,0.14285714285714285,را,1.0,0.0,0.1428571428571429,0.14285714285714285,2.0794415416798357,False
بار آورد,True,True,آورد,7,7,0.0,2.648124933740165,,0.2857142857142857,کودک,0.7142857142857143,0.0,0.2857142857142857,0.0,1.9459101490553132,False
بارگذاری کرد,True,True,کرد,5,4,0.2,2.5410106403333614,,0.25,آن,1.0,0.0,0.0,0.25,1.6094379124341003,False
بارگیری کرد,True,True,کرد,8,5,0.375,2.3547366071540514,,0.4,محموله,0.8,0.0,0.19999999999999996,0.0,2.0794415416798357,False
باز کرد,False,True,کرد,41,40,0.024390243902439025,4.755382395878125,2.9935656823376022,0.125,در,0.625,0.1,0.15000000000000002,0.05,3.713572066704308,True
بازآفرینی کرد,True,True,کرد,6,5,0.16666666666666666,2.8990061112429473,,0.2,مجموعه,1.0,0.0,0.0,0.4,1.791759469228055,False
بازبینی کرد,True,True,کرد,8,7,0.125,3.036888865232234,,0.2857142857142857,فیلم,0.8571428571428571,0.0,0.0,0.0,2.0794415416798357,False
بازتاب کرد,True,True,کرد,13,5,0.6153846153846154,2.8990061112429473,,0.2,تابش,1.0,0.0,0.0,0.0,2.5649493574615367,False
بازتعریف کرد,True,True,کرد,15,14,0.06666666666666667,3.840111186506272,2.991904026071376,0.21428571428571427,خود,0.7857142857142857,0.0,0.0714285714285714,0.2857142857142857,2.70805020110221,True
بازخواست کرد,True,True,کرد,10,8,0.2,3.2910106403333614,,0.25,آنها,0.875,0.0,0.0,0.5,2.302585092994046,False
بازرسی کرد,True,True,کرد,11,8,0.2727272727272727,3.2910106403333614,,0.25,کشتی,0.875,0.0,0.0,0.125,2.3978952727983707,False
بازسازی کرد,True,True,کرد,11,11,0.0,3.867806862637328,3.155928094887362,0.18181818181818182,صحنه,0.9090909090909091,0.0,0.0,0.0,2.3978952727983707,True
بازشماری کرد,True,True,کرد,8,7,0.125,1.762755999018389,,0.42857142857142855,رأی,0.42857142857142855,0.0,0.0,0.0,2.0794415416798357,False
بازشناسی کرد,True,True,کرد,6,6,0.0,2.7325275143508105,,0.3333333333333333,فرم,0.8333333333333334,0.0,0.0,0.0,1.791759469228055,False
بازنمایی کرد,True,True,کرد,6,5,0.16666666666666666,2.8990061112429473,,0.2,تحول,1.0,0.0,0.0,0.2,1.791759469228055,False
بازنگری کرد,True,True,کرد,12,6,0.5,2.7325275143508105,,0.3333333333333333,ترجمه,0.8333333333333334,0.0,0.0,0.16666666666666666,2.4849066497880004,False
بازپرداخت کرد,True,True,کرد,9,6,0.3333333333333333,2.27896959427673,,0.3333333333333333,مبلغ,0.6666666666666666,0.0,0.0,0.0,2.1972245773362196,False
بازپروری کرد,True,True,کرد,5,4,0.2,2.5410106403333614,,0.25,مارکسیست,1.0,0.0,0.0,0.0,1.6094379124341003,False
بازگردانی کرد,True,True,کرد,9,7,0.2222222222222222,3.036888865232234,,0.2857142857142857,بک‌آپ,0.8571428571428571,0.0,0.0,0.14285714285714285,2.1972245773362196,False
بازگشایی کرد,True,True,کرد,8,8,0.0,3.2910106403333614,,0.25,سفارت,0.875,0.0,0.0,0.0,2.0794415416798357,False
بازگو کرد,True,True,کرد,11,11,0.0,3.867806862637328,3.1599280948873623,0.18181818181818182,خاطره,0.9090909090909091,0.0,0.0,0.0,2.3978952727983707,True
بازی داد,True,True,داد,7,6,0.14285714285714285,3.186085434424891,,0.16666666666666666,آنها,1.0,0.0,0.16666666666666663,0.3333333333333333,1.9459101490553132,False
بازیافت کرد,True,True,کرد,6,6,0.0,3.186085434424891,,0.16666666666666666,شعر,1.0,0.0,0.0,0.0,1.791759469228055,False
بافت,False,False,,11,11,0.0,3.6204116335060115,3.0039280948873626,0.18181818181818182,فرش,0.8181818181818182,0.2727272727272727,0.5454545454545454,0.0,2.3978952727983707,True
باقی گذاشت,True,True,گذاشت,12,12,0.0,3.792639807721184,3.056928094887362,0.16666666666666666,جا,0.8333333333333334,0.08333333333333333,0.5,0.0,2.4849066497880004,True
بانگ زد,True,True,زد,6,3,0.5,2.065860847684144,,0.3333333333333333,فریاد,1.0,0.0,0.33333333333333337,0.3333333333333333,1.791759469228055,False
بخار داد,True,True,داد,7,4,0.42857142857142855,1.860673760222241,,0.5,صورت,0.75,0.0,0.0,0.0,1.9459101490553132,False
بخار کرد,True,True,کرد,7,3,0.5714285714285714,2.065860847684144,,0.3333333333333333,دشمن,1.0,0.0,0.0,0.0,1.9459101490553132,False
بخش کرد,True,True,کرد,7,6,0.14285714285714285,3.186085434424891,,0.16666666666666666,خوشبختی,1.0,0.0,0.0,0.0,1.9459101490553132,False
بخشود,False,False,,8,7,0.125,3.036888865232234,,0.2857142857142857,آنان,0.8571428571428571,0.0,0.0,0.5714285714285714,2.0794415416798357,False
بخشید,False,False,,54,42,0.2222222222222222,5.150250817917932,3.1028694448614003,0.11904761904761904,من,0.6904761904761905,0.23809523809523808,0.38095238095238093,0.2619047619047619,3.9889840465642745,True
بخیه زد,True,True,زد,6,4,0.3333333333333333,2.5410106403333614,,0.25,قوزک,1.0,0.0,0.0,0.0,1.791759469228055,False
بدرقه کرد,True,True,کرد,8,8,0.0,3.6311790803889217,,0.125,تو,1.0,0.0,0.0,0.25,2.0794415416798357,False
بدل کرد,True,True,کرد,6,6,0.0,3.186085434424891,,0.16666666666666666,دریاچه,1.0,0.0,0.0,0.16666666666666666,1.791759469228055,False
بذرپاشی کرد,True,True,کرد,9,3,0.6666666666666666,2.065860847684144,,0.3333333333333333,رأی,1.0,0.0,0.0,0.0,2.1972245773362196,False
بر داشت,True,True,داشت,8,8,0.0,3.6311790803889217,,0.125,امضا,1.0,0.0,0.75,0.0,2.0794415416798357,False
برآورد کرد,True,True,کرد,7,6,0.14285714285714285,3.186085434424891,,0.16666666666666666,بودجه,1.0,0.0,0.16666666666666663,0.0,1.9459101490553132,False
برانداز کرد,True,True,کرد,10,10,0.0,3.9711408632873955,3.321928094887362,0.1,طول,1.0,0.0,0.09999999999999998,0.1,2.302585092994046,True
برد,False,False,,132,108,0.18181818181818182,6.327402279629247,3.2190408761319533,0.07407407407407407,او,0.6666666666666666,0.12962962962962962,0.2777777777777778,0.17592592592592593,4.882801922586371,True
برداشت کرد,True,True,کرد,17,6,0.6470588235294118,2.7325275143508105,,0.3333333333333333,مبلغ,0.8333333333333334,0.0,0.5,0.16666666666666666,2.833213344056216,False
بررسی کرد,True,True,کرد,21,20,0.047619047619047616,4.871140863287397,3.280928094887362,0.1,عملکرد,0.95,0.0,0.0,0.05,3.044522437723423,True
برش داد,True,True,داد,9,8,0.1111111111111111,3.6311790803889217,,0.125,آن,1.0,0.0,0.0,0.125,2.1972245773362196,False
برش زد,True,True,زد,8,8,0.0,3.2910106403333614,,0.25,نان,0.875,0.0,0.0,0.0,2.0794415416798357,False
برطرف کرد,True,True,کرد,10,10,0.0,3.699006111242947,3.121928094887362,0.2,مشکل,0.9,0.0,0.09999999999999998,0.1,2.302585092994046,True
برف‌روبی کرد,True,True,کرد,7,5,0.2857142857142857,2.8990061112429473,,0.2,پشت,1.0,0.0,0.0,0.0,1.9459101490553132,False
برقرار کرد,True,True,کرد,10,10,0.0,1.7873548505880132,1.5709505944546687,0.6,ارتباط,0.4,0.2,0.8,0.0,2.302585092994046,True
بروز داد,True,True,داد,8,8,0.0,3.2910106403333614,,0.25,رفتار,0.875,0.0,0.125,0.0,2.0794415416798357,False
برگزار کرد,True,True,کرد,5,4,0.2,2.5410106403333614,,0.25,رقابت,1.0,0.0,0.25,0.0,1.6094379124341003,False
برید,False,False,,25,24,0.04,4.904631788501413,3.1963987698743814,0.125,سر,0.875,0.125,0.33333333333333337,0.041666666666666664,3.2188758248682006,True
بزرگ‌نمایی کرد,True,True,کرد,15,5,0.6666666666666666,2.8990061112429473,,0.2,خبر,1.0,0.0,0.0,0.0,2.70805020110221,False
بست,False,False,,71,68,0.04225352112676056,5.027001458149313,2.932049273099103,0.19117647058823528,چشم,0.5441176470588235,0.2647058823529412,0.4558823529411765,0.014705882352941176,4.2626798770413155,True
بسته‌بندی کرد,True,True,کرد,7,5,0.2857142857142857,2.8990061112429473,,0.2,هدیه,1.0,0.0,0.0,0.0,1.9459101490553132,False
بسیج کرد,True,True,کرد,7,7,0.0,3.425652796724303,,0.14285714285714285,ورزشگاه,1.0,0.0,0.0,0.0,1.9459101490553132,False
بغل زد,True,True,زد,8,8,0.0,2.8564812625073674,,0.375,زانو,0.75,0.0,0.125,0.25,2.0794415416798357,False
بلعید,False,False,,7,7,0.0,3.425652796724303,,0.14285714285714285,چه,1.0,0.14285714285714285,0.2857142857142857,0.0,1.9459101490553132,False
بلغور کرد,True,True,کرد,5,5,0.0,1.6594896026324615,,0.6,کلمه,0.6,0.0,0.4,0.0,1.6094379124341003,False
بلند کرد,False,True,کرد,11,11,0.0,3.6204116335060115,2.984928094887363,0.18181818181818182,آن,0.8181818181818182,0.18181818181818182,0.2727272727272727,0.18181818181818182,2.3978952727983707,True
بمباران کرد,True,True,کرد,6,6,0.0,3.186085434424891,,0.16666666666666666,شمال,1.0,0.0,0.0,0.0,1.791759469228055,False
بند آورد,True,True,آورد,9,9,0.0,2.8201305681155278,,0.3333333333333333,نفس,0.6666666666666666,0.0,0.0,0.0,2.1972245773362196,False
بند زد,True,True,زد,6,5,0.16666666666666666,2.3547366071540514,,0.4,دل,0.8,0.0,0.0,0.0,1.791759469228055,False
بندگی کرد,True,True,کرد,7,6,0.14285714285714285,3.186085434424891,,0.16666666666666666,وی,1.0,0.0,0.0,0.3333333333333333,1.9459101490553132,False
بنیاد نهاد,True,True,نهاد,5,5,0.0,2.3547366071540514,,0.4,بنا,0.8,0.0,0.0,0.0,1.6094379124341003,False
بنیاد کرد,True,True,کرد,8,8,0.0,3.6311790803889217,,0.125,معبد,1.0,0.125,0.625,0.0,2.0794415416798357,False
بنیاد گذارد,True,True,گذارد,5,5,0.0,2.8990061112429473,,0.2,مدرسه,1.0,0.0,0.19999999999999996,0.0,1.6094379124341003,False
بنیاد گذاشت,True,True,گذاشت,6,6,0.0,2.7325275143508105,,0.3333333333333333,مؤسسه,0.8333333333333334,0.0,0.0,0.0,1.791759469228055,False
بنیان نهاد,True,True,نهاد,6,6,0.0,3.186085434424891,,0.16666666666666666,عمل,1.0,0.0,0.16666666666666663,0.0,1.791759469228055,False
بنیان کرد,True,True,کرد,5,5,0.0,2.8990061112429473,,0.2,فلسفه,1.0,0.0,0.19999999999999996,0.0,1.6094379124341003,False
بنیان گذاشت,True,True,گذاشت,9,9,0.0,3.8111227973929624,,0.1111111111111111,صهیونیسم,1.0,0.1111111111111111,0.11111111111111116,0.0,2.1972245773362196,False
بنیان‌گذاری کرد,True,True,کرد,7,7,0.0,3.425652796724303,,0.14285714285714285,برابری,1.0,0.0,0.0,0.0,1.9459101490553132,False
بهانه کرد,True,True,کرد,7,7,0.0,3.425652796724303,,0.14285714285714285,تفاهم,1.0,0.0,0.0,0.14285714285714285,1.9459101490553132,False
بهبود داد,True,True,داد,7,6,0.14285714285714285,3.186085434424891,,0.16666666666666666,زمان,1.0,0.0,0.0,0.0,1.9459101490553132,False
بهینه‌سازی کرد,True,True,کرد,5,5,0.0,2.8990061112429473,,0.2,سایت,1.0,0.0,0.0,0.2,1.6094379124341003,False
بو کشید,True,True,کشید,8,6,0.25,2.7325275143508105,,0.3333333333333333,تو,0.8333333333333334,0.0,0.16666666666666663,0.3333333333333333,2.0794415416798357,False
بوس کرد,True,True,کرد,8,5,0.375,2.3547366071540514,,0.4,من,0.8,0.0,0.0,0.6,2.0794415416798357,False
بوسید,False,False,,16,14,0.125,3.751174579517949,2.8570513885259436,0.2857142857142857,دست,0.7857142857142857,0.0,0.0714285714285714,0.2857142857142857,2.772588722239781,True
بویید,False,False,,7,7,0.0,3.425652796724303,,0.14285714285714285,زبان,1.0,0.0,0.0,0.2857142857142857,1.9459101490553132,False
بیان داشت,True,True,داشت,7,7,0.0,3.425652796724303,,0.14285714285714285,علت,1.0,0.0,0.0,0.0,1.9459101490553132,False
بیان کرد,True,True,کرد,22,19,0.13636363636363635,4.605120820019808,3.189624332363564,0.15789473684210525,چه,0.8947368421052632,0.0,0.052631578947368474,0.05263157894736842,3.091042453358316,True
بیدار کرد,False,True,کرد,7,5,0.2857142857142857,2.8990061112429473,,0.2,پل,1.0,0.0,0.19999999999999996,0.4,1.9459101490553132,False
بین برد,True,True,برد,9,9,0.0,3.8111227973929624,,0.1111111111111111,ارزش,1.0,0.0,0.0,0.0,2.1972245773362196,False
تأدیب کرد,True,True,کرد,7,5,0.2857142857142857,2.8990061112429473,,0.2,بچه,1.0,0.0,0.0,0.4,1.9459101490553132,False
تأدیه کرد,True,True,کرد,6,6,0.0,3.186085434424891,,0.16666666666666666,افزایش,1.0,0.0,0.0,0.0,1.791759469228055,False
تأسیس نهاد,True,True,نهاد,6,6,0.0,2.7325275143508105,,0.3333333333333333,بنا,0.8333333333333334,0.0,0.16666666666666663,0.0,1.791759469228055,False
تألیف کرد,True,True,کرد,9,8,0.1111111111111111,1.2416150045702534,,0.75,کتاب,0.375,0.0,0.5,0.0,2.1972245773362196,False
تأمین کرد,True,True,کرد,6,5,0.16666666666666666,2.8990061112429473,,0.2,بازار,1.0,0.0,0.0,0.0,1.791759469228055,False
تأویل کرد,True,True,کرد,5,5,0.0,2.3547366071540514,,0.4,آیه,0.8,0.0,0.0,0.0,1.6094379124341003,False
تأیید کرد,True,True,کرد,8,7,0.125,3.036888865232234,,0.2857142857142857,حکم,0.8571428571428571,0.0,0.1428571428571429,0.42857142857142855,2.0794415416798357,False
تا زد,True,True,زد,9,8,0.1111111111111111,2.950842200277801,,0.25,شلوار,0.75,0.0,0.0,0.125,2.1972245773362196,False
تا کرد,True,True,کرد,12,7,0.4166666666666667,3.036888865232234,,0.2857142857142857,آن,0.8571428571428571,0.0,0.0,0.2857142857142857,2.4849066497880004,False
تاب آورد,True,True,آورد,8,3,0.625,2.065860847684144,,0.3333333333333333,گردش,1.0,0.0,0.0,0.0,2.0794415416798357,False
تاب داد,True,True,داد,9,9,0.0,3.508750850676909,,0.2222222222222222,سبیل,0.8888888888888888,0.0,0.11111111111111116,0.2222222222222222,2.1972245773362196,False
تاباند,False,False,,10,10,0.0,1.7873548505880132,1.5709505944546687,0.6,نور,0.4,0.4,0.5,0.2,2.302585092994046,True
تابش کرد,True,True,کرد,6,3,0.5,2.065860847684144,,0.3333333333333333,محبت,1.0,0.6666666666666666,0.6666666666666667,0.0,1.791759469228055,False
تابلو کرد,True,True,کرد,7,5,0.2857142857142857,2.3547366071540514,,0.4,جمله,0.8,0.0,0.0,0.2,1.9459101490553132,False
تابید,False,False,,19,11,0.42105263157894735,3.867806862637328,3.1659280948873616,0.18181818181818182,روی,0.9090909090909091,0.18181818181818182,0.18181818181818177,0.0,2.9444389791664403,True
تاخت زد,True,True,زد,7,7,0.0,3.425652796724303,,0.14285714285714285,هستی,1.0,0.0,0.0,0.14285714285714285,1.9459101490553132,False
تار کرد,True,True,کرد,7,7,0.0,3.036888865232234,,0.2857142857142857,همه,0.8571428571428571,0.0,0.0,0.14285714285714285,1.9459101490553132,False
تاراج کرد,True,True,کرد,7,7,0.0,3.425652796724303,,0.14285714285714285,دارایی,1.0,0.0,0.0,0.14285714285714285,1.9459101490553132,False
تازیانه زد,True,True,زد,11,6,0.45454545454545453,2.7325275143508105,,0.3333333333333333,خود,0.8333333333333334,0.0,0.0,0.5,2.3978952727983707,False
تافت,False,False,,15,13,0.13333333333333333,3.6802274244362363,2.9079386072813524,0.23076923076923078,سر,0.7692307692307693,0.6923076923076923,0.6923076923076923,0.0,2.70805020110221,True
تاکسیدرمی کرد,True,True,کرد,8,8,0.0,3.6311790803889217,,0.125,جانور,1.0,0.0,0.0,0.125,2.0794415416798357,False
تایپ کرد,True,True,کرد,7,6,0.14285714285714285,2.7325275143508105,,0.3333333333333333,داستان,0.8333333333333334,0.0,0.0,0.0,1.9459101490553132,False
تباه کرد,False,True,کرد,7,7,0.0,3.036888865232234,,0.2857142857142857,زندگی,0.8571428571428571,0.0,0.0,0.14285714285714285,1.9459101490553132,False
تبخیر کرد,True,True,کرد,7,7,0.0,3.425652796724303,,0.14285714285714285,طلا,1.0,0.0,0.0,0.2857142857142857,1.9459101490553132,False
تبدیل ساخت,True,True,ساخت,8,8,0.0,3.6311790803889217,,0.125,نرمی,1.0,0.0,0.0,0.125,2.0794415416798357,False
تبدیل کرد,True,True,کرد,11,9,0.18181818181818182,3.8111227973929624,,0.1111111111111111,موقعیت,1.0,0.0,0.0,0.2222222222222222,2.3978952727983707,False
تبعید کرد,True,True,کرد,5,5,0.0,2.8990061112429473,,0.2,امام,1.0,0.0,0.0,0.2,1.6094379124341003,False
تبلیغ کرد,True,True,کرد,9,7,0.2222222222222222,3.425652796724303,,0.14285714285714285,افراط‌گری,1.0,0.0,0.0,0.0,2.1972245773362196,False
تبیین کرد,True,True,کرد,8,8,0.0,3.6311790803889217,,0.125,دیدگاه,1.0,0.0,0.0,0.0,2.0794415416798357,False
تثبیت کرد,True,True,کرد,11,11,0.0,3.3043902678143793,2.7621987509805113,0.2727272727272727,جایگاه,0.7272727272727273,0.0,0.0,0.09090909090909091,2.3978952727983707,True
تجربه کرد,True,True,کرد,12,11,0.08333333333333333,3.867806862637328,3.1659280948873616,0.18181818181818182,عشق,0.9090909090909091,0.0,0.09090909090909094,0.18181818181818182,2.4849066497880004,True
تجسم کرد,True,True,کرد,8,8,0.0,3.6311790803889217,,0.125,وسعت,1.0,0.0,0.0,0.0,2.0794415416798357,False
تجلی داد,True,True,داد,6,6,0.0,2.7325275143508105,,0.3333333333333333,روح,0.8333333333333334,0.0,0.0,0.0,1.791759469228055,False
تجمیع کرد,True,True,کرد,6,6,0.0,3.186085434424891,,0.16666666666666666,بخش,1.0,0.0,0.0,0.0,1.791759469228055,False
تجهیز کرد,True,True,کرد,8,7,0.125,3.036888865232234,,0.2857142857142857,خود,0.8571428571428571,0.0,0.0,0.2857142857142857,2.0794415416798357,False
تجویز کرد,True,True,کرد,9,9,0.0,2.6817847350225796,,0.4444444444444444,دارو,0.6666666666666666,0.3333333333333333,0.4444444444444444,0.0,2.1972245773362196,False
تحدید کرد,True,True,کرد,5,5,0.0,2.8990061112429473,,0.2,اینها,1.0,0.0,0.0,0.4,1.6094379124341003,False
تحریر کرد,True,True,کرد,6,5,0.16666666666666666,2.8990061112429473,,0.2,بسیاری,1.0,0.0,0.0,0.2,1.791759469228055,False
تحریف کرد,True,True,کرد,9,7,0.2222222222222222,3.036888865232234,,0.2857142857142857,تاریخ,0.8571428571428571,0.0,0.0,0.14285714285714285,2.1972245773362196,False
تحریم کرد,True,True,کرد,9,9,0.0,3.8111227973929624,,0.1111111111111111,بانک,1.0,0.0,0.0,0.0,2.1972245773362196,False
تحریک کرد,True,True,کرد,8,8,0.0,3.2910106403333614,,0.25,احساس,0.875,0.0,0.0,0.125,2.0794415416798357,False
تحفه کرد,True,True,کرد,6,5,0.16666666666666666,2.8990061112429473,,0.2,آزادی,1.0,0.2,0.19999999999999996,0.0,1.791759469228055,False
تحقق داد,True,True,داد,6,5,0.16666666666666666,2.8990061112429473,,0.2,درصد,1.0,0.0,0.0,0.0,1.791759469228055,False
تحقیر کرد,True,True,کرد,8,8,0.0,3.6311790803889217,,0.125,ملت,1.0,0.0,0.0,0.125,2.0794415416798357,False
تحلیل کرد,True,True,کرد,11,11,0.0,3.867806862637328,3.158928094887362,0.18181818181818182,موقعیت,0.9090909090909091,0.0,0.0,0.0,2.3978952727983707,True
تحمل کرد,True,True,کرد,15,13,0.13333333333333333,4.366298967782153,3.321928094887362,0.07692307692307693,عراق,1.0,0.0,0.0,0.07692307692307693,2.70805020110221,True
تحمیل کرد,True,True,کرد,6,6,0.0,3.186085434424891,,0.16666666666666666,محدودیت,1.0,0.0,0.0,0.16666666666666666,1.791759469228055,False
تحویل داد,True,True,داد,11,9,0.18181818181818182,3.8111227973929624,,0.1111111111111111,شماره,1.0,0.0,0.2222222222222222,0.1111111111111111,2.3978952727983707,False
تحویل گرفت,True,True,گرفت,12,11,0.08333333333333333,4.115202091768644,3.321928094887362,0.09090909090909091,مطلب,1.0,0.0,0.0,0.0,2.4849066497880004,True
تخته کرد,True,True,کرد,8,8,0.0,2.516312822451807,,0.375,در,0.625,0.0,0.0,0.0,2.0794415416798357,False
تخریب کرد,True,True,کرد,10,8,0.2,3.6311790803889217,,0.125,چهره,1.0,0.0,0.0,0.0,2.302585092994046,False
تخصیص داد,True,True,داد,7,7,0.0,3.425652796724303,,0.14285714285714285,مابقی,1.0,0.14285714285714285,0.7142857142857143,0.0,1.9459101490553132,False
تخطئه کرد,True,True,کرد,8,8,0.0,3.6311790803889217,,0.125,دانشگاه,1.0,0.0,0.0,0.0,2.0794415416798357,False
تخلیه کرد,True,True,کرد,7,7,0.0,3.036888865232234,,0.2857142857142857,پایگاه,0.8571428571428571,0.0,0.0,0.0,1.9459101490553132,False
تخمین کرد,True,True,کرد,5,5,0.0,2.8990061112429473,,0.2,رشد,1.0,0.0,0.0,0.0,1.6094379124341003,False
تخیل کرد,True,True,کرد,7,3,0.5714285714285714,2.065860847684144,,0.3333333333333333,آینده,1.0,0.0,0.0,0.0,1.9459101490553132,False
تداعی کرد,True,True,کرد,9,8,0.1111111111111111,3.6311790803889217,,0.125,شوق,1.0,0.0,0.0,0.125,2.1972245773362196,False
تداوم داد,True,True,داد,7,3,0.5714285714285714,2.065860847684144,,0.3333333333333333,آن,1.0,0.0,0.0,0.6666666666666666,1.9459101490553132,False
تدبیر کرد,True,True,کرد,9,5,0.4444444444444444,2.8990061112429473,,0.2,زمینه,1.0,0.0,0.0,0.0,2.1972245773362196,False
تدریس کرد,True,True,کرد,10,4,0.6,1.860673760222241,,0.5,درس,0.75,0.25,0.25,0.0,2.302585092994046,False
تدفین کرد,True,True,کرد,6,4,0.3333333333333333,2.5410106403333614,,0.25,پیکر,1.0,0.25,0.25,0.25,1.791759469228055,False
تدوین کرد,True,True,کرد,11,10,0.09090909090909091,3.351382608982153,2.8464393446710154,0.3,برنامه,0.8,0.1,0.30000000000000004,0.0,2.3978952727983707,True
تراش داد,True,True,داد,9,9,0.0,3.1225025148315813,,0.3333333333333333,دندان,0.7777777777777778,0.0,0.0,0.1111111111111111,2.1972245773362196,False
تراشاند,False,False,,5,3,0.4,2.065860847684144,,0.3333333333333333,دل,1.0,0.0,0.0,0.3333333333333333,1.6094379124341003,False
تراشکاری کرد,True,True,کرد,7,6,0.14285714285714285,2.7325275143508105,,0.3333333333333333,قطعه,0.8333333333333334,0.0,0.0,0.0,1.9459101490553132,False
تراشید,False,False,,15,13,0.13333333333333333,3.6802274244362363,2.9162423698051505,0.23076923076923078,اشکال,0.7692307692307693,0.23076923076923078,0.46153846153846156,0.07692307692307693,2.70805020110221,True
تربیت کرد,True,True,کرد,15,12,0.2,3.792639807721184,3.0499280948873615,0.16666666666666666,فرزند,0.8333333333333334,0.16666666666666666,0.41666666666666663,0.08333333333333333,2.70805020110221,True
ترجیح داد,True,True,داد,7,7,0.0,3.425652796724303,,0.14285714285714285,فرار,1.0,0.0,0.0,0.0,1.9459101490553132,False
ترخیص کرد,True,True,کرد,6,5,0.16666666666666666,2.3547366071540514,,0.4,کالا,0.8,0.0,0.0,0.4,1.791759469228055,False
ترساند,False,False,,14,13,0.07142857142857142,3.375115115337697,2.6991837197791892,0.3076923076923077,من,0.6923076923076923,0.0,0.07692307692307687,0.6153846153846154,2.6390573296152584,True
ترسیم کرد,True,True,کرد,8,8,0.0,3.2910106403333614,,0.25,آینده,0.875,0.0,0.0,0.125,2.0794415416798357,False
ترشح کرد,True,True,کرد,5,5,0.0,2.3547366071540514,,0.4,ماده,0.8,0.4,0.8,0.0,1.6094379124341003,False
ترغیب کرد,True,True,کرد,7,7,0.0,3.036888865232234,,0.2857142857142857,جوان,0.8571428571428571,0.0,0.0,0.2857142857142857,1.9459101490553132,False
ترقی داد,True,True,داد,5,5,0.0,2.3547366071540514,,0.4,رکورد,0.8,0.0,0.0,0.2,1.6094379124341003,False
ترمیم کرد,True,True,کرد,9,6,0.3333333333333333,3.186085434424891,,0.16666666666666666,کابینه,1.0,0.0,0.0,0.0,2.1972245773362196,False
ترنم کرد,True,True,کرد,7,6,0.14285714285714285,2.7325275143508105,,0.3333333333333333,شعر,0.8333333333333334,0.0,0.0,0.0,1.9459101490553132,False
ترور کرد,True,True,کرد,7,7,0.0,3.036888865232234,,0.2857142857142857,دانشمند,0.8571428571428571,0.0,0.0,0.0,1.9459101490553132,False
ترویج داد,True,True,داد,8,8,0.0,3.2910106403333614,,0.25,فرهنگ,0.875,0.0,0.0,0.0,2.0794415416798357,False
ترویج کرد,True,True,کرد,9,5,0.4444444444444444,2.8990061112429473,,0.2,ضدیت,1.0,0.0,0.19999999999999996,0.0,2.1972245773362196,False
ترک داد,True,True,داد,5,5,0.0,1.8104671030651547,,0.4,معتاد,0.6,0.0,0.0,0.0,1.6094379124341003,False
ترک کرد,True,True,کرد,21,21,0.0,4.654604105892699,3.154643882372218,0.14285714285714285,عراق,0.8571428571428571,0.0,0.0,0.09523809523809523,3.044522437723423,True
ترک گفت,True,True,گفت,9,8,0.1111111111111111,3.2910106403333614,,0.25,شهر,0.875,0.0,0.0,0.125,2.1972245773362196,False
ترکاند,False,False,,5,4,0.2,2.5410106403333614,,0.25,انار,1.0,0.25,0.25,0.0,1.6094379124341003,False
ترکیب کرد,True,True,کرد,10,10,0.0,3.699006111242947,3.121928094887362,0.2,عنصر,0.9,0.0,0.0,0.2,2.302585092994046,True
تزئین کرد,True,True,کرد,8,8,0.0,3.2910106403333614,,0.25,رو,0.875,0.0,0.0,0.125,2.0794415416798357,False
تزویج کرد,True,True,کرد,5,4,0.2,2.5410106403333614,,0.25,دختر,1.0,0.0,0.0,0.5,1.6094379124341003,False
تزکیه کرد,True,True,کرد,5,4,0.2,0.9916150045702532,,0.75,نفس,0.5,0.0,0.0,0.0,1.6094379124341003,False
تسبیح کرد,True,True,کرد,7,4,0.42857142857142855,2.5410106403333614,,0.25,او,1.0,0.0,0.0,0.5,1.9459101490553132,False
تست کرد,True,True,کرد,7,5,0.2857142857142857,2.3547366071540514,,0.4,دستگاه,0.8,0.0,0.0,0.0,1.9459101490553132,False
تسخیر کرد,True,True,کرد,9,9,0.0,3.8111227973929624,,0.1111111111111111,آنچه,1.0,0.0,0.0,0.0,2.1972245773362196,False
تسری داد,True,True,داد,7,7,0.0,3.425652796724303,,0.14285714285714285,فرهنگ,1.0,0.0,0.0,0.0,1.9459101490553132,False
تسریع کرد,True,True,کرد,10,5,0.5,2.8990061112429473,,0.2,روند,1.0,0.0,0.0,0.0,2.302585092994046,False
تسلی داد,True,True,داد,7,6,0.14285714285714285,3.186085434424891,,0.16666666666666666,تمام,1.0,0.0,0.0,0.3333333333333333,1.9459101490553132,False
تسهیل کرد,True,True,کرد,8,8,0.0,3.6311790803889217,,0.125,به‌کارگیری,1.0,0.0,0.0,0.0,2.0794415416798357,False
تسویه کرد,True,True,کرد,7,5,0.2857142857142857,2.8990061112429473,,0.2,بدهی,1.0,0.0,0.19999999999999996,0.0,1.9459101490553132,False
تسکین داد,True,True,داد,7,7,0.0,1.3549341458364828,,0.7142857142857143,درد,0.42857142857142855,0.0,0.0,0.0,1.9459101490553132,False
تشبیه کرد,True,True,کرد,8,7,0.125,3.425652796724303,,0.14285714285714285,نزدیکی,1.0,0.0,0.1428571428571429,0.0,2.0794415416798357,False
تشجیع کرد,True,True,کرد,5,5,0.0,2.8990061112429473,,0.2,سران,1.0,0.0,0.0,0.0,1.6094379124341003,False
تشخیص داد,True,True,داد,8,6,0.25,3.186085434424891,,0.16666666666666666,بودن,1.0,0.0,0.16666666666666663,0.16666666666666666,2.0794415416798357,False
تشدید کرد,True,True,کرد,12,8,0.3333333333333333,2.8564812625073674,,0.375,حمله,0.75,0.0,0.0,0.0,2.4849066497880004,False
تشریح داد,True,True,داد,6,4,0.3333333333333333,2.5410106403333614,,0.25,برنامه,1.0,0.0,0.0,0.0,1.791759469228055,False
تشریح کرد,True,True,کرد,10,9,0.1,3.8111227973929624,,0.1111111111111111,تصمیم,1.0,0.0,0.0,0.0,2.302585092994046,False
تشویق کرد,True,True,کرد,15,14,0.06666666666666667,3.8940317223750913,3.026928094887362,0.14285714285714285,آنها,0.7857142857142857,0.0,0.0714285714285714,0.2857142857142857,2.70805020110221,True
تشکیل داد,True,True,داد,15,14,0.06666666666666667,3.840111186506272,2.9629040260713766,0.21428571428571427,جلسه,0.7857142857142857,0.2857142857142857,0.6428571428571428,0.0,2.70805020110221,True
تشییع کرد,True,True,کرد,7,6,0.14285714285714285,1.6995970905087388,,0.5,پیکر,0.5,0.16666666666666666,0.16666666666666663,0.0,1.9459101490553132,False
تصاحب کرد,True,True,کرد,10,10,0.0,3.9711408632873955,3.321928094887362,0.1,کرسی,1.0,0.0,0.0,0.0,2.302585092994046,True
تصحیح کرد,True,True,کرد,8,7,0.125,3.425652796724303,,0.14285714285714285,اظهار,1.0,0.0,0.0,0.0,2.0794415416798357,False
تصدی کرد,True,True,کرد,8,8,0.0,3.6311790803889217,,0.125,سمت,1.0,0.0,0.125,0.0,2.0794415416798357,False
تصدیق کرد,True,True,کرد,9,8,0.1111111111111111,3.2910106403333614,,0.25,او,0.875,0.0,0.0,0.375,2.1972245773362196,False
تصرف کرد,True,True,کرد,15,12,0.2,4.019418767758224,3.183928094887362,0.16666666666666666,شهر,0.9166666666666666,0.0,0.08333333333333337,0.08333333333333333,2.70805020110221,True
تصعید کرد,True,True,کرد,5,5,0.0,2.8990061112429473,,0.2,آنها,1.0,0.0,0.0,0.2,1.6094379124341003,False
تصفیه کرد,True,True,کرد,8,7,0.125,3.036888865232234,,0.2857142857142857,آب,0.8571428571428571,0.0,0.0,0.2857142857142857,2.0794415416798357,False
تصنیف کرد,True,True,کرد,7,7,0.0,3.036888865232234,,0.2857142857142857,کتاب,0.8571428571428571,0.2857142857142857,1.0,0.0,1.9459101490553132,False
تصور کرد,True,True,کرد,6,5,0.16666666666666666,2.3547366071540514,,0.4,او,0.8,0.0,0.19999999999999996,0.4,1.791759469228055,False
تصویب کرد,True,True,کرد,9,8,0.1111111111111111,2.0817834446258137,,0.375,طرح,0.5,0.0,0.25,0.0,2.1972245773362196,False
تصویر کرد,True,True,کرد,7,7,0.0,3.036888865232234,,0.2857142857142857,آینده,0.8571428571428571,0.0,0.0,0.0,1.9459101490553132,False
تصویر کشید,True,True,کشید,7,7,0.0,3.425652796724303,,0.14285714285714285,فرهنگ,1.0,0.0,0.0,0.0,1.9459101490553132,False
تضعیف ساخت,True,True,ساخت,6,6,0.0,3.186085434424891,,0.16666666666666666,امنیت,1.0,0.0,0.0,0.0,1.791759469228055,False
تضعیف کرد,True,True,کرد,6,3,0.5,2.065860847684144,,0.3333333333333333,ارتش,1.0,0.0,0.0,0.0,1.791759469228055,False
تضمین کرد,True,True,کرد,11,11,0.0,4.115202091768644,3.321928094887362,0.09090909090909091,بهشت,1.0,0.0,0.0,0.0,2.3978952727983707,True
تضییع کرد,True,True,کرد,8,8,0.0,0.6337328832551566,,0.875,حق,0.25,0.0,0.0,0.0,2.0794415416798357,False
تطبیق داد,True,True,داد,8,8,0.0,1.8193002608620792,,0.625,خود,0.5,0.0,0.0,0.875,2.0794415416798357,False
تطمیع کرد,True,True,کرد,8,8,0.0,3.2910106403333614,,0.25,مردم,0.875,0.0,0.125,0.25,2.0794415416798357,False
تطهیر کرد,True,True,کرد,7,7,0.0,2.648124933740165,,0.2857142857142857,آن,0.7142857142857143,0.0,0.0,0.5714285714285714,1.9459101490553132,False
تعبد کرد,True,True,کرد,5,4,0.2,2.5410106403333614,,0.25,خدا,1.0,0.0,0.0,0.25,1.6094379124341003,False
تعبیر کرد,True,True,کرد,11,8,0.2727272727272727,3.2910106403333614,,0.25,خواب,0.875,0.0,0.0,0.125,2.3978952727983707,False
تعبیه کرد,True,True,کرد,7,7,0.0,3.425652796724303,,0.14285714285714285,سیستم,1.0,0.0,0.2857142857142857,0.0,1.9459101490553132,False
تعدیل کرد,True,True,کرد,11,7,0.36363636363636365,3.425652796724303,,0.14285714285714285,لفاظی,1.0,0.0,0.0,0.14285714285714285,2.3978952727983707,False
تعریض کرد,True,True,کرد,7,7,0.0,2.151519930510458,,0.42857142857142855,خیابان,0.5714285714285714,0.0,0.0,0.0,1.9459101490553132,False
تعریف کرد,True,True,کرد,12,7,0.4166666666666667,3.425652796724303,,0.14285714285714285,چیدمان,1.0,0.0,0.0,0.14285714285714285,2.4849066497880004,False
تعقیب کرد,True,True,کرد,10,10,0.0,3.699006111242947,3.121928094887362,0.2,او,0.9,0.0,0.09999999999999998,0.4,2.302585092994046,True
تعلق داد,True,True,داد,7,7,0.0,3.425652796724303,,0.14285714285714285,میزان,1.0,0.14285714285714285,0.2857142857142857,0.0,1.9459101490553132,False
تعلیق کرد,True,True,کرد,10,10,0.0,3.0792478569377044,2.6464393446710157,0.3,غنی‌سازی,0.7,0.0,0.0,0.0,2.302585092994046,True
تعلیم داد,True,True,داد,10,7,0.3,3.425652796724303,,0.14285714285714285,کارآفرینی,1.0,0.2857142857142857,0.2857142857142857,0.14285714285714285,2.302585092994046,False
تعلیم دید,True,True,دید,7,3,0.5714285714285714,2.065860847684144,,0.3333333333333333,کلاسیک,1.0,0.3333333333333333,0.33333333333333337,0.0,1.9459101490553132,False
تعمیر کرد,True,True,کرد,6,6,0.0,3.186085434424891,,0.16666666666666666,خمره,1.0,0.0,0.0,0.0,1.791759469228055,False
تعمیم داد,True,True,داد,7,6,0.14285714285714285,3.186085434424891,,0.16666666666666666,نظر,1.0,0.0,0.0,0.0,1.9459101490553132,False
تعویض کرد,True,True,کرد,10,9,0.1,3.508750850676909,,0.2222222222222222,موتور,0.8888888888888888,0.0,0.11111111111111116,0.0,2.302585092994046,False
تعیین کرد,True,True,کرد,9,8,0.1111111111111111,3.6311790803889217,,0.125,سردبیر,1.0,0.125,0.25,0.0,2.1972245773362196,False
تغذیه کرد,True,True,کرد,8,5,0.375,2.8990061112429473,,0.2,کودک,1.0,0.0,0.0,0.2,2.0794415416798357,False
تغییر داد,True,True,داد,23,13,0.43478260869565216,3.9476301184830014,3.088928094887362,0.15384615384615385,چیز,0.8461538461538461,0.0,0.0,0.0,3.1354942159291497,True
تفت داد,True,True,داد,7,3,0.5714285714285714,2.065860847684144,,0.3333333333333333,تن,1.0,0.0,0.0,0.3333333333333333,1.9459101490553132,False
تفتیش کرد,True,True,کرد,5,5,0.0,2.8990061112429473,,0.2,خانه,1.0,0.0,0.0,0.0,1.6094379124341003,False
تفسیر کرد,True,True,کرد,5,4,0.2,2.5410106403333614,,0.25,زندگی,1.0,0.0,0.0,0.0,1.6094379124341003,False
تفهیم کرد,True,True,کرد,8,8,0.0,2.950842200277801,,0.25,اتهام,0.75,0.25,0.25,0.125,2.0794415416798357,False
تفوق داد,True,True,داد,8,6,0.25,3.186085434424891,,0.16666666666666666,آن,1.0,0.0,0.0,0.16666666666666666,2.0794415416798357,False
تفویض کرد,True,True,کرد,9,8,0.1111111111111111,2.8564812625073674,,0.375,اختیار,0.75,0.0,0.125,0.125,2.1972245773362196,False
تفکیک داد,True,True,داد,5,5,0.0,2.8990061112429473,,0.2,واقعیت,1.0,0.0,0.0,0.2,1.6094379124341003,False
تفکیک کرد,True,True,کرد,10,10,0.0,3.9711408632873955,3.321928094887362,0.1,حق,1.0,0.0,0.0,0.0,2.302585092994046,True
تقبل کرد,True,True,کرد,10,10,0.0,3.351382608982153,2.8464393446710154,0.3,هزینه,0.8,0.0,0.09999999999999998,0.0,2.302585092994046,True
تقبیح کرد,True,True,کرد,8,8,0.0,3.6311790803889217,,0.125,سخن,1.0,0.0,0.0,0.0,2.0794415416798357,False
تقدس کرد,True,True,کرد,5,4,0.2,2.5410106403333614,,0.25,آنها,1.0,0.0,0.0,0.25,1.6094379124341003,False
تقدیس کرد,True,True,کرد,6,6,0.0,3.186085434424891,,0.16666666666666666,محک,1.0,0.0,0.16666666666666663,0.16666666666666666,1.791759469228055,False
تقدیم داشت,True,True,داشت,11,10,0.09090909090909091,3.4268713591984996,2.9219280948873627,0.2,مرتبه,0.8,0.2,0.4,0.0,2.3978952727983707,True
تقدیم کرد,True,True,کرد,6,6,0.0,3.186085434424891,,0.16666666666666666,شعر,1.0,0.0,0.33333333333333337,0.0,1.791759469228055,False
تقریر کرد,True,True,کرد,7,6,0.14285714285714285,3.186085434424891,,0.16666666666666666,حدیث,1.0,0.0,0.0,0.0,1.9459101490553132,False
تقسیط کرد,True,True,کرد,5,5,0.0,1.6594896026324615,,0.6,مهریه,0.6,0.0,0.0,0.0,1.6094379124341003,False
تقسیم‌بندی کرد,True,True,کرد,11,10,0.09090909090909091,3.699006111242947,3.121928094887362,0.2,مطلب,0.9,0.0,0.0,0.0,2.3978952727983707,True
تقطیر کرد,True,True,کرد,6,5,0.16666666666666666,2.8990061112429473,,0.2,ماده,1.0,0.0,0.0,0.2,1.791759469228055,False
تقطیع کرد,True,True,کرد,6,6,0.0,2.7325275143508105,,0.3333333333333333,شعر,0.8333333333333334,0.0,0.0,0.0,1.791759469228055,False
تقلیل داد,True,True,داد,7,6,0.14285714285714285,3.186085434424891,,0.16666666666666666,رتبه,1.0,0.0,0.0,0.0,1.9459101490553132,False
تقویت کرد,True,True,کرد,6,5,0.16666666666666666,2.8990061112429473,,0.2,تیم,1.0,0.0,0.19999999999999996,0.0,1.791759469228055,False
تقویم کرد,True,True,کرد,7,6,0.14285714285714285,3.186085434424891,,0.16666666666666666,ارزش,1.0,0.0,0.0,0.16666666666666666,1.9459101490553132,False
تلافی کرد,True,True,کرد,8,4,0.5,2.5410106403333614,,0.25,کوتاهی,1.0,0.0,0.0,0.0,2.0794415416798357,False
تلاوت کرد,True,True,کرد,9,9,0.0,2.6817847350225796,,0.4444444444444444,قرآن,0.6666666666666666,0.2222222222222222,0.2222222222222222,0.1111111111111111,2.1972245773362196,False
تلطیف کرد,True,True,کرد,7,7,0.0,2.5402838620025268,,0.42857142857142855,فضا,0.7142857142857143,0.0,0.0,0.0,1.9459101490553132,False
تلفیق داد,True,True,داد,7,7,0.0,3.425652796724303,,0.14285714285714285,تمام,1.0,0.0,0.1428571428571429,0.14285714285714285,1.9459101490553132,False
تلفیق کرد,True,True,کرد,5,5,0.0,2.8990061112429473,,0.2,کاغذ,1.0,0.0,0.0,0.0,1.6094379124341003,False
تلقیح کرد,True,True,کرد,7,6,0.14285714285714285,2.1531550105828186,,0.5,واکسن,0.6666666666666666,0.0,0.0,0.0,1.9459101490553132,False
تلقین کرد,True,True,کرد,7,7,0.0,3.425652796724303,,0.14285714285714285,زاهدمنشی,1.0,0.2857142857142857,0.4285714285714286,0.0,1.9459101490553132,False
تلمبه کرد,True,True,کرد,6,4,0.3333333333333333,2.5410106403333614,,0.25,آب,1.0,0.0,0.25,0.0,1.791759469228055,False
تمام کرد,False,True,کرد,20,18,0.1,3.789169181498248,2.7487989040361014,0.3333333333333333,کار,0.7222222222222222,0.0,0.0,0.0,2.995732273553991,True
تمثیل کرد,True,True,کرد,6,4,0.3333333333333333,2.5410106403333614,,0.25,بیماری,1.0,0.0,0.0,0.0,1.791759469228055,False
تمدید کرد,True,True,کرد,9,7,0.2222222222222222,1.9736467165338107,,0.5714285714285714,قرارداد,0.5714285714285714,0.0,0.0,0.0,2.1972245773362196,False
تمرین داد,True,True,داد,6,5,0.16666666666666666,2.8990061112429473,,0.2,استقلال,1.0,0.0,0.0,0.0,1.791759469228055,False
تمرین کرد,True,True,کرد,14,3,0.7857142857142857,2.065860847684144,,0.3333333333333333,آنها,1.0,0.0,0.33333333333333337,0.3333333333333333,2.6390573296152584,False
تمسخر کرد,True,True,کرد,8,8,0.0,3.6311790803889217,,0.125,آنان,1.0,0.0,0.0,0.125,2.0794415416798357,False
تمشیت کرد,True,True,کرد,6,5,0.16666666666666666,2.3547366071540514,,0.4,امر,0.8,0.0,0.0,0.0,1.791759469228055,False
تملک کرد,True,True,کرد,8,7,0.125,3.036888865232234,,0.2857142857142857,هکتار,0.8571428571428571,0.0,0.0,0.0,2.0794415416798357,False
تمیز داد,True,True,داد,7,7,0.0,3.425652796724303,,0.14285714285714285,کامنت,1.0,0.0,0.0,0.14285714285714285,1.9459101490553132,False
تناول کرد,True,True,کرد,7,5,0.2857142857142857,2.8990061112429473,,0.2,وعده,1.0,0.0,0.6,0.0,1.9459101490553132,False
تنبیه کرد,True,True,کرد,6,6,0.0,3.186085434424891,,0.16666666666666666,یونسکو,1.0,0.0,0.0,0.6666666666666666,1.791759469228055,False
تنزل داد,True,True,داد,7,7,0.0,3.425652796724303,,0.14285714285714285,مسأله,1.0,0.0,0.0,0.0,1.9459101490553132,False
تنزیل کرد,True,True,کرد,5,4,0.2,2.5410106403333614,,0.25,ال‌سی,1.0,0.0,0.0,0.0,1.6094379124341003,False
تنظیم کرد,True,True,کرد,17,17,0.0,4.606298888701352,3.255928094887362,0.11764705882352941,تصویر,0.9411764705882353,0.0,0.17647058823529416,0.0,2.833213344056216,True
تنفس کرد,True,True,کرد,9,6,0.3333333333333333,2.1531550105828186,,0.5,هوا,0.6666666666666666,0.16666666666666666,0.16666666666666663,0.0,2.1972245773362196,False
تنفیذ کرد,True,True,کرد,7,7,0.0,2.5402838620025268,,0.42857142857142855,حکم,0.7142857142857143,0.0,0.0,0.14285714285714285,1.9459101490553132,False
تنقیح کرد,True,True,کرد,5,5,0.0,2.8990061112429473,,0.2,بچه,1.0,0.0,0.0,0.2,1.6094379124341003,False
تنقیه کرد,True,True,کرد,7,5,0.2857142857142857,2.8990061112429473,,0.2,ظرف,1.0,0.2,0.4,0.4,1.9459101490553132,False
تنید,False,False,,8,5,0.375,1.6594896026324615,,0.6,تار,0.6,0.4,0.8,0.0,2.0794415416798357,False
تهدید کرد,True,True,کرد,7,7,0.0,3.425652796724303,,0.14285714285714285,خبرنگار,1.0,0.0,0.0,0.14285714285714285,1.9459101490553132,False
تهویه کرد,True,True,کرد,6,5,0.16666666666666666,2.3547366071540514,,0.4,هوا,0.8,0.0,0.0,0.0,1.791759469228055,False
تهیه کرد,True,True,کرد,12,11,0.08333333333333333,4.115202091768644,3.321928094887362,0.09090909090909091,مطلب,1.0,0.2727272727272727,0.7272727272727273,0.0,2.4849066497880004,True
توبیخ کرد,True,True,کرد,7,7,0.0,3.425652796724303,,0.14285714285714285,نمازگزار,1.0,0.0,0.0,0.0,1.9459101490553132,False
توجیه کرد,True,True,کرد,10,8,0.2,3.6311790803889217,,0.125,حادثه,1.0,0.0,0.0,0.0,2.302585092994046,False
تودیع کرد,True,True,کرد,5,4,0.2,2.5410106403333614,,0.25,سیروس,1.0,0.0,0.0,0.5,1.6094379124341003,False
تورق کرد,True,True,کرد,9,7,0.2222222222222222,3.425652796724303,,0.14285714285714285,دست‌نوشته,1.0,0.0,0.0,0.14285714285714285,2.1972245773362196,False
توزیع کرد,True,True,کرد,7,6,0.14285714285714285,3.186085434424891,,0.16666666666666666,کارنامه,1.0,0.0,0.16666666666666663,0.0,1.9459101490553132,False
توسعه داد,True,True,داد,11,11,0.0,4.115202091768644,3.321928094887362,0.09090909090909091,تحریم,1.0,0.0,0.0,0.0,2.3978952727983707,True
توصیف کرد,True,True,کرد,5,5,0.0,2.8990061112429473,,0.2,منشأ,1.0,0.0,0.0,0.0,1.6094379124341003,False
توقیف کرد,True,True,کرد,9,9,0.0,3.508750850676909,,0.2222222222222222,کشتی,0.8888888888888888,0.0,0.11111111111111116,0.1111111111111111,2.1972245773362196,False
تولید کرد,True,True,کرد,17,13,0.23529411764705882,4.366298967782153,3.321928094887362,0.07692307692307693,نوشابه,1.0,0.07692307692307693,0.7692307692307692,0.0,2.833213344056216,True
تکافو کرد,True,True,کرد,7,4,0.42857142857142855,2.5410106403333614,,0.25,همه,1.0,0.0,0.0,0.0,1.9459101490553132,False
تکان داد,True,True,داد,10,9,0.1,2.379412788306526,,0.4444444444444444,سر,0.5555555555555556,0.5555555555555556,0.5555555555555556,0.1111111111111111,2.302585092994046,False
تکاند,False,False,,8,7,0.125,3.036888865232234,,0.2857142857142857,غبار,0.8571428571428571,0.0,0.0,0.14285714285714285,2.0794415416798357,False
تکثیر کرد,True,True,کرد,9,6,0.3333333333333333,3.186085434424891,,0.16666666666666666,ماهی‌قرمز,1.0,0.0,0.0,0.0,2.1972245773362196,False
تکرار کرد,True,True,کرد,17,15,0.11764705882352941,4.035878777267805,3.070928094887362,0.13333333333333333,اشتباه,0.8,0.0,0.0,0.06666666666666667,2.833213344056216,True
تکریم کرد,True,True,کرد,9,7,0.2222222222222222,3.425652796724303,,0.14285714285714285,آنها,1.0,0.0,0.0,0.42857142857142855,2.1972245773362196,False
تکفل کرد,True,True,کرد,7,7,0.0,3.425652796724303,,0.14285714285714285,روزی,1.0,0.0,0.0,0.0,1.9459101490553132,False
تکفیر کرد,True,True,کرد,8,8,0.0,3.6311790803889217,,0.125,پیرو,1.0,0.0,0.0,0.0,2.0794415416798357,False
تکمیل کرد,True,True,کرد,6,6,0.0,3.186085434424891,,0.16666666666666666,ناکامی,1.0,0.0,0.0,0.16666666666666666,1.791759469228055,False
تکه کرد,True,True,کرد,6,6,0.0,3.186085434424891,,0.16666666666666666,گوشت,1.0,0.0,0.0,0.16666666666666666,1.791759469228055,False
تکوین کرد,True,True,کرد,6,3,0.5,2.065860847684144,,0.3333333333333333,خمیرمایه,1.0,0.0,0.33333333333333337,0.0,1.791759469228055,False
تیرباران کرد,True,True,کرد,6,5,0.16666666666666666,2.8990061112429473,,0.2,مهندس,1.0,0.0,0.0,0.6,1.791759469228055,False
تیغ زد,True,True,زد,6,6,0.0,2.7325275143508105,,0.3333333333333333,مو,0.8333333333333334,0.0,0.0,0.0,1.791759469228055,False
تیغه کرد,True,True,کرد,5,4,0.2,2.5410106403333614,,0.25,دست,1.0,0.0,0.0,0.0,1.6094379124341003,False
تیمار کرد,True,True,کرد,7,6,0.14285714285714285,3.186085434424891,,0.16666666666666666,زخم,1.0,0.0,0.0,0.3333333333333333,1.9459101490553132,False
ثابت کرد,True,True,کرد,6,4,0.3333333333333333,2.5410106403333614,,0.25,بطلان,1.0,0.0,0.0,0.0,1.791759469228055,False
ثبت کرد,True,True,کرد,11,9,0.18181818181818182,3.8111227973929624,,0.1111111111111111,قرارداد,1.0,0.0,0.0,0.0,2.3978952727983707,False
جا آورد,True,True,آورد,8,8,0.0,2.360673760222241,,0.5,شکر,0.625,0.0,0.25,0.0,2.0794415416798357,False
جا انداخت,True,True,انداخت,5,5,0.0,2.8990061112429473,,0.2,آن,1.0,0.0,0.0,0.2,1.6094379124341003,False
جا داد,True,True,داد,10,10,0.0,3.699006111242947,3.121928094887362,0.2,خود,0.9,0.0,0.0,0.3,2.302585092994046,True
جا گذاشت,True,True,گذاشت,9,9,0.0,3.8111227973929624,,0.1111111111111111,حیات,1.0,0.0,0.11111111111111116,0.2222222222222222,2.1972245773362196,False
جابجا کرد,True,True,کرد,9,8,0.1111111111111111,3.2910106403333614,,0.25,مسافر,0.875,0.0,0.125,0.125,2.1972245773362196,False
جابه‌جا کرد,False,True,کرد,5,4,0.2,2.5410106403333614,,0.25,دشمنی,1.0,0.0,0.0,0.0,1.6094379124341003,False
جارو زد,True,True,زد,7,7,0.0,3.036888865232234,,0.2857142857142857,کف,0.8571428571428571,0.0,0.0,0.14285714285714285,1.9459101490553132,False
جارو کرد,True,True,کرد,6,5,0.16666666666666666,2.8990061112429473,,0.2,سلول,1.0,0.0,0.0,0.0,1.791759469228055,False
جارو کشید,True,True,کشید,7,6,0.14285714285714285,3.186085434424891,,0.16666666666666666,خانه,1.0,0.0,0.0,0.0,1.9459101490553132,False
جاروب زد,True,True,زد,5,5,0.0,2.8990061112429473,,0.2,خانه,1.0,0.0,0.0,0.0,1.6094379124341003,False
جاسازی کرد,True,True,کرد,5,5,0.0,2.8990061112429473,,0.2,شوهر,1.0,0.0,0.19999999999999996,0.4,1.6094379124341003,False
جانمایی کرد,True,True,کرد,6,5,0.16666666666666666,2.8990061112429473,,0.2,پارتیشن,1.0,0.0,0.0,0.2,1.791759469228055,False
جای آورد,True,True,آورد,5,5,0.0,2.8990061112429473,,0.2,سپاس,1.0,0.0,0.6,0.0,1.6094379124341003,False
جایگذاری کرد,True,True,کرد,5,4,0.2,2.5410106403333614,,0.25,بسیاری,1.0,0.0,0.0,0.0,1.6094379124341003,False
جایگزین کرد,False,True,کرد,9,8,0.1111111111111111,3.6311790803889217,,0.125,آب,1.0,0.0,0.0,0.125,2.1972245773362196,False
جبران کرد,True,True,کرد,10,8,0.2,3.2910106403333614,,0.25,عقب‌ماندگی,0.875,0.0,0.0,0.125,2.302585092994046,False
جدا کرد,False,True,کرد,8,6,0.25,2.1531550105828186,,0.5,سر,0.6666666666666666,0.0,0.0,0.16666666666666666,2.0794415416798357,False
جداسازی کرد,True,True,کرد,5,5,0.0,2.8990061112429473,,0.2,پروتئین,1.0,0.0,0.19999999999999996,0.0,1.6094379124341003,False
جدول‌بندی کرد,True,True,کرد,6,5,0.16666666666666666,2.8990061112429473,,0.2,شمار,1.0,0.0,0.0,0.0,1.791759469228055,False
جدی گرفت,False,True,گرفت,6,4,0.3333333333333333,2.5410106403333614,,0.25,داستان,1.0,0.0,0.0,0.25,1.791759469228055,False
جذب کرد,False,True,کرد,5,4,0.2,2.5410106403333614,,0.25,میلیون‌ها,1.0,0.0,0.0,0.0,1.6094379124341003,False
جراحی کرد,True,True,کرد,6,4,0.3333333333333333,2.5410106403333614,,0.25,دست,1.0,0.0,0.0,0.0,1.791759469228055,False
جریمه کرد,True,True,کرد,9,9,0.0,3.8111227973929624,,0.1111111111111111,تیم,1.0,0.0,0.0,0.4444444444444444,2.1972245773362196,False
جست,False,False,,30,28,0.06666666666666667,4.427876882542027,2.9556589135735396,0.17857142857142858,بهره,0.6785714285714286,0.17857142857142858,0.6428571428571428,0.07142857142857142,3.4011973816621555,True
جست کرد,True,True,کرد,6,6,0.0,3.186085434424891,,0.16666666666666666,آینده,1.0,0.0,0.0,0.0,1.791759469228055,False
جستجو کرد,True,True,کرد,5,4,0.2,2.5410106403333614,,0.25,منشأ,1.0,0.0,0.0,0.0,1.6094379124341003,False
جفت کرد,False,True,کرد,8,8,0.0,2.516312822451807,,0.375,کفش,0.625,0.0,0.0,0.125,2.0794415416798357,False
جلب کرد,True,True,کرد,15,14,0.06666666666666667,2.528566536192995,2.106210446086531,0.42857142857142855,توجه,0.42857142857142855,0.0,0.0,0.0,2.70805020110221,True
جمع زد,True,True,زد,8,7,0.125,3.425652796724303,,0.14285714285714285,مجموع,1.0,0.0,0.0,0.0,2.0794415416798357,False
جمع کرد,True,True,کرد,23,20,0.13043478260869565,4.871140863287397,3.276928094887362,0.1,حواس,0.95,0.0,0.09999999999999998,0.05,3.1354942159291497,True
جمع‌آوری کرد,True,True,کرد,11,11,0.0,4.115202091768644,3.321928094887362,0.09090909090909091,پر,1.0,0.18181818181818182,0.18181818181818177,0.0,2.3978952727983707,True
جمع‌بندی کرد,True,True,کرد,8,7,0.125,3.425652796724303,,0.14285714285714285,ستاره,1.0,0.0,0.0,0.14285714285714285,2.0794415416798357,False
جنباند,False,False,,14,13,0.07142857142857142,3.165780690688121,2.5868062760281076,0.3076923076923077,سر,0.6153846153846154,0.5384615384615384,0.5384615384615384,0.0,2.6390573296152584,True
جهاند,False,False,,7,5,0.2857142857142857,2.3547366071540514,,0.4,اسب,0.8,0.0,0.19999999999999996,0.4,1.9459101490553132,False
جواب کرد,True,True,کرد,6,6,0.0,3.186085434424891,,0.16666666666666666,ملازم,1.0,0.0,0.0,0.16666666666666666,1.791759469228055,False
جوش داد,True,True,داد,6,6,0.0,2.7325275143508105,,0.3333333333333333,ستون,0.8333333333333334,0.0,0.16666666666666663,0.0,1.791759469228055,False
جوشاند,False,False,,8,5,0.375,2.8990061112429473,,0.2,کنسرو,1.0,0.0,0.0,0.2,2.0794415416798357,False
جوید,False,False,,8,7,0.125,3.425652796724303,,0.14285714285714285,تو,1.0,0.2857142857142857,0.4285714285714286,0.14285714285714285,2.0794415416798357,False
جیب زد,True,True,زد,8,8,0.0,2.0817834446258137,,0.375,دلار,0.5,0.0,0.75,0.0,2.0794415416798357,False
حاشا کرد,True,True,کرد,7,6,0.14285714285714285,3.186085434424891,,0.16666666666666666,قضیه,1.0,0.0,0.0,0.0,1.9459101490553132,False
حاشیه‌دوزی کرد,True,True,کرد,5,5,0.0,2.3547366071540514,,0.4,دور,0.8,0.0,0.0,0.0,1.6094379124341003,False
حاصل آورد,True,True,آورد,8,8,0.0,3.6311790803889217,,0.125,مشکل,1.0,0.125,0.625,0.0,2.0794415416798357,False
حاصل داشت,True,True,داشت,6,5,0.16666666666666666,2.8990061112429473,,0.2,عاقبت,1.0,0.0,0.4,0.0,1.791759469228055,False
حبس کرد,True,True,کرد,7,7,0.0,3.425652796724303,,0.14285714285714285,نفس,1.0,0.0,0.0,0.0,1.9459101490553132,False
حجامت کرد,True,True,کرد,7,3,0.5714285714285714,2.065860847684144,,0.3333333333333333,نفر,1.0,0.0,0.0,0.0,1.9459101490553132,False
حذف کرد,True,True,کرد,17,16,0.058823529411764705,4.506179080388922,3.2479280948873623,0.125,آنها,0.9375,0.0,0.0,0.1875,2.833213344056216,True
حراج کرد,True,True,کرد,7,7,0.0,3.425652796724303,,0.14285714285714285,نوزاد,1.0,0.0,0.0,0.0,1.9459101490553132,False
حروف‌چینی کرد,True,True,کرد,6,4,0.3333333333333333,2.5410106403333614,,0.25,متن,1.0,0.0,0.0,0.0,1.791759469228055,False
حرکت داد,True,True,داد,7,7,0.0,3.425652796724303,,0.14285714285714285,جریان,1.0,0.0,0.0,0.14285714285714285,1.9459101490553132,False
حصول کرد,True,True,کرد,11,11,0.0,4.115202091768644,3.321928094887362,0.09090909090909091,تخم‌مرغ,1.0,0.0,0.18181818181818177,0.09090909090909091,2.3978952727983707,True
حفاری کرد,True,True,کرد,7,6,0.14285714285714285,2.7325275143508105,,0.3333333333333333,حلقه,0.8333333333333334,0.0,0.33333333333333337,0.0,1.9459101490553132,False
حفظ کرد,False,True,کرد,17,15,0.11764705882352941,4.580148281356701,3.321928094887362,0.06666666666666667,شما,1.0,0.0,0.06666666666666665,0.2,2.833213344056216,True
حل کرد,True,True,کرد,27,27,0.0,3.2344731576432624,2.398796468285504,0.2962962962962963,مشکل,0.4074074074074074,0.0,0.03703703703703709,0.07407407407407407,3.295836866004329,True
حلقه کرد,True,True,کرد,8,7,0.125,0.6947224243601106,,0.8571428571428571,دست,0.2857142857142857,0.0,0.0,0.0,2.0794415416798357,False
حمل کرد,True,True,کرد,8,6,0.25,3.186085434424891,,0.16666666666666666,احساس,1.0,0.0,0.0,0.16666666666666666,2.0794415416798357,False
حواله داد,True,True,داد,7,5,0.2857142857142857,2.8990061112429473,,0.2,ما,1.0,0.0,0.0,0.4,1.9459101490553132,False
حواله کرد,True,True,کرد,6,6,0.0,1.6995970905087388,,0.5,پول,0.5,0.16666666666666666,0.16666666666666663,0.0,1.791759469228055,False
حک کرد,True,True,کرد,11,11,0.0,3.191198222556513,2.6598453760454146,0.36363636363636365,نام,0.7272727272727273,0.0,0.09090909090909094,0.0,2.3978952727983707,True
حکاکی کرد,True,True,کرد,6,5,0.16666666666666666,2.8990061112429473,,0.2,تمامی,1.0,0.0,0.0,0.0,1.791759469228055,False
خارج کرد,False,True,کرد,12,10,0.16666666666666666,3.9711408632873955,3.321928094887362,0.1,عکس,1.0,0.0,0.0,0.1,2.4849066497880004,True
خاطر آورد,True,True,آورد,11,11,0.0,4.115202091768644,3.321928094887362,0.09090909090909091,رهبر,1.0,0.0,0.0,0.09090909090909091,2.3978952727983707,True
خالکوبی کرد,True,True,کرد,6,4,0.3333333333333333,2.5410106403333614,,0.25,تمام,1.0,0.0,0.0,0.25,1.791759469228055,False
خاموش کرد,False,True,کرد,10,10,0.0,3.699006111242947,3.121928094887362,0.2,آتش,0.9,0.0,0.0,0.2,2.302585092994046,True
خاک کرد,True,True,کرد,8,7,0.125,3.425652796724303,,0.14285714285714285,ابزار,1.0,0.0,0.0,0.14285714285714285,2.0794415416798357,False
ختنه کرد,True,True,کرد,5,5,0.0,1.8104671030651547,,0.4,نوزاد,0.6,0.0,0.0,0.0,1.6094379124341003,False
خجالت داد,True,True,داد,7,6,0.14285714285714285,3.186085434424891,,0.16666666666666666,شاگرد,1.0,0.0,0.0,0.3333333333333333,1.9459101490553132,False
خراب کرد,False,True,کرد,6,6,0.0,3.186085434424891,,0.16666666666666666,بساط,1.0,0.0,0.0,0.0,1.791759469228055,False
خراش داد,True,True,داد,6,6,0.0,3.186085434424891,,0.16666666666666666,آنها,1.0,0.0,0.0,0.16666666666666666,1.791759469228055,False
خرج داد,True,True,داد,6,6,0.0,3.186085434424891,,0.16666666666666666,دقت,1.0,0.6666666666666666,0.8333333333333334,0.0,1.791759469228055,False
خرج کرد,True,True,کرد,12,9,0.25,3.1225025148315813,,0.3333333333333333,پول,0.7777777777777778,0.2222222222222222,0.4444444444444444,0.0,2.4849066497880004,False
خرید,False,False,,22,17,0.22727272727272727,4.766378154609852,3.321928094887362,0.058823529411764705,خانه,1.0,0.17647058823529413,0.5294117647058824,0.11764705882352941,3.091042453358316,True
خرید کرد,True,True,کرد,17,7,0.5882352941176471,3.425652796724303,,0.14285714285714285,تومان,1.0,0.14285714285714285,0.2857142857142857,0.0,2.833213344056216,False
خریداری کرد,True,True,کرد,8,8,0.0,3.6311790803889217,,0.125,مقدار,1.0,0.125,0.25,0.0,2.0794415416798357,False
خضاب کرد,True,True,کرد,6,3,0.5,0.0,,1.0,مو,0.3333333333333333,0.0,0.0,0.0,1.791759469228055,False
خطاطی کرد,True,True,کرد,6,4,0.3333333333333333,2.5410106403333614,,0.25,شاهنامه,1.0,0.0,0.0,0.0,1.791759469228055,False
خلاصه‌نویسی کرد,True,True,کرد,7,4,0.42857142857142855,2.5410106403333614,,0.25,تمامی,1.0,0.0,0.0,0.0,1.9459101490553132,False
خلق کرد,True,True,کرد,11,11,0.0,3.867806862637328,3.164928094887362,0.18181818181818182,پدیده,0.9090909090909091,0.18181818181818182,0.18181818181818177,0.18181818181818182,2.3978952727983707,True
خلقت کرد,True,True,کرد,7,7,0.0,3.425652796724303,,0.14285714285714285,آسمان,1.0,0.0,0.0,0.0,1.9459101490553132,False
خنثی کرد,True,True,کرد,5,5,0.0,2.8990061112429473,,0.2,توطئه,1.0,0.0,0.0,0.0,1.6094379124341003,False
خنداند,False,False,,10,8,0.2,3.2910106403333614,,0.25,مردم,0.875,0.0,0.0,0.125,2.302585092994046,False
خواباند,False,False,,13,13,0.0,4.156964543132577,3.216928094887362,0.15384615384615385,نوزاد,0.9230769230769231,0.0,0.07692307692307687,0.15384615384615385,2.5649493574615367,True
خوابانید,False,False,,7,6,0.14285714285714285,2.7325275143508105,,0.3333333333333333,آینه,0.8333333333333334,0.0,0.16666666666666663,0.3333333333333333,1.9459101490553132,False
خواست,False,False,,54,40,0.25925925925925924,5.579295424145887,3.251418319883035,0.075,چه,0.85,0.475,0.6,0.05,3.9889840465642745,True
خواند,False,False,,152,134,0.11842105263157894,5.970179097248437,3.1515115511189724,0.07462686567164178,نماز,0.5149253731343284,0.35074626865671643,0.4253731343283582,0.11194029850746269,5.0238805208462765,True
خوراند,False,False,,7,4,0.42857142857142855,2.5410106403333614,,0.25,غذا,1.0,0.25,0.75,0.0,1.9459101490553132,False
خورد,False,False,,128,78,0.390625,5.7697406430479266,3.149888994870054,0.08974358974358974,غذا,0.6410256410256411,0.6153846153846154,0.7564102564102564,0.038461538461538464,4.852030263919617,True
خوشنویسی کرد,True,True,کرد,5,3,0.4,2.065860847684144,,0.3333333333333333,نسخه,1.0,0.0,0.0,0.0,1.6094379124341003,False
خیس کرد,False,True,کرد,5,5,0.0,2.8990061112429473,,0.2,مژه,1.0,0.0,0.0,0.2,1.6094379124341003,False
خیساند,False,False,,9,8,0.1111111111111111,3.6311790803889217,,0.125,برگ,1.0,0.0,0.0,0.0,2.1972245773362196,False
داد,False,False,,448,432,0.03571428571428571,6.685102428676574,3.1275548496198553,0.11805555555555555,اجازه,0.3888888888888889,0.4305555555555556,0.7708333333333334,0.006944444444444444,6.104793232414985,True
دار زد,True,True,زد,5,5,0.0,2.8990061112429473,,0.2,دختر,1.0,0.0,0.0,0.6,1.6094379124341003,False
داشت,False,False,,1336,1313,0.01721556886227545,9.020424494403061,3.2939280948873617,0.02513328255902513,حق,0.4706778370144707,0.23153084539223154,0.8499619192688499,0.013709063214013708,7.197435354096591,True
داغ کرد,True,True,کرد,8,8,0.0,3.2910106403333614,,0.25,تنور,0.875,0.0,0.0,0.0,2.0794415416798357,False
دانست,False,False,,43,25,0.4186046511627907,4.24113298388172,2.887752144809477,0.2,قدر,0.68,0.16,0.24,0.12,3.7612001156935624,True
دانه کرد,True,True,کرد,7,7,0.0,0.6947224243601106,,0.8571428571428571,انار,0.2857142857142857,0.2857142857142857,0.2857142857142857,0.0,1.9459101490553132,False
دباغی کرد,True,True,کرد,6,5,0.16666666666666666,0.8661975989762587,,0.8,پوست,0.4,0.0,0.0,0.0,1.791759469228055,False
دخالت داد,True,True,داد,7,7,0.0,3.425652796724303,,0.14285714285714285,معرفت,1.0,0.0,0.0,0.0,1.9459101490553132,False
درج کرد,True,True,کرد,8,6,0.25,3.186085434424891,,0.16666666666666666,نام,1.0,0.0,0.0,0.0,2.0794415416798357,False
درجه‌بندی کرد,True,True,کرد,7,7,0.0,3.425652796724303,,0.14285714285714285,قوز,1.0,0.0,0.0,0.14285714285714285,1.9459101490553132,False
درخت‌کاری کرد,True,True,کرد,7,4,0.42857142857142855,2.5410106403333614,,0.25,افزون,1.0,0.0,0.0,0.0,1.9459101490553132,False
درخشانید,False,False,,6,6,0.0,3.186085434424891,,0.16666666666666666,ستاره,1.0,0.0,0.0,0.16666666666666666,1.791759469228055,False
درز گرفت,True,True,گرفت,6,5,0.16666666666666666,2.8990061112429473,,0.2,تفاهم,1.0,0.0,0.0,0.2,1.791759469228055,False
درست کرد,False,True,کرد,17,17,0.0,4.766378154609852,3.321928094887362,0.058823529411764705,شام,1.0,0.11764705882352941,0.7058823529411764,0.0,2.833213344056216,True
درمان کرد,True,True,کرد,12,12,0.0,4.019418767758224,3.1859280948873616,0.16666666666666666,او,0.9166666666666666,0.0,0.08333333333333337,0.16666666666666666,2.4849066497880004,True
دروید,False,False,,6,4,0.3333333333333333,1.860673760222241,,0.5,محصول,0.75,0.0,0.25,0.0,1.791759469228055,False
درک کرد,True,True,کرد,9,9,0.0,3.8111227973929624,,0.1111111111111111,حقانیت,1.0,0.0,0.0,0.2222222222222222,2.1972245773362196,False
دریافت داشت,True,True,داشت,8,7,0.125,3.425652796724303,,0.14285714285714285,هدیه,1.0,0.0,0.1428571428571429,0.0,2.0794415416798357,False
دریافت کرد,True,True,کرد,22,21,0.045454545454545456,5.079315061297315,3.321928094887362,0.047619047619047616,پاسخ,1.0,0.047619047619047616,0.47619047619047616,0.0,3.091042453358316,True
دریبل زد,True,True,زد,5,4,0.2,1.860673760222241,,0.5,بازیکن,0.75,0.0,0.0,0.0,1.6094379124341003,False
درید,False,False,,9,9,0.0,3.8111227973929624,,0.1111111111111111,بلاگفا,1.0,0.1111111111111111,0.11111111111111116,0.1111111111111111,2.1972245773362196,False
دریغ داشت,True,True,داشت,6,5,0.16666666666666666,2.8990061112429473,,0.2,قطره,1.0,0.0,0.0,0.0,1.791759469228055,False
دزدید,False,False,,11,11,0.0,4.115202091768644,3.321928094887362,0.09090909090909091,جنگنده,1.0,0.09090909090909091,0.09090909090909094,0.0,2.3978952727983707,True
دست آورد,True,True,آورد,27,26,0.037037037037037035,4.946340119186117,3.179153657376544,0.11538461538461539,دل,0.8461538461538461,0.0,0.3076923076923077,0.07692307692307693,3.295836866004329,True
دست انداخت,True,True,انداخت,8,8,0.0,3.6311790803889217,,0.125,خانواده,1.0,0.0,0.125,0.5,2.0794415416798357,False
دست داد,True,True,داد,37,27,0.2702702702702703,5.14714650106062,3.2409280948873618,0.07407407407407407,تعادل,0.8888888888888888,0.0,0.18518518518518523,0.037037037037037035,3.6109179126442243,True
دسته‌بندی کرد,True,True,کرد,8,8,0.0,3.6311790803889217,,0.125,لیزر,1.0,0.0,0.0,0.0,2.0794415416798357,False
دستگیر کرد,True,True,کرد,13,13,0.0,4.366298967782153,3.321928094887362,0.07692307692307693,شما,1.0,0.0,0.07692307692307687,0.23076923076923078,2.5649493574615367,True
دست‌چین کرد,True,True,کرد,6,6,0.0,3.186085434424891,,0.16666666666666666,کشتی‌گیر,1.0,0.0,0.0,0.0,1.791759469228055,False
دست‌کاری کرد,True,True,کرد,6,3,0.5,2.065860847684144,,0.3333333333333333,تصور,1.0,0.0,0.0,0.0,1.791759469228055,False
دعوت کرد,True,True,کرد,17,14,0.17647058823529413,4.034493152252307,3.0677716948181306,0.21428571428571427,ما,0.8571428571428571,0.0,0.0,0.35714285714285715,2.833213344056216,True
دق‌الباب کرد,True,True,کرد,6,5,0.16666666666666666,1.8104671030651547,,0.4,در,0.6,0.0,0.0,0.0,1.791759469228055,False
دل گرفت,True,True,گرفت,8,8,0.0,0.6337328832551566,,0.875,کینه,0.25,0.125,0.625,0.0,2.0794415416798357,False
دلگرم کرد,True,True,کرد,9,9,0.0,3.206378903960856,,0.2222222222222222,ما,0.7777777777777778,0.0,0.11111111111111116,0.6666666666666666,2.1972245773362196,False
دنبال داشت,True,True,داشت,7,7,0.0,3.036888865232234,,0.2857142857142857,نگرانی,0.8571428571428571,0.0,0.1428571428571429,0.0,1.9459101490553132,False
دنبال کرد,True,True,کرد,11,11,0.0,4.115202091768644,3.321928094887362,0.09090909090909091,طرح,1.0,0.0,0.0,0.09090909090909091,2.3978952727983707,True
دندان زد,True,True,زد,7,3,0.5714285714285714,1.1587450075359835,,0.6666666666666666,سیب,0.6666666666666666,0.0,0.0,0.3333333333333333,1.9459101490553132,False
دواند,False,False,,6,5,0.16666666666666666,2.8990061112429473,,0.2,اسب,1.0,0.8,0.8,0.0,1.791759469228055,False
دوباره‌سازی کرد,True,True,کرد,7,6,0.14285714285714285,2.7325275143508105,,0.3333333333333333,فیلم,0.8333333333333334,0.0,0.0,0.16666666666666666,1.9459101490553132,False
دوبله کرد,True,True,کرد,7,7,0.0,2.151519930510458,,0.42857142857142855,فیلم,0.5714285714285714,0.0,0.1428571428571429,0.0,1.9459101490553132,False
دوخت,False,False,,22,19,0.13636363636363635,2.65662330965238,2.024369053956779,0.47368421052631576,چشم,0.42105263157894735,0.5263157894736842,0.631578947368421,0.0,3.091042453358316,True
دود داد,True,True,داد,5,3,0.4,2.065860847684144,,0.3333333333333333,آنها,1.0,0.0,0.0,0.3333333333333333,1.6094379124341003,False
دور کرد,False,True,کرد,11,8,0.2727272727272727,2.950842200277801,,0.25,من,0.75,0.0,0.0,0.75,2.3978952727983707,False
دوره کرد,True,True,کرد,11,9,0.18181818181818182,3.1225025148315813,,0.3333333333333333,درس,0.7777777777777778,0.0,0.0,0.1111111111111111,2.3978952727983707,False
دوست داشت,True,True,داشت,55,49,0.10909090909090909,5.119456428823132,3.042177405868773,0.12244897959183673,او,0.6530612244897959,0.0,0.18367346938775508,0.3877551020408163,4.007333185232471,True
دوشید,False,False,,8,6,0.25,0.7702470083891011,,0.8333333333333334,شیر,0.3333333333333333,0.3333333333333333,0.5,0.0,2.0794415416798357,False
دچار کرد,False,True,کرد,10,6,0.4,3.186085434424891,,0.16666666666666666,شما,1.0,0.0,0.0,0.16666666666666666,2.302585092994046,False
دک کرد,True,True,کرد,9,9,0.0,3.508750850676909,,0.2222222222222222,او,0.8888888888888888,0.0,0.2222222222222222,0.3333333333333333,2.1972245773362196,False
دکلمه کرد,True,True,کرد,6,6,0.0,2.1531550105828186,,0.5,شعر,0.6666666666666666,0.0,0.0,0.16666666666666666,1.791759469228055,False
دگرگون کرد,True,True,کرد,11,10,0.09090909090909091,3.9711408632873955,3.321928094887362,0.1,دید,1.0,0.0,0.09999999999999998,0.1,2.3978952727983707,True
دید,False,False,,215,191,0.11162790697674418,7.222903561893496,3.2506634323808714,0.041884816753926704,او,0.680628272251309,0.16230366492146597,0.31937172774869105,0.16230366492146597,5.3706380281276624,True
دیده‌بانی کرد,True,True,کرد,6,4,0.3333333333333333,2.5410106403333614,,0.25,آب,1.0,0.0,0.0,0.0,1.791759469228055,False
دیکته کرد,True,True,کرد,9,9,0.0,3.8111227973929624,,0.1111111111111111,قصیده,1.0,0.0,0.11111111111111116,0.0,2.1972245773362196,False
ذخیره کرد,True,True,کرد,8,6,0.25,2.7325275143508105,,0.3333333333333333,تن,0.8333333333333334,0.0,0.5,0.16666666666666666,2.0794415416798357,False
رؤیت کرد,True,True,کرد,5,5,0.0,2.8990061112429473,,0.2,هلال,1.0,0.0,0.0,0.0,1.6094379124341003,False
راند,False,False,,17,13,0.23529411764705882,3.9476301184830014,3.091928094887362,0.15384615384615385,ماشین,0.8461538461538461,0.07692307692307693,0.07692307692307687,0.0,2.833213344056216,True
راه انداخت,True,True,انداخت,13,12,0.07692307692307693,3.502953555837188,2.8535416135216174,0.25,جنگ,0.75,0.16666666666666666,0.9166666666666666,0.0,2.5649493574615367,True
راه داد,True,True,داد,22,21,0.045454545454545456,4.395428151564653,3.0900213261232996,0.14285714285714285,تردید,0.7619047619047619,0.14285714285714285,0.2857142857142857,0.38095238095238093,3.091042453358316,True
راهنمایی کرد,True,True,کرد,8,8,0.0,2.8564812625073674,,0.375,او,0.75,0.0,0.0,0.625,2.0794415416798357,False
راه‌اندازی کرد,True,True,کرد,8,8,0.0,3.2910106403333614,,0.25,وبلاگ,0.875,0.125,0.5,0.0,2.0794415416798357,False
رایت کرد,True,True,کرد,6,6,0.0,2.7325275143508105,,0.3333333333333333,فیلم,0.8333333333333334,0.0,0.16666666666666663,0.0,1.791759469228055,False
ربود,False,False,,8,8,0.0,3.6311790803889217,,0.125,سال,1.0,0.125,0.125,0.0,2.0794415416798357,False
رتبه‌بندی کرد,True,True,کرد,7,7,0.0,2.5402838620025268,,0.42857142857142855,دانشگاه,0.7142857142857143,0.0,0.0,0.14285714285714285,1.9459101490553132,False
رجحان داد,True,True,داد,7,7,0.0,3.425652796724303,,0.14285714285714285,مقوله,1.0,0.0,0.0,0.0,1.9459101490553132,False
رحمت کرد,True,True,کرد,7,3,0.5714285714285714,2.065860847684144,,0.3333333333333333,کس,1.0,0.0,0.0,0.0,1.9459101490553132,False
رخ کشید,True,True,کشید,10,10,0.0,3.9711408632873955,3.321928094887362,0.1,ضعف,1.0,0.0,0.0,0.1,2.302585092994046,True
رد زد,True,True,زد,5,5,0.0,2.8990061112429473,,0.2,شدن,1.0,0.0,0.0,0.0,1.6094379124341003,False
رد کرد,True,True,کرد,6,6,0.0,3.186085434424891,,0.16666666666666666,قانون,1.0,0.0,0.33333333333333337,0.0,1.791759469228055,False
رده‌بندی کرد,True,True,کرد,7,7,0.0,3.425652796724303,,0.14285714285714285,دانشگاه,1.0,0.0,0.0,0.2857142857142857,1.9459101490553132,False
ردگیری کرد,True,True,کرد,7,7,0.0,3.425652796724303,,0.14285714285714285,دلار,1.0,0.0,0.0,0.14285714285714285,1.9459101490553132,False
ردیابی کرد,True,True,کرد,8,8,0.0,3.2910106403333614,,0.25,موج,0.875,0.0,0.0,0.125,2.0794415416798357,False
ردیف کرد,True,True,کرد,5,4,0.2,2.5410106403333614,,0.25,گاز,1.0,0.0,0.25,0.0,1.6094379124341003,False
رزرو کرد,True,True,کرد,5,5,0.0,2.8990061112429473,,0.2,تور,1.0,0.0,0.19999999999999996,0.0,1.6094379124341003,False
رساند,False,False,,74,73,0.013513513513513514,6.110697300671822,3.2070408761319538,0.0684931506849315,خود,0.7534246575342466,0.136986301369863,0.17808219178082196,0.2054794520547945,4.30406509320417,True
رسانید,False,False,,53,50,0.05660377358490566,5.555935844962748,3.1881536573765445,0.1,سلام,0.74,0.24,0.33999999999999997,0.12,3.970291913552122,True
رعایت کرد,True,True,کرد,16,14,0.125,4.088413688121126,3.111928094887362,0.14285714285714285,قانون,0.8571428571428571,0.0,0.0,0.07142857142857142,2.772588722239781,True
رقصاند,False,False,,8,8,0.0,3.6311790803889217,,0.125,انگشت,1.0,0.25,0.25,0.125,2.0794415416798357,False
رقم زد,True,True,زد,11,11,0.0,3.551785496945696,2.919443863478347,0.2727272727272727,سرنوشت,0.8181818181818182,0.0,0.18181818181818177,0.0,2.3978952727983707,True
رم داد,True,True,داد,6,6,0.0,3.186085434424891,,0.16666666666666666,مرکب,1.0,0.0,0.0,0.0,1.791759469228055,False
رمزشکنی کرد,True,True,کرد,5,4,0.2,2.5410106403333614,,0.25,گروه,1.0,0.0,0.25,0.0,1.6094379124341003,False
رمزگذاری کرد,True,True,کرد,5,5,0.0,2.8990061112429473,,0.2,پیام,1.0,0.0,0.0,0.0,1.6094379124341003,False
رنجاند,False,False,,8,8,0.0,3.6311790803889217,,0.125,تو,1.0,0.0,0.0,0.375,2.0794415416798357,False
رنگ کرد,True,True,کرد,8,8,0.0,3.2910106403333614,,0.25,مو,0.875,0.0,0.0,0.0,2.0794415416798357,False
رنگ‌آمیزی کرد,True,True,کرد,6,6,0.0,3.186085434424891,,0.16666666666666666,قصر,1.0,0.0,0.0,0.3333333333333333,1.791759469228055,False
رها کرد,False,True,کرد,26,19,0.2692307692307692,4.7880805580518055,3.2739280948873613,0.10526315789473684,من,0.9473684210526315,0.0,0.21052631578947367,0.2631578947368421,3.258096538021482,True
رهاند,False,False,,12,12,0.0,3.565860847684144,2.894928094887362,0.16666666666666666,خود,0.75,0.0,0.0,0.6666666666666666,2.4849066497880004,True
رهایی داد,True,True,داد,5,5,0.0,2.8990061112429473,,0.2,شما,1.0,0.0,0.0,1.0,1.6094379124341003,False
رهنمود کرد,True,True,کرد,6,5,0.16666666666666666,2.8990061112429473,,0.2,مرجع,1.0,0.0,0.0,0.4,1.791759469228055,False
رهنمون ساخت,True,True,ساخت,6,4,0.3333333333333333,2.5410106403333614,,0.25,آنها,1.0,0.0,0.0,0.75,1.791759469228055,False
رهگیری کرد,True,True,کرد,5,5,0.0,2.8990061112429473,,0.2,فروند,1.0,0.0,0.0,0.2,1.6094379124341003,False
رو کرد,True,True,کرد,12,6,0.5,2.27896959427673,,0.3333333333333333,دست,0.6666666666666666,0.5,0.5,0.0,2.4849066497880004,False
روا داشت,True,True,داشت,10,9,0.1,3.1225025148315813,,0.3333333333333333,ستم,0.7777777777777778,0.3333333333333333,0.7777777777777778,0.0,2.302585092994046,False
رواج داد,True,True,داد,5,5,0.0,2.8990061112429473,,0.2,آن,1.0,0.0,0.0,0.2,1.6094379124341003,False
روانه کرد,False,True,کرد,8,7,0.125,3.425652796724303,,0.14285714285714285,سنگ,1.0,0.14285714285714285,0.1428571428571429,0.14285714285714285,2.0794415416798357,False
روان‌کاوی کرد,True,True,کرد,5,5,0.0,2.3547366071540514,,0.4,شخصیت,0.8,0.0,0.0,0.0,1.6094379124341003,False
روبید,False,False,,8,7,0.125,3.036888865232234,,0.2857142857142857,برف,0.8571428571428571,0.14285714285714285,0.1428571428571429,0.0,2.0794415416798357,False
روخوانی کرد,True,True,کرد,7,7,0.0,3.425652796724303,,0.14285714285714285,کتاب,1.0,0.0,0.0,0.14285714285714285,1.9459101490553132,False
روشن کرد,False,True,کرد,12,12,0.0,3.502953555837188,2.834012288508636,0.25,سیگار,0.75,0.4166666666666667,0.5,0.0,2.4849066497880004,True
رونویسی کرد,True,True,کرد,8,6,0.25,2.7325275143508105,,0.3333333333333333,صفحه,0.8333333333333334,0.16666666666666666,0.33333333333333337,0.0,2.0794415416798357,False
ریخت,False,False,,75,43,0.4266666666666667,4.7924816639765275,2.9430946546567203,0.23255813953488372,اشک,0.6511627906976745,0.37209302325581395,0.5116279069767442,0.046511627906976744,4.31748811353631,True
ریشه‌یابی کرد,True,True,کرد,5,5,0.0,2.8990061112429473,,0.2,آن,1.0,0.0,0.0,0.4,1.6094379124341003,False
زایید,False,False,,9,6,0.3333333333333333,2.7325275143508105,,0.3333333333333333,پسر,0.8333333333333334,0.3333333333333333,0.8333333333333334,0.0,2.1972245773362196,False
زجر داد,True,True,داد,8,8,0.0,2.8564812625073674,,0.375,من,0.75,0.0,0.125,0.625,2.0794415416798357,False
زد,False,False,,148,124,0.16216216216216217,6.018921214165314,3.1621536573765443,0.08064516129032258,آسیب,0.5564516129032258,0.3387096774193548,0.5725806451612903,0.056451612903225805,4.997212273764115,True
زدود,False,False,,8,8,0.0,3.2910106403333614,,0.25,بو,0.875,0.0,0.0,0.0,2.0794415416798357,False
زرد کرد,False,True,کرد,5,4,0.2,1.860673760222241,,0.5,چهره,0.75,0.5,0.5,0.25,1.6094379124341003,False
زمزمه کرد,True,True,کرد,9,7,0.2222222222222222,3.425652796724303,,0.14285714285714285,آواز,1.0,0.14285714285714285,0.1428571428571429,0.0,2.1972245773362196,False
زمین زد,True,True,زد,6,6,0.0,3.186085434424891,,0.16666666666666666,کشتی,1.0,0.16666666666666666,0.16666666666666663,0.16666666666666666,1.791759469228055,False
زنجیر کرد,True,True,کرد,8,8,0.0,3.2910106403333614,,0.25,خود,0.875,0.0,0.0,0.375,2.0794415416798357,False
زه‌کشی کرد,True,True,کرد,7,5,0.2857142857142857,2.8990061112429473,,0.2,آب,1.0,0.0,0.0,0.2,1.9459101490553132,False
زیاد آورد,True,True,آورد,6,6,0.0,2.1531550105828186,,0.5,وقت,0.6666666666666666,0.8333333333333334,1.0,0.0,1.791759469228055,False
زیارت کرد,True,True,کرد,7,6,0.14285714285714285,2.7325275143508105,,0.3333333333333333,قبر,0.8333333333333334,0.0,0.0,0.3333333333333333,1.9459101490553132,False
زیرسازی کرد,True,True,کرد,5,3,0.4,2.065860847684144,,0.3333333333333333,جاده,1.0,0.0,0.0,0.0,1.6094379124341003,False
زینت داد,True,True,داد,6,5,0.16666666666666666,2.3547366071540514,,0.4,عمل,0.8,0.0,0.0,0.0,1.791759469228055,False
زینت کرد,True,True,کرد,5,4,0.2,1.860673760222241,,0.5,همه,0.75,0.0,0.0,0.25,1.6094379124341003,False
زیور کرد,True,True,کرد,6,5,0.16666666666666666,2.8990061112429473,,0.2,فرزند,1.0,0.0,0.19999999999999996,0.2,1.791759469228055,False
سابید,False,False,,7,5,0.2857142857142857,2.8990061112429473,,0.2,آنها,1.0,0.0,0.0,0.2,1.9459101490553132,False
ساخت,False,False,,55,50,0.09090909090909091,5.9146903569048215,3.236418319883035,0.08,فیلم,0.86,0.38,0.6599999999999999,0.04,4.007333185232471,True
سازمان داد,True,True,داد,7,7,0.0,3.036888865232234,,0.2857142857142857,خود,0.8571428571428571,0.0,0.1428571428571429,0.2857142857142857,1.9459101490553132,False
سازماندهی کرد,True,True,کرد,13,8,0.38461538461538464,3.2910106403333614,,0.25,آنها,0.875,0.0,0.0,0.25,2.5649493574615367,False
سامان داد,True,True,داد,6,6,0.0,3.186085434424891,,0.16666666666666666,نظام,1.0,0.0,0.0,0.16666666666666666,1.791759469228055,False
سامان‌دهی کرد,True,True,کرد,5,5,0.0,2.8990061112429473,,0.2,واحد,1.0,0.0,0.0,0.0,1.6094379124341003,False
ستاند,False,False,,15,15,0.0,4.398725113327069,3.236928094887362,0.13333333333333333,حق,0.9333333333333333,0.13333333333333333,0.19999999999999996,0.06666666666666667,2.70805020110221,True
ستایش کرد,True,True,کرد,7,6,0.14285714285714285,3.186085434424891,,0.16666666666666666,او,1.0,0.0,0.0,0.3333333333333333,1.9459101490553132,False
ستود,False,False,,11,11,0.0,3.3043902678143793,2.769576194731593,0.2727272727272727,تو,0.7272727272727273,0.0,0.0,0.36363636363636365,2.3978952727983707,True
ستون کرد,True,True,کرد,5,5,0.0,1.6594896026324615,,0.6,دست,0.6,0.0,0.0,0.0,1.6094379124341003,False
سر داد,True,True,داد,22,19,0.13636363636363635,4.318663186288809,3.0851145573592373,0.15789473684210525,شعار,0.7894736842105263,0.47368421052631576,0.736842105263158,0.0,3.091042453358316,True
سر گرفت,True,True,گرفت,5,5,0.0,2.8990061112429473,,0.2,سیاست,1.0,0.0,0.0,0.2,1.6094379124341003,False
سراغ داشت,True,True,داشت,6,6,0.0,3.186085434424891,,0.16666666666666666,تأثیر,1.0,0.0,0.33333333333333337,0.0,1.791759469228055,False
سرایت داد,True,True,داد,6,5,0.16666666666666666,2.3547366071540514,,0.4,روحیه,0.8,0.0,0.0,0.0,1.791759469228055,False
سرایید,False,False,,9,7,0.2222222222222222,1.3549341458364828,,0.7142857142857143,شعر,0.42857142857142855,0.42857142857142855,0.7142857142857143,0.0,2.1972245773362196,False
سرخ کرد,True,True,کرد,7,6,0.14285714285714285,3.186085434424891,,0.16666666666666666,پیاز,1.0,0.0,0.16666666666666663,0.0,1.9459101490553132,False
سردبیری کرد,True,True,کرد,12,12,0.0,2.4263760505457785,2.012751628792403,0.5,نشریه,0.5,0.0,0.0,0.0,2.4849066497880004,True
سرزنش کرد,True,True,کرد,10,10,0.0,3.4268713591984996,2.9219280948873627,0.2,من,0.8,0.0,0.09999999999999998,0.7,2.302585092994046,True
سرشماری کرد,True,True,کرد,6,5,0.16666666666666666,2.8990061112429473,,0.2,تعداد,1.0,0.0,0.0,0.0,1.791759469228055,False
سرنگون کرد,True,True,کرد,7,7,0.0,3.036888865232234,,0.2857142857142857,فروند,0.8571428571428571,0.0,0.0,0.0,1.9459101490553132,False
سرود,False,False,,7,7,0.0,2.5402838620025268,,0.42857142857142855,شعر,0.7142857142857143,0.5714285714285714,0.7142857142857143,0.0,1.9459101490553132,False
سرپرستی کرد,True,True,کرد,8,7,0.125,3.425652796724303,,0.14285714285714285,بخش,1.0,0.0,0.0,0.14285714285714285,2.0794415416798357,False
سرکوب کرد,True,True,کرد,11,10,0.09090909090909091,3.699006111242947,3.121928094887362,0.2,تظاهرات,0.9,0.0,0.09999999999999998,0.2,2.3978952727983707,True
سفارش داد,True,True,داد,8,6,0.25,3.186085434424891,,0.16666666666666666,تئاتر,1.0,0.0,0.5,0.16666666666666666,2.0794415416798357,False
سلاخی کرد,True,True,کرد,5,5,0.0,2.8990061112429473,,0.2,کفتر,1.0,0.0,0.0,0.0,1.6094379124341003,False
سمپاشی کرد,True,True,کرد,7,7,0.0,3.036888865232234,,0.2857142857142857,گیاه,0.8571428571428571,0.0,0.0,0.0,1.9459101490553132,False
سنتز کرد,True,True,کرد,7,7,0.0,2.648124933740165,,0.2857142857142857,ترکیب,0.7142857142857143,0.0,0.1428571428571429,0.0,1.9459101490553132,False
سنجاق کرد,True,True,کرد,7,4,0.42857142857142855,2.5410106403333614,,0.25,نشان,1.0,0.0,0.0,0.0,1.9459101490553132,False
سنجش کرد,True,True,کرد,7,7,0.0,3.425652796724303,,0.14285714285714285,آمادگی,1.0,0.0,0.0,0.0,1.9459101490553132,False
سنجید,False,False,,10,9,0.1,3.8111227973929624,,0.1111111111111111,خودت,1.0,0.0,0.0,0.3333333333333333,2.302585092994046,False
سنگسار کرد,True,True,کرد,7,5,0.2857142857142857,2.3547366071540514,,0.4,تو,0.8,0.0,0.0,0.4,1.9459101490553132,False
سنگ‌باران کرد,True,True,کرد,6,6,0.0,2.7325275143508105,,0.3333333333333333,خانه,0.8333333333333334,0.0,0.0,0.16666666666666666,1.791759469228055,False
سهمیه‌بندی کرد,True,True,کرد,5,5,0.0,2.8990061112429473,,0.2,سفر,1.0,0.0,0.0,0.0,1.6094379124341003,False
سوار کرد,False,True,کرد,5,3,0.4,2.065860847684144,,0.3333333333333333,اسیر,1.0,0.0,0.0,0.0,1.6094379124341003,False
سوزاند,False,False,,16,16,0.0,4.336094860361142,3.172928094887362,0.125,انجیل,0.875,0.125,0.3125,0.125,2.772588722239781,True
سوزن‌دوزی کرد,True,True,کرد,5,3,0.4,2.065860847684144,,0.3333333333333333,حاشیه,1.0,0.0,0.0,0.0,1.6094379124341003,False
سوق داد,True,True,داد,9,8,0.1111111111111111,3.6311790803889217,,0.125,فیلم,1.0,0.0,0.0,0.0,2.1972245773362196,False
سوهان کرد,True,True,کرد,5,5,0.0,2.3547366071540514,,0.4,ناخن,0.8,0.0,0.19999999999999996,0.0,1.6094379124341003,False
سپارد,False,False,,7,7,0.0,3.036888865232234,,0.2857142857142857,گوش,0.8571428571428571,0.14285714285714285,0.2857142857142857,0.0,1.9459101490553132,False
سپرد,False,False,,28,25,0.10714285714285714,4.870738706043771,3.18528598862979,0.12,کار,0.84,0.04,0.07999999999999996,0.08,3.332204510175204,True
سپرده‌گذاری کرد,True,True,کرد,5,4,0.2,2.5410106403333614,,0.25,مقدار,1.0,0.0,0.25,0.0,1.6094379124341003,False
سپری کرد,True,True,کرد,10,10,0.0,3.1547366071540512,2.7219280948873616,0.2,ساعت,0.7,0.0,0.0,0.0,2.302585092994046,True
سکنی داد,True,True,داد,7,7,0.0,3.425652796724303,,0.14285714285714285,ارمنی,1.0,0.0,0.0,0.2857142857142857,1.9459101490553132,False
سیاست کرد,True,True,کرد,7,3,0.5714285714285714,2.065860847684144,,0.3333333333333333,افغانستان,1.0,0.0,0.0,0.3333333333333333,1.9459101490553132,False
سیمان کرد,True,True,کرد,6,6,0.0,3.186085434424891,,0.16666666666666666,دیوار,1.0,0.0,0.0,0.0,1.791759469228055,False
شانه زد,True,True,زد,7,6,0.14285714285714285,0.7702470083891011,,0.8333333333333334,مو,0.3333333333333333,0.0,0.0,0.0,1.9459101490553132,False
شانه کرد,True,True,کرد,6,6,0.0,1.6995970905087388,,0.5,مو,0.5,0.0,0.0,0.16666666666666666,1.791759469228055,False
شبکه کرد,True,True,کرد,5,5,0.0,2.8990061112429473,,0.2,سیستم,1.0,0.0,0.0,0.0,1.6094379124341003,False
شبیه‌سازی کرد,True,True,کرد,8,8,0.0,3.6311790803889217,,0.125,تولد,1.0,0.0,0.0,0.0,2.0794415416798357,False
شخم زد,True,True,زد,9,9,0.0,1.3846938943936486,,0.6666666666666666,زمین,0.3333333333333333,0.0,0.0,0.2222222222222222,2.1972245773362196,False
شرح داد,True,True,داد,11,9,0.18181818181818182,3.8111227973929624,,0.1111111111111111,رأی,1.0,0.0,0.0,0.1111111111111111,2.3978952727983707,False
شروع کرد,True,True,کرد,62,14,0.7741935483870968,3.751174579517949,2.856580713538924,0.2857142857142857,کار,0.7857142857142857,0.0,0.0,0.0,4.127134385045092,True
شریک کرد,False,True,کرد,7,6,0.14285714285714285,3.186085434424891,,0.16666666666666666,خواننده,1.0,0.0,0.0,0.5,1.9459101490553132,False
شست,False,False,,29,25,0.13793103448275862,4.603226404494751,3.0806243323635636,0.16,دست,0.76,0.08,0.07999999999999996,0.28,3.367295829986474,True
شستشو داد,True,True,داد,9,9,0.0,3.8111227973929624,,0.1111111111111111,گناه,1.0,0.0,0.0,0.1111111111111111,2.1972245773362196,False
شفا داد,True,True,داد,6,6,0.0,3.186085434424891,,0.16666666666666666,قلب,1.0,0.0,0.0,0.0,1.791759469228055,False
شلاق زد,True,True,زد,9,7,0.2222222222222222,3.036888865232234,,0.2857142857142857,او,0.8571428571428571,0.0,0.0,0.42857142857142855,2.1972245773362196,False
شلیک کرد,True,True,کرد,13,10,0.23076923076923078,3.4268713591984996,2.9219280948873627,0.2,موشک,0.8,0.3,0.7,0.0,2.5649493574615367,True
شمارش کرد,True,True,کرد,9,7,0.2222222222222222,3.036888865232234,,0.2857142857142857,تعداد,0.8571428571428571,0.0,0.0,0.0,2.1972245773362196,False
شماره کرد,True,True,کرد,6,6,0.0,2.7325275143508105,,0.3333333333333333,ثانیه,0.8333333333333334,0.0,0.0,0.0,1.791759469228055,False
شماره‌گذاری کرد,True,True,کرد,7,7,0.0,3.036888865232234,,0.2857142857142857,آنها,0.8571428571428571,0.0,0.0,0.42857142857142855,1.9459101490553132,False
شمرد,False,False,,21,16,0.23809523809523808,4.676263300416702,3.321928094887362,0.0625,ثانیه,1.0,0.0,0.0,0.0625,3.044522437723423,True
شناخت,False,False,,64,62,0.03125,5.835149874027944,3.155359669857073,0.14516129032258066,او,0.7741935483870968,0.03225806451612903,0.14516129032258063,0.25806451612903225,4.1588830833596715,True
شناساند,False,False,,5,5,0.0,2.3547366071540514,,0.4,تنبور,0.8,0.0,0.0,0.0,1.6094379124341003,False
شناسایی کرد,True,True,کرد,10,8,0.2,3.6311790803889217,,0.125,نیاز,1.0,0.0,0.125,0.125,2.302585092994046,False
شنود کرد,True,True,کرد,6,6,0.0,2.1531550105828186,,0.5,مکالمه,0.6666666666666666,0.0,0.0,0.0,1.791759469228055,False
شنید,False,False,,55,45,0.18181818181818182,4.849894320227468,2.9698041606012664,0.17777777777777778,صدا,0.6222222222222222,0.2,0.33333333333333337,0.044444444444444446,4.007333185232471,True
شهود کرد,True,True,کرد,6,4,0.3333333333333333,1.860673760222241,,0.5,خدا,0.75,0.0,0.0,0.0,1.791759469228055,False
شوت کرد,True,True,کرد,6,4,0.3333333333333333,0.9916150045702532,,0.75,توپ,0.5,0.0,0.0,0.25,1.791759469228055,False
شوراند,False,False,,7,7,0.0,3.425652796724303,,0.14285714285714285,ما,1.0,0.0,0.0,0.14285714285714285,1.9459101490553132,False
شوهر داد,True,True,داد,5,4,0.2,1.860673760222241,,0.5,دختر,0.75,0.0,0.0,0.5,1.6094379124341003,False
شکار کرد,True,True,کرد,8,5,0.375,2.8990061112429473,,0.2,کروکدیل,1.0,0.6,0.8,0.2,2.0794415416798357,False
شکاف داد,True,True,داد,6,6,0.0,3.186085434424891,,0.16666666666666666,پوست,1.0,0.0,0.0,0.16666666666666666,1.791759469228055,False
شکافت,False,False,,7,7,0.0,3.036888865232234,,0.2857142857142857,دل,0.8571428571428571,0.0,0.0,0.0,1.9459101490553132,False
شکست,False,False,,48,39,0.1875,5.51830274845772,3.2259085448787084,0.10256410256410256,شیشه,0.8461538461538461,0.10256410256410256,0.15384615384615385,0.02564102564102564,3.871201010907891,True
شکست داد,True,True,داد,16,15,0.0625,4.398725113327069,3.2429280948873616,0.13333333333333333,آنان,0.9333333333333333,0.0,0.06666666666666665,0.3333333333333333,2.772588722239781,True
شکل داد,True,True,داد,9,7,0.2222222222222222,3.036888865232234,,0.2857142857142857,نظام,0.8571428571428571,0.0,0.1428571428571429,0.0,2.1972245773362196,False
شکنجه داد,True,True,داد,7,6,0.14285714285714285,3.186085434424891,,0.16666666666666666,دختر,1.0,0.0,0.0,0.3333333333333333,1.9459101490553132,False
شکنجه کرد,True,True,کرد,12,9,0.25,3.8111227973929624,,0.1111111111111111,قربانی,1.0,0.0,0.0,0.5555555555555556,2.4849066497880004,False
صابون زد,True,True,زد,5,4,0.2,1.860673760222241,,0.5,شکم,0.75,0.0,0.0,0.0,1.6094379124341003,False
صادر کرد,True,True,کرد,13,13,0.0,3.4128247303894708,2.698591225932914,0.23076923076923078,دستور,0.6923076923076923,0.0,0.46153846153846156,0.07692307692307693,2.5649493574615367,True
صافکاری کرد,True,True,کرد,7,6,0.14285714285714285,1.4920783408693168,,0.6666666666666666,ماشین,0.5,0.0,0.0,0.0,1.9459101490553132,False
صحافی کرد,True,True,کرد,7,7,0.0,1.9736467165338107,,0.5714285714285714,کتاب,0.5714285714285714,0.0,0.0,0.14285714285714285,1.9459101490553132,False
صحنه‌پردازی کرد,True,True,کرد,6,3,0.5,2.065860847684144,,0.3333333333333333,آنها,1.0,0.0,0.0,0.3333333333333333,1.791759469228055,False
صدا زد,True,True,زد,11,11,0.0,3.6204116335060115,2.990928094887362,0.18181818181818182,او,0.8181818181818182,0.0,0.09090909090909094,0.36363636363636365,2.3978952727983707,True
صدا کرد,True,True,کرد,10,7,0.3,3.425652796724303,,0.14285714285714285,کس,1.0,0.0,0.1428571428571429,0.5714285714285714,2.302585092994046,False
صدابرداری کرد,True,True,کرد,7,5,0.2857142857142857,2.8990061112429473,,0.2,شور,1.0,0.0,0.0,0.2,1.9459101490553132,False
صدقه کرد,True,True,کرد,6,3,0.5,2.065860847684144,,0.3333333333333333,گوشت,1.0,0.3333333333333333,0.6666666666666667,0.0,1.791759469228055,False
صرف کرد,True,True,کرد,22,11,0.5,2.943802993425197,2.480884476062722,0.36363636363636365,وقت,0.6363636363636364,0.0,0.0,0.0,3.091042453358316,True
صفا داد,True,True,داد,7,7,0.0,2.151519930510458,,0.42857142857142855,جان,0.5714285714285714,0.0,0.0,0.0,1.9459101490553132,False
صفحه‌آرایی کرد,True,True,کرد,7,5,0.2857142857142857,1.6594896026324615,,0.6,نشریه,0.6,0.0,0.4,0.0,1.9459101490553132,False
صلح داد,True,True,داد,6,3,0.5,2.065860847684144,,0.3333333333333333,ما,1.0,0.0,0.0,0.6666666666666666,1.791759469228055,False
صورت داد,True,True,داد,5,4,0.2,2.5410106403333614,,0.25,راهنمایی,1.0,0.0,0.25,0.0,1.6094379124341003,False
صیقل داد,True,True,داد,5,5,0.0,2.3547366071540514,,0.4,روح,0.8,0.0,0.0,0.0,1.6094379124341003,False
صیقل زد,True,True,زد,7,6,0.14285714285714285,3.186085434424891,,0.16666666666666666,آن,1.0,0.0,0.0,0.3333333333333333,1.9459101490553132,False
ضبط کرد,True,True,کرد,6,6,0.0,2.7325275143508105,,0.3333333333333333,قطعه,0.8333333333333334,0.0,0.0,0.0,1.791759469228055,False
ضدعفونی کرد,True,True,کرد,7,7,0.0,3.425652796724303,,0.14285714285714285,خوراک,1.0,0.0,0.0,0.14285714285714285,1.9459101490553132,False
ضمانت کرد,True,True,کرد,7,7,0.0,3.036888865232234,,0.2857142857142857,تمام,0.8571428571428571,0.0,0.0,0.14285714285714285,1.9459101490553132,False
ضمیمه کرد,False,True,کرد,8,8,0.0,3.6311790803889217,,0.125,تمام,1.0,0.0,0.0,0.25,2.0794415416798357,False
طبقه‌بندی کرد,True,True,کرد,7,7,0.0,3.425652796724303,,0.14285714285714285,گیاه,1.0,0.0,0.0,0.14285714285714285,1.9459101490553132,False
طراحی کرد,True,True,کرد,9,8,0.1111111111111111,3.6311790803889217,,0.125,جنگ,1.0,0.0,0.125,0.0,2.1972245773362196,False
طرح کرد,True,True,کرد,9,7,0.2222222222222222,2.151519930510458,,0.42857142857142855,سؤال,0.5714285714285714,0.14285714285714285,0.1428571428571429,0.0,2.1972245773362196,False
طرح‌ریزی کرد,True,True,کرد,7,6,0.14285714285714285,2.1531550105828186,,0.5,برنامه,0.6666666666666666,0.0,0.0,0.0,1.9459101490553132,False
طعمه کرد,True,True,کرد,6,6,0.0,3.186085434424891,,0.16666666666666666,جان,1.0,0.0,0.0,0.3333333333333333,1.791759469228055,False
طلاق داد,True,True,داد,8,7,0.125,2.5402838620025268,,0.42857142857142855,همسر,0.7142857142857143,0.0,0.0,0.2857142857142857,2.0794415416798357,False
طلب کرد,True,True,کرد,14,8,0.42857142857142855,3.6311790803889217,,0.125,انتظار,1.0,0.375,0.5,0.0,2.6390573296152584,False
طلبید,False,False,,17,15,0.11764705882352941,4.217301945297437,3.136928094887362,0.13333333333333333,حلالیت,0.8666666666666667,0.4666666666666667,0.5333333333333333,0.06666666666666667,2.833213344056216,True
طلسم کرد,True,True,کرد,6,6,0.0,3.186085434424891,,0.16666666666666666,کس,1.0,0.0,0.0,0.16666666666666666,1.791759469228055,False
طول داد,True,True,داد,8,5,0.375,2.3547366071540514,,0.4,خوردن,0.8,0.0,0.0,0.0,2.0794415416798357,False
طی کرد,True,True,کرد,6,5,0.16666666666666666,2.3547366071540514,,0.4,مسیر,0.8,0.0,0.0,0.0,1.791759469228055,False
عادت داد,True,True,داد,8,8,0.0,3.6311790803889217,,0.125,روح,1.0,0.0,0.0,0.375,2.0794415416798357,False
عاریه کرد,True,True,کرد,6,6,0.0,3.186085434424891,,0.16666666666666666,واژه,1.0,0.3333333333333333,0.33333333333333337,0.0,1.791759469228055,False
عایق‌کاری کرد,True,True,کرد,6,6,0.0,2.7325275143508105,,0.3333333333333333,سقف,0.8333333333333334,0.0,0.0,0.0,1.791759469228055,False
عبور داد,True,True,داد,8,7,0.125,3.425652796724303,,0.14285714285714285,جریان,1.0,0.0,0.0,0.14285714285714285,2.0794415416798357,False
عذاب داد,True,True,داد,6,6,0.0,2.7325275143508105,,0.3333333333333333,ما,0.8333333333333334,0.0,0.0,0.5,1.791759469228055,False
عذاب کرد,True,True,کرد,7,7,0.0,3.036888865232234,,0.2857142857142857,آنها,0.8571428571428571,0.0,0.0,0.2857142857142857,1.9459101490553132,False
عرض کرد,True,True,کرد,6,5,0.16666666666666666,2.8990061112429473,,0.2,همین,1.0,0.2,0.19999999999999996,0.2,1.791759469228055,False
عرضه داشت,True,True,داشت,8,7,0.125,3.425652796724303,,0.14285714285714285,مطلب,1.0,0.0,0.1428571428571429,0.0,2.0794415416798357,False
عرضه کرد,True,True,کرد,11,10,0.09090909090909091,2.682601855109603,2.321928094887362,0.4,محصول,0.6,0.0,0.30000000000000004,0.0,2.3978952727983707,True
عصب‌کشی کرد,True,True,کرد,6,6,0.0,0.0,,1.0,دندان,0.16666666666666666,0.0,0.0,0.0,1.791759469228055,False
عطا کرد,True,True,کرد,13,11,0.15384615384615385,4.115202091768644,3.321928094887362,0.09090909090909091,صبر,1.0,0.2727272727272727,0.5454545454545454,0.09090909090909091,2.5649493574615367,True
عطرافشانی کرد,True,True,کرد,6,3,0.5,2.065860847684144,,0.3333333333333333,گلزار,1.0,0.0,0.0,0.0,1.791759469228055,False
عقوبت کرد,True,True,کرد,8,4,0.5,2.5410106403333614,,0.25,کافر,1.0,0.0,0.0,0.25,2.0794415416798357,False
علاج کرد,True,True,کرد,11,6,0.45454545454545453,3.186085434424891,,0.16666666666666666,مشکل,1.0,0.0,0.16666666666666663,0.16666666666666666,2.3978952727983707,False
علامت زد,True,True,زد,7,5,0.2857142857142857,2.8990061112429473,,0.2,واژه,1.0,0.0,0.0,0.0,1.9459101490553132,False
علاوه کرد,True,True,کرد,6,5,0.16666666666666666,2.8990061112429473,,0.2,صفحه,1.0,0.0,0.6,0.0,1.791759469228055,False
عمارت کرد,True,True,کرد,5,5,0.0,1.8104671030651547,,0.4,مسجد,0.6,0.0,0.0,0.4,1.6094379124341003,False
عمل آورد,True,True,آورد,5,5,0.0,2.3547366071540514,,0.4,استقبال,0.8,0.2,0.8,0.0,1.6094379124341003,False
عمل‌آوری کرد,True,True,کرد,5,4,0.2,2.5410106403333614,,0.25,سطح,1.0,0.0,0.0,0.25,1.6094379124341003,False
عنایت کرد,True,True,کرد,5,4,0.2,2.5410106403333614,,0.25,خیر,1.0,0.5,1.0,0.0,1.6094379124341003,False
عهده داشت,True,True,داشت,11,11,0.0,3.0569950386830635,2.5878213072294294,0.2727272727272727,مسئولیت,0.6363636363636364,0.0,0.18181818181818177,0.0,2.3978952727983707,True
عوض کرد,True,True,کرد,7,6,0.14285714285714285,3.186085434424891,,0.16666666666666666,تصمیم,1.0,0.16666666666666666,0.16666666666666663,0.0,1.9459101490553132,False
غارت کرد,True,True,کرد,9,8,0.1111111111111111,3.6311790803889217,,0.125,نفت,1.0,0.0,0.0,0.0,2.1972245773362196,False
غربال کرد,True,True,کرد,7,6,0.14285714285714285,2.7325275143508105,,0.3333333333333333,تمام,0.8333333333333334,0.0,0.0,0.0,1.9459101490553132,False
غسل داد,True,True,داد,7,7,0.0,2.648124933740165,,0.2857142857142857,امام,0.7142857142857143,0.0,0.0,0.2857142857142857,1.9459101490553132,False
غلبه داد,True,True,داد,8,7,0.125,3.036888865232234,,0.2857142857142857,اراده,0.8571428571428571,0.0,0.0,0.14285714285714285,2.0794415416798357,False
غلت داد,True,True,داد,8,6,0.25,3.186085434424891,,0.16666666666666666,سنگ,1.0,0.0,0.0,0.3333333333333333,2.0794415416798357,False
غلطانید,False,False,,5,5,0.0,0.8661975989762587,,0.8,سنگ,0.4,0.0,0.0,0.0,1.6094379124341003,False
غلغلک داد,True,True,داد,7,7,0.0,3.425652796724303,,0.14285714285714285,گردن,1.0,0.0,0.0,0.2857142857142857,1.9459101490553132,False
غنیمت گرفت,True,True,گرفت,5,4,0.2,2.5410106403333614,,0.25,خنجر,1.0,0.0,0.0,0.0,1.6094379124341003,False
غنی‌سازی کرد,True,True,کرد,5,4,0.2,1.860673760222241,,0.5,اورانیوم,0.75,0.0,0.0,0.5,1.6094379124341003,False
فاصله داد,True,True,داد,6,5,0.16666666666666666,2.3547366071540514,,0.4,پا,0.8,0.0,0.0,0.2,1.791759469228055,False
فتح کرد,True,True,کرد,13,9,0.3076923076923077,3.1225025148315813,,0.3333333333333333,قله,0.7777777777777778,0.0,0.0,0.0,2.5649493574615367,False
فرآوری کرد,True,True,کرد,5,5,0.0,2.3547366071540514,,0.4,تن,0.8,0.0,0.19999999999999996,0.0,1.6094379124341003,False
فراخوانی کرد,True,True,کرد,6,5,0.16666666666666666,2.8990061112429473,,0.2,الگو,1.0,0.0,0.0,0.2,1.791759469228055,False
فراری داد,True,True,داد,8,8,0.0,3.6311790803889217,,0.125,او,1.0,0.0,0.0,0.125,2.0794415416798357,False
فراموش کرد,True,True,کرد,28,23,0.17857142857142858,4.707447515441239,3.155398769874381,0.13043478260869565,او,0.8260869565217391,0.0,0.08695652173913049,0.34782608695652173,3.332204510175204,True
فراهم آورد,True,True,آورد,8,8,0.0,3.2910106403333614,,0.25,امکان,0.875,0.0,0.125,0.0,2.0794415416798357,False
فراهم دید,True,True,دید,5,5,0.0,1.6594896026324615,,0.6,زمینه,0.6,0.0,0.0,0.0,1.6094379124341003,False
فراهم کرد,False,True,کرد,17,15,0.11764705882352941,4.035878777267805,3.0609280948873616,0.13333333333333333,زمینه,0.8,0.06666666666666667,0.1333333333333333,0.0,2.833213344056216,True
فرستاد,False,False,,59,50,0.15254237288135594,5.761214005591613,3.2400408761319532,0.06,پیامبر,0.8,0.2,0.4,0.14,4.07753744390572,True
فرسود,False,False,,7,3,0.5714285714285714,2.065860847684144,,0.3333333333333333,فرهنگ,1.0,0.0,0.0,0.0,1.9459101490553132,False
فرش کرد,True,True,کرد,6,6,0.0,3.186085434424891,,0.16666666666666666,حیاط,1.0,0.0,0.0,0.0,1.791759469228055,False
فرمایش کرد,True,True,کرد,5,3,0.4,2.065860847684144,,0.3333333333333333,چیز,1.0,0.0,1.0,0.3333333333333333,1.6094379124341003,False
فرمت کرد,True,True,کرد,6,6,0.0,2.27896959427673,,0.3333333333333333,هارد,0.6666666666666666,0.0,0.0,0.0,1.791759469228055,False
فرمود,False,False,,8,4,0.5,2.5410106403333614,,0.25,وعده,1.0,0.25,0.5,0.0,2.0794415416798357,False
فروخت,False,False,,26,19,0.2692307692307692,4.7880805580518055,3.282928094887362,0.10526315789473684,فخر,0.9473684210526315,0.05263157894736842,0.3157894736842105,0.15789473684210525,3.258096538021482,True
فرود آورد,True,True,آورد,9,9,0.0,1.146726177718505,,0.7777777777777778,سر,0.3333333333333333,0.2222222222222222,0.7777777777777778,0.0,2.1972245773362196,False
فروگذار کرد,True,True,کرد,13,3,0.7692307692307693,2.065860847684144,,0.3333333333333333,چیز,1.0,0.0,0.0,0.0,2.5649493574615367,False
فریاد زد,True,True,زد,9,3,0.6666666666666666,2.065860847684144,,0.3333333333333333,انالله,1.0,0.0,0.0,0.0,2.1972245773362196,False
فریاد کرد,True,True,کرد,8,7,0.125,3.425652796724303,,0.14285714285714285,ندا,1.0,0.0,0.0,0.0,2.0794415416798357,False
فریب داد,True,True,داد,12,11,0.08333333333333333,3.6204116335060115,2.996928094887362,0.18181818181818182,شما,0.8181818181818182,0.0,0.0,0.5454545454545454,2.4849066497880004,True
فریفت,False,False,,7,7,0.0,3.425652796724303,,0.14285714285714285,من,1.0,0.0,0.0,0.2857142857142857,1.9459101490553132,False
فزونی داد,True,True,داد,6,5,0.16666666666666666,2.8990061112429473,,0.2,فشار,1.0,0.0,0.0,0.0,1.791759469228055,False
فشار داد,True,True,داد,13,13,0.0,3.9476301184830014,3.078928094887362,0.15384615384615385,شقیقه,0.8461538461538461,0.0,0.0,0.15384615384615385,2.5649493574615367,True
فشاند,False,False,,7,7,0.0,3.425652796724303,,0.14285714285714285,نور,1.0,0.7142857142857143,1.0,0.0,1.9459101490553132,False
فشرد,False,False,,17,16,0.058823529411764705,3.2128907616847235,2.5202462155948613,0.3125,دست,0.5625,0.1875,0.1875,0.0,2.833213344056216,True
فصل‌بندی کرد,True,True,کرد,6,6,0.0,3.186085434424891,,0.16666666666666666,دیدگاه,1.0,0.0,0.0,0.16666666666666666,1.791759469228055,False
فلش کرد,True,True,کرد,5,5,0.0,0.8661975989762587,,0.8,گوشی,0.4,0.0,0.0,0.0,1.6094379124341003,False
فهرست کرد,True,True,کرد,7,6,0.14285714285714285,3.186085434424891,,0.16666666666666666,کتاب,1.0,0.0,0.16666666666666663,0.0,1.9459101490553132,False
فهرست‌بندی کرد,True,True,کرد,6,6,0.0,3.186085434424891,,0.16666666666666666,تمامی,1.0,0.0,0.0,0.0,1.791759469228055,False
فهرست‌نویسی کرد,True,True,کرد,6,4,0.3333333333333333,2.5410106403333614,,0.25,جلد,1.0,0.0,0.0,0.0,1.791759469228055,False
فهماند,False,False,,5,4,0.2,2.5410106403333614,,0.25,صیغه,1.0,0.0,0.0,0.25,1.6094379124341003,False
فهمید,False,False,,26,16,0.38461538461538464,3.9487459514203644,2.9842077885951745,0.1875,حرف,0.75,0.0625,0.1875,0.1875,3.258096538021482,True
فوت کرد,True,True,کرد,8,3,0.625,2.065860847684144,,0.3333333333333333,شمع,1.0,0.0,0.33333333333333337,0.0,2.0794415416798357,False
فکس کرد,True,True,کرد,5,5,0.0,2.3547366071540514,,0.4,نامه,0.8,0.0,0.0,0.0,1.6094379124341003,False
فیلترگذاری کرد,True,True,کرد,6,4,0.3333333333333333,2.5410106403333614,,0.25,صفحه,1.0,0.0,0.0,0.0,1.791759469228055,False
قاب کرد,True,True,کرد,7,7,0.0,3.036888865232234,,0.2857142857142857,عکس,0.8571428571428571,0.0,0.0,0.14285714285714285,1.9459101490553132,False
قاب‌بندی کرد,True,True,کرد,5,3,0.4,2.065860847684144,,0.3333333333333333,مدیوم,1.0,0.0,0.0,0.3333333333333333,1.6094379124341003,False
قالب کرد,True,True,کرد,6,6,0.0,3.186085434424891,,0.16666666666666666,بازیکن,1.0,0.0,0.0,0.3333333333333333,1.791759469228055,False
قالب‌بندی کرد,True,True,کرد,6,6,0.0,3.186085434424891,,0.16666666666666666,آنها,1.0,0.0,0.0,0.16666666666666666,1.791759469228055,False
قاپید,False,False,,7,7,0.0,1.9736467165338107,,0.5714285714285714,کیف,0.5714285714285714,0.0,0.0,0.14285714285714285,1.9459101490553132,False
قایم کرد,True,True,کرد,6,6,0.0,3.186085434424891,,0.16666666666666666,پول,1.0,0.0,0.0,0.0,1.791759469228055,False
قبض کرد,True,True,کرد,5,5,0.0,0.8661975989762587,,0.8,روح,0.4,0.0,0.0,0.2,1.6094379124341003,False
قبول داشت,True,True,داشت,15,14,0.06666666666666667,4.2827956538671605,3.2259280948873617,0.14285714285714285,او,0.9285714285714286,0.0,0.0714285714285714,0.2857142857142857,2.70805020110221,True
قبول کرد,True,True,کرد,14,8,0.42857142857142855,3.6311790803889217,,0.125,سرمربیگری,1.0,0.0,0.0,0.125,2.6390573296152584,False
قبولاند,False,False,,6,4,0.3333333333333333,2.5410106403333614,,0.25,عقیده,1.0,0.0,0.0,0.25,1.791759469228055,False
قتل کرد,True,True,کرد,5,4,0.2,2.5410106403333614,,0.25,خانواده,1.0,0.0,0.0,0.0,1.6094379124341003,False
قرار داد,True,True,داد,50,45,0.1,5.878023447333483,3.268173207385198,0.06666666666666667,آنها,0.8888888888888888,0.044444444444444446,0.2222222222222222,0.17777777777777778,3.912023005428146,True
قربان کرد,False,True,کرد,6,4,0.3333333333333333,2.5410106403333614,,0.25,دست,1.0,0.0,0.0,0.0,1.791759469228055,False
قرض داد,True,True,داد,8,8,0.0,3.2910106403333614,,0.25,بازیکن,0.875,0.0,0.25,0.0,2.0794415416798357,False
قرض کرد,True,True,کرد,7,5,0.2857142857142857,2.3547366071540514,,0.4,پول,0.8,0.4,1.0,0.0,1.9459101490553132,False
قرض گرفت,True,True,گرفت,8,5,0.375,2.8990061112429473,,0.2,مطلب,1.0,0.2,0.6,0.0,2.0794415416798357,False
قرقره کرد,True,True,کرد,8,5,0.375,2.3547366071540514,,0.4,لیوان,0.8,0.0,0.4,0.0,2.0794415416798357,False
قسم داد,True,True,داد,6,6,0.0,2.1531550105828186,,0.5,او,0.6666666666666666,0.0,0.0,0.8333333333333334,1.791759469228055,False
قسمت کرد,True,True,کرد,6,5,0.16666666666666666,2.8990061112429473,,0.2,تکه,1.0,0.0,0.4,0.0,1.791759469228055,False
قصابی کرد,True,True,کرد,5,5,0.0,2.8990061112429473,,0.2,نفر,1.0,0.0,0.0,0.2,1.6094379124341003,False
قصاص کرد,True,True,کرد,6,5,0.16666666666666666,2.8990061112429473,,0.2,شهلا,1.0,0.0,0.0,0.6,1.791759469228055,False
قطع کرد,True,True,کرد,17,16,0.058823529411764705,3.608577511364804,2.8265852323462566,0.1875,دست,0.625,0.0,0.0625,0.0,2.833213344056216,True
قفل کرد,True,True,کرد,10,9,0.1,3.8111227973929624,,0.1111111111111111,دست,1.0,0.0,0.0,0.0,2.302585092994046,False
قلاب‌دوزی کرد,True,True,کرد,5,4,0.2,1.1803368801111205,,0.5,دور,0.5,0.0,0.0,0.0,1.6094379124341003,False
قلم زد,True,True,زد,5,3,0.4,2.065860847684144,,0.3333333333333333,سرا,1.0,0.0,0.0,0.0,1.6094379124341003,False
قلمه زد,True,True,زد,6,4,0.3333333333333333,1.860673760222241,,0.5,شاخه,0.75,0.0,0.0,0.0,1.791759469228055,False
قورت داد,True,True,داد,9,7,0.2222222222222222,3.036888865232234,,0.2857142857142857,آن,0.8571428571428571,0.0,0.0,0.42857142857142855,2.1972245773362196,False
قول‌نامه کرد,True,True,کرد,7,6,0.14285714285714285,2.7325275143508105,,0.3333333333333333,ماشین,0.8333333333333334,0.0,0.0,0.0,1.9459101490553132,False
قیاس کرد,True,True,کرد,8,7,0.125,3.425652796724303,,0.14285714285714285,زندگی‌نامه,1.0,0.0,0.0,0.2857142857142857,2.0794415416798357,False
قید کرد,True,True,کرد,6,6,0.0,3.186085434424891,,0.16666666666666666,موضوع,1.0,0.0,0.16666666666666663,0.0,1.791759469228055,False
قیمت کرد,True,True,کرد,6,4,0.3333333333333333,2.5410106403333614,,0.25,سی‌دی,1.0,0.25,0.5,0.0,1.791759469228055,False
قیمت‌گذاری کرد,True,True,کرد,7,6,0.14285714285714285,3.186085434424891,,0.16666666666666666,همه,1.0,0.0,0.0,0.0,1.9459101490553132,False
قیچی کرد,True,True,کرد,5,5,0.0,2.8990061112429473,,0.2,زبان,1.0,0.0,0.0,0.0,1.6094379124341003,False
لاپوشانی کرد,True,True,کرد,6,6,0.0,3.186085434424891,,0.16666666666666666,عکس,1.0,0.0,0.0,0.0,1.791759469228055,False
لاک زد,True,True,زد,7,5,0.2857142857142857,1.6594896026324615,,0.6,ناخن,0.6,0.0,0.0,0.0,1.9459101490553132,False
لجام کرد,True,True,کرد,6,6,0.0,3.186085434424891,,0.16666666666666666,او,1.0,0.0,0.0,0.3333333333333333,1.791759469228055,False
لحاظ داشت,True,True,داشت,8,8,0.0,3.6311790803889217,,0.125,نگرانی,1.0,0.0,0.125,0.0,2.0794415416798357,False
لحاظ کرد,True,True,کرد,5,5,0.0,2.8990061112429473,,0.2,تمامی,1.0,0.0,0.0,0.0,1.6094379124341003,False
لحیم کرد,True,True,کرد,5,5,0.0,2.8990061112429473,,0.2,قطعه,1.0,0.0,0.0,0.0,1.6094379124341003,False
لرزاند,False,False,,7,7,0.0,3.425652796724303,,0.14285714285714285,زمین,1.0,0.0,0.0,0.0,1.9459101490553132,False
لعاب داد,True,True,داد,5,3,0.4,2.065860847684144,,0.3333333333333333,کوزه,1.0,0.0,0.0,0.0,1.6094379124341003,False
لعنت کرد,True,True,کرد,7,7,0.0,3.425652796724303,,0.14285714285714285,یزید,1.0,0.0,0.0,0.0,1.9459101490553132,False
لغزاند,False,False,,8,8,0.0,3.2910106403333614,,0.25,قلم,0.875,0.0,0.0,0.0,2.0794415416798357,False
لقمه کرد,True,True,کرد,6,5,0.16666666666666666,2.8990061112429473,,0.2,تکه,1.0,0.0,0.0,0.2,1.791759469228055,False
لمس کرد,True,True,کرد,5,5,0.0,2.8990061112429473,,0.2,رنج,1.0,0.0,0.0,0.0,1.6094379124341003,False
لوله کرد,True,True,کرد,5,5,0.0,2.8990061112429473,,0.2,کتاب,1.0,0.0,0.0,0.2,1.6094379124341003,False
لکه‌زدایی کرد,True,True,کرد,9,4,0.5555555555555556,1.860673760222241,,0.5,پارچه,0.75,0.0,0.0,0.25,2.1972245773362196,False
لگدمال کرد,True,True,کرد,7,7,0.0,3.036888865232234,,0.2857142857142857,غنچه,0.8571428571428571,0.0,0.0,0.0,1.9459101490553132,False
لیزر کرد,True,True,کرد,7,4,0.42857142857142855,2.5410106403333614,,0.25,تمام,1.0,0.0,0.0,0.0,1.9459101490553132,False
لیست کرد,True,True,کرد,7,7,0.0,3.425652796724303,,0.14285714285714285,طرح,1.0,0.0,0.0,0.0,1.9459101490553132,False
لیسید,False,False,,7,6,0.14285714285714285,3.186085434424891,,0.16666666666666666,آرنج,1.0,0.0,0.0,0.16666666666666666,1.9459101490553132,False
لیف زد,True,True,زد,5,3,0.4,2.065860847684144,,0.3333333333333333,احمد,1.0,0.0,0.0,0.0,1.6094379124341003,False
لینک کرد,True,True,کرد,8,6,0.25,3.186085434424891,,0.16666666666666666,تو,1.0,0.0,0.0,0.5,2.0794415416798357,False
مؤاخذه کرد,True,True,کرد,13,10,0.23076923076923078,3.4268713591984996,2.9219280948873627,0.2,کس,0.8,0.0,0.0,0.5,2.5649493574615367,True
ماساژ داد,True,True,داد,6,6,0.0,3.186085434424891,,0.16666666666666666,عصاره,1.0,0.0,0.0,0.16666666666666666,1.791759469228055,False
مالید,False,False,,16,16,0.0,4.118830171448145,3.0421882385865207,0.1875,شیره,0.8125,0.375,0.375,0.0,2.772588722239781,True
مایه‌کوبی کرد,True,True,کرد,7,7,0.0,2.648124933740165,,0.2857142857142857,دام,0.7142857142857143,0.0,0.1428571428571429,0.0,1.9459101490553132,False
مبادله کرد,True,True,کرد,5,5,0.0,2.8990061112429473,,0.2,زن,1.0,0.2,0.19999999999999996,0.0,1.6094379124341003,False
مبذول داشت,True,True,داشت,6,6,0.0,1.4920783408693168,,0.6666666666666666,توجه,0.5,0.0,0.5,0.0,1.791759469228055,False
متهم کرد,False,True,کرد,16,16,0.0,4.336094860361142,3.183928094887362,0.125,ایران,0.875,0.0,0.0,0.3125,2.772588722239781,True
متوجه کرد,False,True,کرد,8,5,0.375,2.8990061112429473,,0.2,خانواده,1.0,0.0,0.0,0.0,2.0794415416798357,False
مثال آورد,True,True,آورد,6,4,0.3333333333333333,2.5410106403333614,,0.25,حجر,1.0,0.0,0.0,0.0,1.791759469228055,False
مثال زد,True,True,زد,6,4,0.3333333333333333,2.5410106403333614,,0.25,حداکثر,1.0,0.0,0.0,0.0,1.791759469228055,False
مثل زد,True,True,زد,5,4,0.2,2.5410106403333614,,0.25,عرق‌فروش,1.0,0.0,0.0,0.0,1.6094379124341003,False
مثله کرد,True,True,کرد,8,7,0.125,3.425652796724303,,0.14285714285714285,جسد,1.0,0.0,0.0,0.42857142857142855,2.0794415416798357,False
مجازات کرد,True,True,کرد,12,9,0.25,3.8111227973929624,,0.1111111111111111,او,1.0,0.0,0.11111111111111116,0.3333333333333333,2.4849066497880004,False
مجری‌گری کرد,True,True,کرد,7,3,0.5714285714285714,1.1587450075359835,,0.6666666666666666,برنامه,0.6666666666666666,0.0,0.0,0.0,1.9459101490553132,False
محاسبه کرد,True,True,کرد,9,7,0.2222222222222222,3.425652796724303,,0.14285714285714285,نسبت,1.0,0.0,0.0,0.14285714285714285,2.1972245773362196,False
محاکمه کرد,True,True,کرد,8,7,0.125,3.425652796724303,,0.14285714285714285,خودم,1.0,0.0,0.0,0.7142857142857143,2.0794415416798357,False
محدود کرد,False,True,کرد,5,5,0.0,2.8990061112429473,,0.2,شما,1.0,0.0,0.0,0.6,1.6094379124341003,False
محک زد,True,True,زد,7,7,0.0,3.425652796724303,,0.14285714285714285,جوان,1.0,0.0,0.0,0.14285714285714285,1.9459101490553132,False
مخابره کرد,True,True,کرد,8,7,0.125,1.9736467165338107,,0.5714285714285714,خبر,0.5714285714285714,0.0,0.0,0.0,2.0794415416798357,False
مد گرفت,True,True,گرفت,7,7,0.0,3.036888865232234,,0.2857142857142857,نکته,0.8571428571428571,0.0,0.0,0.0,1.9459101490553132,False
مدل‌سازی کرد,True,True,کرد,8,5,0.375,2.8990061112429473,,0.2,رفتار,1.0,0.0,0.19999999999999996,0.0,2.0794415416798357,False
مدیریت کرد,True,True,کرد,11,9,0.18181818181818182,3.8111227973929624,,0.1111111111111111,مسئله,1.0,0.0,0.0,0.1111111111111111,2.3978952727983707,False
مذمت کرد,True,True,کرد,6,5,0.16666666666666666,2.8990061112429473,,0.2,ستم,1.0,0.0,0.0,0.2,1.791759469228055,False
مراعات کرد,True,True,کرد,6,6,0.0,3.186085434424891,,0.16666666666666666,سکوت,1.0,0.0,0.0,0.16666666666666666,1.791759469228055,False
مرحمت کرد,True,True,کرد,6,5,0.16666666666666666,2.8990061112429473,,0.2,سکه,1.0,0.2,0.4,0.0,1.791759469228055,False
مرعی داشت,True,True,داشت,7,7,0.0,3.425652796724303,,0.14285714285714285,تصمیم,1.0,0.0,0.4285714285714286,0.0,1.9459101490553132,False
مرقوم داشت,True,True,داشت,7,4,0.42857142857142855,1.860673760222241,,0.5,مطلب,0.75,0.0,0.75,0.0,1.9459101490553132,False
مرقوم کرد,True,True,کرد,9,9,0.0,3.8111227973929624,,0.1111111111111111,اسم,1.0,0.0,0.11111111111111116,0.0,2.1972245773362196,False
مرمت کرد,True,True,کرد,7,6,0.14285714285714285,2.7325275143508105,,0.3333333333333333,قرآن,0.8333333333333334,0.0,0.0,0.0,1.9459101490553132,False
مرور کرد,True,True,کرد,11,11,0.0,4.115202091768644,3.321928094887362,0.09090909090909091,برنامه,1.0,0.0,0.0,0.0,2.3978952727983707,True
مزمزه کرد,True,True,کرد,7,7,0.0,3.425652796724303,,0.14285714285714285,هوا,1.0,0.0,0.1428571428571429,0.0,1.9459101490553132,False
مزه‌مزه کرد,True,True,کرد,7,6,0.14285714285714285,3.186085434424891,,0.16666666666666666,تنهایی,1.0,0.0,0.0,0.0,1.9459101490553132,False
مسألت کرد,True,True,کرد,6,5,0.16666666666666666,1.6594896026324615,,0.6,حاجت,0.6,0.0,0.0,0.0,1.791759469228055,False
مسئلت داشت,False,True,داشت,6,6,0.0,3.186085434424891,,0.16666666666666666,چیز,1.0,0.0,0.5,0.0,1.791759469228055,False
مساعدت کرد,True,True,کرد,6,3,0.5,2.065860847684144,,0.3333333333333333,انقلاب,1.0,0.0,0.33333333333333337,0.3333333333333333,1.791759469228055,False
مست کرد,True,True,کرد,8,3,0.625,2.065860847684144,,0.3333333333333333,زمین,1.0,0.0,0.0,0.0,2.0794415416798357,False
مسترد داشت,True,True,داشت,6,4,0.3333333333333333,2.5410106403333614,,0.25,ولایت,1.0,0.0,0.0,0.0,1.791759469228055,False
مسترد کرد,True,True,کرد,7,6,0.14285714285714285,3.186085434424891,,0.16666666666666666,مبالغ,1.0,0.0,0.0,0.0,1.9459101490553132,False
مسواک کرد,True,True,کرد,7,5,0.2857142857142857,0.0,,1.0,دندان,0.2,0.0,0.0,0.0,1.9459101490553132,False
مشابه‌سازی کرد,True,True,کرد,8,4,0.5,2.5410106403333614,,0.25,گروه,1.0,0.0,0.0,0.0,2.0794415416798357,False
مشاهده کرد,True,True,کرد,12,12,0.0,4.2461977277952645,3.321928094887362,0.08333333333333333,مشخصه,1.0,0.08333333333333333,0.08333333333333337,0.25,2.4849066497880004,True
مشایعت کرد,True,True,کرد,8,6,0.25,3.186085434424891,,0.16666666666666666,او,1.0,0.0,0.0,0.16666666666666666,2.0794415416798357,False
مشت داد,True,True,داد,7,6,0.14285714285714285,3.186085434424891,,0.16666666666666666,همدیگر,1.0,0.0,0.0,0.5,1.9459101490553132,False
مشخص کرد,False,True,کرد,11,11,0.0,3.6204116335060115,2.9889280948873624,0.18181818181818182,محل,0.8181818181818182,0.0,0.0,0.09090909090909091,2.3978952727983707,True
مشق کرد,True,True,کرد,8,5,0.375,2.8990061112429473,,0.2,کار,1.0,0.0,0.0,0.0,2.0794415416798357,False
مصادره کرد,True,True,کرد,8,8,0.0,3.2910106403333614,,0.25,مال,0.875,0.0,0.0,0.0,2.0794415416798357,False
مصرف کرد,True,True,کرد,7,6,0.14285714285714285,2.7325275143508105,,0.3333333333333333,دارو,0.8333333333333334,0.0,0.5,0.16666666666666666,1.9459101490553132,False
مصروف داشت,True,True,داشت,6,5,0.16666666666666666,2.3547366071540514,,0.4,تمام,0.8,0.0,0.0,0.0,1.791759469228055,False
مطابقت داد,True,True,داد,7,6,0.14285714285714285,2.7325275143508105,,0.3333333333333333,میزان,0.8333333333333334,0.0,0.0,0.0,1.9459101490553132,False
مطابقه کرد,True,True,کرد,9,7,0.2222222222222222,2.648124933740165,,0.2857142857142857,نسخه,0.7142857142857143,0.0,0.0,0.0,2.1972245773362196,False
مطالبه کرد,True,True,کرد,7,6,0.14285714285714285,3.186085434424891,,0.16666666666666666,بیمه‌نامه,1.0,0.0,0.0,0.16666666666666666,1.9459101490553132,False
مطالعه کرد,True,True,کرد,13,7,0.46153846153846156,1.9736467165338107,,0.5714285714285714,کتاب,0.5714285714285714,0.0,0.0,0.14285714285714285,2.5649493574615367,False
مطرح کرد,False,True,کرد,10,9,0.1,3.508750850676909,,0.2222222222222222,مشکل,0.8888888888888888,0.0,0.0,0.0,2.302585092994046,False
معارفه کرد,True,True,کرد,6,4,0.3333333333333333,2.5410106403333614,,0.25,کس,1.0,0.0,0.0,0.0,1.791759469228055,False
معالجه کرد,True,True,کرد,11,11,0.0,3.867806862637328,3.153928094887361,0.18181818181818182,او,0.9090909090909091,0.0,0.0,0.45454545454545453,2.3978952727983707,True
معاوضه کرد,True,True,کرد,7,7,0.0,3.425652796724303,,0.14285714285714285,شمشال,1.0,0.0,0.0,0.0,1.9459101490553132,False
معاونت کرد,True,True,کرد,6,5,0.16666666666666666,2.8990061112429473,,0.2,من,1.0,0.0,0.0,0.4,1.791759469228055,False
معاینه کرد,True,True,کرد,9,8,0.1111111111111111,3.6311790803889217,,0.125,پل,1.0,0.0,0.0,0.125,2.1972245773362196,False
معذور داشت,False,True,داشت,6,6,0.0,2.27896959427673,,0.3333333333333333,تو,0.6666666666666666,0.0,0.0,0.6666666666666666,1.791759469228055,False
معرفی کرد,True,True,کرد,17,15,0.11764705882352941,4.217301945297437,3.164928094887362,0.13333333333333333,چهره,0.8666666666666667,0.0,0.0,0.2,2.833213344056216,True
معروض داشت,True,True,داشت,5,4,0.2,2.5410106403333614,,0.25,ارادت,1.0,0.0,0.0,0.0,1.6094379124341003,False
معصیت کرد,True,True,کرد,6,3,0.5,1.1587450075359835,,0.6666666666666666,خدا,0.6666666666666666,0.0,0.0,0.3333333333333333,1.791759469228055,False
معمول داشت,False,True,داشت,6,6,0.0,2.7325275143508105,,0.3333333333333333,رسم,0.8333333333333334,0.0,0.16666666666666663,0.0,1.791759469228055,False
معنا کرد,True,True,کرد,6,6,0.0,3.186085434424891,,0.16666666666666666,آزادگی,1.0,0.0,0.0,0.0,1.791759469228055,False
معنی کرد,True,True,کرد,5,4,0.2,2.5410106403333614,,0.25,وجه,1.0,0.0,0.0,0.0,1.6094379124341003,False
مقاوم‌سازی کرد,True,True,کرد,6,6,0.0,3.186085434424891,,0.16666666666666666,بازار,1.0,0.0,0.0,0.0,1.791759469228055,False
مقرر داشت,False,True,داشت,5,5,0.0,2.8990061112429473,,0.2,خادم,1.0,0.2,0.4,0.2,1.6094379124341003,False
ملامت کرد,True,True,کرد,7,6,0.14285714285714285,3.186085434424891,,0.16666666666666666,شیعه,1.0,0.0,0.0,0.3333333333333333,1.9459101490553132,False
ملحوظ داشت,True,True,داشت,5,5,0.0,2.8990061112429473,,0.2,حق,1.0,0.0,0.0,0.0,1.6094379124341003,False
منتشر ساخت,True,True,ساخت,10,10,0.0,3.699006111242947,3.121928094887362,0.2,آنها,0.9,0.0,0.09999999999999998,0.2,2.302585092994046,True
منتشر کرد,True,True,کرد,12,9,0.25,3.206378903960856,,0.2222222222222222,آن,0.7777777777777778,0.0,0.33333333333333337,0.2222222222222222,2.4849066497880004,False
منتقل کرد,True,True,کرد,10,9,0.1,3.8111227973929624,,0.1111111111111111,کیلوگرم,1.0,0.0,0.11111111111111116,0.2222222222222222,2.302585092994046,False
منعکس کرد,False,True,کرد,9,9,0.0,3.508750850676909,,0.2222222222222222,واقعیت,0.8888888888888888,0.0,0.0,0.1111111111111111,2.1972245773362196,False
منفجر کرد,True,True,کرد,9,8,0.1111111111111111,3.2910106403333614,,0.25,بمب,0.875,0.0,0.125,0.125,2.1972245773362196,False
منگنه کرد,True,True,کرد,6,3,0.5,2.065860847684144,,0.3333333333333333,کاغذ,1.0,0.0,0.0,0.0,1.791759469228055,False
مهار کرد,True,True,کرد,8,7,0.125,3.036888865232234,,0.2857142857142857,گسترش,0.8571428571428571,0.0,0.0,0.0,2.0794415416798357,False
مهر کرد,True,True,کرد,6,5,0.16666666666666666,2.8990061112429473,,0.2,قهرمانی,1.0,0.0,0.0,0.0,1.791759469228055,False
موضوع‌بندی کرد,True,True,کرد,6,5,0.16666666666666666,2.8990061112429473,,0.2,محتوی,1.0,0.0,0.0,0.0,1.791759469228055,False
موعظه کرد,True,True,کرد,9,3,0.6666666666666666,2.065860847684144,,0.3333333333333333,دشمن,1.0,0.0,0.0,0.0,2.1972245773362196,False
مونتاژ کرد,True,True,کرد,8,8,0.0,2.8564812625073674,,0.375,دستگاه,0.75,0.0,0.5,0.0,2.0794415416798357,False
مکاشفه کرد,True,True,کرد,7,3,0.5714285714285714,2.065860847684144,,0.3333333333333333,وجود,1.0,0.0,0.0,0.0,1.9459101490553132,False
مکید,False,False,,6,6,0.0,2.27896959427673,,0.3333333333333333,انگشت,0.6666666666666666,0.5,0.6666666666666667,0.0,1.791759469228055,False
میان نهاد,True,True,نهاد,5,4,0.2,2.5410106403333614,,0.25,تصمیم,1.0,0.0,0.0,0.0,1.6094379124341003,False
میان گذاشت,True,True,گذاشت,6,6,0.0,3.186085434424891,,0.16666666666666666,انتظار,1.0,0.0,0.0,0.16666666666666666,1.791759469228055,False
میخ کرد,True,True,کرد,11,10,0.09090909090909091,3.9711408632873955,3.321928094887362,0.1,چشم,1.0,0.0,0.0,0.3,2.3978952727983707,True
میل زد,True,True,زد,7,3,0.5714285714285714,2.065860847684144,,0.3333333333333333,متن,1.0,0.0,0.0,0.0,1.9459101490553132,False
میل کرد,True,True,کرد,12,8,0.3333333333333333,3.2910106403333614,,0.25,مقاله,0.875,0.0,0.0,0.0,2.4849066497880004,False
مین‌گذاری کرد,True,True,کرد,6,4,0.3333333333333333,2.5410106403333614,,0.25,مرز,1.0,0.0,0.0,0.0,1.791759469228055,False
نائل کرد,False,True,کرد,5,3,0.4,2.065860847684144,,0.3333333333333333,آنها,1.0,0.0,0.0,0.3333333333333333,1.6094379124341003,False
نابود کرد,False,True,کرد,6,5,0.16666666666666666,2.8990061112429473,,0.2,دیگری,1.0,0.0,0.19999999999999996,0.4,1.791759469228055,False
نادیده گرفت,True,True,گرفت,9,9,0.0,3.8111227973929624,,0.1111111111111111,او,1.0,0.0,0.11111111111111116,0.1111111111111111,2.1972245773362196,False
نازل کرد,True,True,کرد,9,9,0.0,3.206378903960856,,0.2222222222222222,قرآن,0.7777777777777778,0.4444444444444444,0.5555555555555556,0.0,2.1972245773362196,False
نامزد کرد,True,True,کرد,7,4,0.42857142857142855,1.860673760222241,,0.5,خود,0.75,0.0,0.0,0.5,1.9459101490553132,False
نثار کرد,True,True,کرد,12,10,0.16666666666666666,3.351382608982153,2.8464393446710154,0.3,جان,0.8,0.2,0.4,0.0,2.4849066497880004,True
نجات داد,True,True,داد,18,16,0.1111111111111111,3.9959264203055813,3.004928094887363,0.125,جان,0.75,0.0,0.0625,0.25,2.8903717578961645,True
نجوا کرد,True,True,کرد,6,4,0.3333333333333333,2.5410106403333614,,0.25,فراز,1.0,0.0,0.0,0.0,1.791759469228055,False
ندا داد,True,True,داد,6,3,0.5,2.065860847684144,,0.3333333333333333,جان,1.0,0.0,0.0,0.0,1.791759469228055,False
نرخ‌گذاری کرد,True,True,کرد,6,3,0.5,2.065860847684144,,0.3333333333333333,سایر,1.0,0.0,0.0,0.0,1.791759469228055,False
نسبت داد,True,True,داد,12,12,0.0,4.019418767758224,3.1809280948873617,0.16666666666666666,همه,0.9166666666666666,0.0,0.0,0.0,2.4849066497880004,True
نسخه کرد,True,True,کرد,5,5,0.0,2.8990061112429473,,0.2,دوا,1.0,0.4,0.6,0.0,1.6094379124341003,False
نشان داد,True,True,داد,53,49,0.07547169811320754,5.56512704365974,3.1746438823722176,0.10204081632653061,خود,0.7755102040816326,0.08163265306122448,0.3877551020408163,0.10204081632653061,3.970291913552122,True
نشاند,False,False,,32,31,0.03125,5.188996326804571,3.2094183198830355,0.0967741935483871,خشم,0.8387096774193549,0.03225806451612903,0.06451612903225812,0.16129032258064516,3.4657359027997265,True
نشانه کرد,True,True,کرد,5,4,0.2,2.5410106403333614,,0.25,بی‌خرد,1.0,0.0,0.0,0.0,1.6094379124341003,False
نشانه گرفت,True,True,گرفت,11,10,0.09090909090909091,3.699006111242947,3.121928094887362,0.2,موشک,0.9,0.0,0.0,0.0,2.3978952727983707,True
نشانه‌گذاری کرد,True,True,کرد,5,5,0.0,2.8990061112429473,,0.2,محرک,1.0,0.0,0.0,0.0,1.6094379124341003,False
نشانه‌گیری کرد,True,True,کرد,7,7,0.0,3.036888865232234,,0.2857142857142857,موشک,0.8571428571428571,0.0,0.1428571428571429,0.0,1.9459101490553132,False
نشانید,False,False,,13,13,0.0,3.9476301184830014,3.095928094887362,0.15384615384615385,خشم,0.8461538461538461,0.0,0.0,0.3076923076923077,2.5649493574615367,True
نشخوار کرد,True,True,کرد,6,5,0.16666666666666666,2.8990061112429473,,0.2,بیان,1.0,0.0,0.0,0.0,1.791759469228055,False
نصب کرد,True,True,کرد,15,15,0.0,4.580148281356701,3.321928094887362,0.06666666666666667,نور,1.0,0.06666666666666667,0.33333333333333337,0.0,2.70805020110221,True
نصرت کرد,True,True,کرد,6,4,0.3333333333333333,2.5410106403333614,,0.25,آنها,1.0,0.0,0.0,0.75,1.791759469228055,False
نصیحت کرد,True,True,کرد,10,9,0.1,3.8111227973929624,,0.1111111111111111,برادر,1.0,0.0,0.0,0.3333333333333333,2.302585092994046,False
نظارت داشت,True,True,داشت,7,7,0.0,3.425652796724303,,0.14285714285714285,نفر,1.0,0.0,0.1428571428571429,0.0,1.9459101490553132,False
نظاره کرد,True,True,کرد,10,10,0.0,3.699006111242947,3.121928094887362,0.2,ستاره,0.9,0.0,0.0,0.0,2.302585092994046,True
نظافت کرد,True,True,کرد,6,5,0.16666666666666666,2.8990061112429473,,0.2,خیابان,1.0,0.0,0.0,0.0,1.791759469228055,False
نظر آورد,True,True,آورد,6,6,0.0,3.186085434424891,,0.16666666666666666,صورت,1.0,0.0,0.0,0.0,1.791759469228055,False
نظر گرفت,True,True,گرفت,10,10,0.0,3.9711408632873955,3.321928094887362,0.1,بخش,1.0,0.0,0.19999999999999996,0.1,2.302585092994046,True
نفرین کرد,True,True,کرد,8,7,0.125,3.036888865232234,,0.2857142857142857,معاویه,0.8571428571428571,0.0,0.0,0.2857142857142857,2.0794415416798357,False
نقادی کرد,True,True,کرد,5,3,0.4,2.065860847684144,,0.3333333333333333,نظریه,1.0,0.0,0.0,0.6666666666666666,1.6094379124341003,False
نقاشی کرد,True,True,کرد,12,7,0.4166666666666667,3.425652796724303,,0.14285714285714285,دندان,1.0,0.0,0.1428571428571429,0.0,2.4849066497880004,False
نقالی کرد,True,True,کرد,7,4,0.42857142857142855,2.5410106403333614,,0.25,پرده,1.0,0.0,0.0,0.0,1.9459101490553132,False
نقد کرد,True,True,کرد,5,3,0.4,2.065860847684144,,0.3333333333333333,همدیگر,1.0,0.0,0.0,0.3333333333333333,1.6094379124341003,False
نقش زد,True,True,زد,5,3,0.4,2.065860847684144,,0.3333333333333333,تصویر,1.0,0.0,0.0,0.0,1.6094379124341003,False
نقل داد,True,True,داد,6,5,0.16666666666666666,2.8990061112429473,,0.2,نیرو,1.0,0.0,0.0,0.2,1.791759469228055,False
نقل کرد,True,True,کرد,22,11,0.5,2.943802993425197,2.4826198135562323,0.36363636363636365,حدیث,0.6363636363636364,0.09090909090909091,0.2727272727272727,0.0,3.091042453358316,True
نمایاند,False,False,,14,14,0.0,4.2827956538671605,3.223928094887362,0.14285714285714285,راه,0.9285714285714286,0.07142857142857142,0.1428571428571429,0.14285714285714285,2.6390573296152584,True
نمایش داد,True,True,داد,14,14,0.0,4.2827956538671605,3.230928094887362,0.14285714285714285,فیلم,0.9285714285714286,0.07142857142857142,0.0714285714285714,0.0,2.6390573296152584,True
نمایندگی کرد,True,True,کرد,7,7,0.0,3.425652796724303,,0.14285714285714285,جامعه,1.0,0.0,0.0,0.0,1.9459101490553132,False
نمایه کرد,True,True,کرد,5,5,0.0,2.8990061112429473,,0.2,آنها,1.0,0.0,0.19999999999999996,0.2,1.6094379124341003,False
نمره کرد,True,True,کرد,6,6,0.0,2.1531550105828186,,0.5,ماشین,0.6666666666666666,0.0,0.0,0.16666666666666666,1.791759469228055,False
نمونه‌سازی کرد,True,True,کرد,5,3,0.4,2.065860847684144,,0.3333333333333333,بسیاری,1.0,0.0,0.0,0.0,1.6094379124341003,False
نهاد,False,False,,65,59,0.09230769230769231,5.831531242538006,3.217418319883035,0.06779661016949153,پا,0.7627118644067796,0.2542372881355932,0.4915254237288136,0.05084745762711865,4.174387269895637,True
نهفت,False,False,,5,4,0.2,1.860673760222241,,0.5,راز,0.75,0.0,0.0,0.0,1.6094379124341003,False
نهی کرد,True,True,کرد,14,10,0.2857142857142857,3.699006111242947,3.121928094887362,0.2,آن,0.9,0.0,0.0,0.5,2.6390573296152584,True
نوازش داد,True,True,داد,9,9,0.0,2.8201305681155278,,0.3333333333333333,چشم,0.6666666666666666,0.0,0.0,0.0,2.1972245773362196,False
نوازش کرد,True,True,کرد,6,4,0.3333333333333333,2.5410106403333614,,0.25,انگشت,1.0,0.0,0.25,0.25,1.791759469228055,False
نوبت‌بندی کرد,True,True,کرد,6,5,0.16666666666666666,2.8990061112429473,,0.2,توزیع,1.0,0.0,0.0,0.0,1.791759469228055,False
نورافشانی کرد,True,True,کرد,7,4,0.42857142857142855,2.5410106403333614,,0.25,کران,1.0,0.0,0.0,0.0,1.9459101490553132,False
نوردید,False,False,,5,5,0.0,2.8990061112429473,,0.2,شهرستان,1.0,0.0,0.0,0.0,1.6094379124341003,False
نوسازی کرد,True,True,کرد,6,6,0.0,3.186085434424891,,0.16666666666666666,ایستگاه,1.0,0.0,0.0,0.0,1.791759469228055,False
نوشاند,False,False,,8,7,0.125,2.151519930510458,,0.42857142857142855,آب,0.5714285714285714,0.42857142857142855,0.8571428571428572,0.0,2.0794415416798357,False
نوشت,False,False,,107,77,0.2803738317757009,5.7583202429462075,3.108882360635881,0.12987012987012986,نامه,0.6623376623376623,0.19480519480519481,0.5454545454545454,0.03896103896103896,4.672828834461906,True
نوشید,False,False,,24,21,0.125,4.4313751754772,3.1099280948873615,0.09523809523809523,چای,0.7619047619047619,0.3333333333333333,0.6190476190476191,0.047619047619047616,3.1780538303479458,True
نکاح کرد,True,True,کرد,6,3,0.5,1.1587450075359835,,0.6666666666666666,زن,0.6666666666666666,0.0,0.0,0.0,1.791759469228055,False
نکوهش کرد,True,True,کرد,8,8,0.0,3.6311790803889217,,0.125,من,1.0,0.0,0.0,0.25,2.0794415416798357,False
نکوهید,False,False,,6,6,0.0,3.186085434424891,,0.16666666666666666,عمل,1.0,0.0,0.0,0.3333333333333333,1.791759469228055,False
نگارش کرد,True,True,کرد,6,5,0.16666666666666666,2.8990061112429473,,0.2,قرآن,1.0,0.0,0.19999999999999996,0.0,1.791759469228055,False
نگاشت,False,False,,10,9,0.1,3.8111227973929624,,0.1111111111111111,نامه,1.0,0.1111111111111111,0.33333333333333337,0.1111111111111111,2.302585092994046,False
نگاهداری کرد,True,True,کرد,6,5,0.16666666666666666,2.3547366071540514,,0.4,آن,0.8,0.0,0.0,0.4,1.791759469228055,False
نگه داشت,True,True,داشت,11,10,0.09090909090909091,3.9711408632873955,3.321928094887362,0.1,خودم,1.0,0.0,0.0,0.3,2.3978952727983707,True
نگهداری کرد,True,True,کرد,13,11,0.15384615384615385,4.115202091768644,3.321928094887362,0.09090909090909091,تمام,1.0,0.0,0.09090909090909094,0.18181818181818182,2.5649493574615367,True
نیت کرد,True,True,کرد,9,4,0.5555555555555556,2.5410106403333614,,0.25,غسل,1.0,0.0,0.0,0.0,2.1972245773362196,False
نیش زد,True,True,زد,8,5,0.375,2.8990061112429473,,0.2,ایرانی,1.0,0.0,0.0,0.2,2.0794415416798357,False
هاشور زد,True,True,زد,5,5,0.0,2.8990061112429473,,0.2,شقیقه,1.0,0.0,0.0,0.0,1.6094379124341003,False
هدایت کرد,True,True,کرد,14,14,0.0,3.6457292207602383,2.8585265823202946,0.21428571428571427,شما,0.7142857142857143,0.0,0.0714285714285714,0.42857142857142855,2.6390573296152584,True
هدر داد,True,True,داد,9,8,0.1111111111111111,2.950842200277801,,0.25,عمر,0.75,0.0,0.0,0.0,2.1972245773362196,False
هدف‌گذاری کرد,True,True,کرد,6,3,0.5,1.1587450075359835,,0.6666666666666666,تولید,0.6666666666666666,0.0,0.0,0.0,1.791759469228055,False
هدف‌گیری کرد,True,True,کرد,6,4,0.3333333333333333,2.5410106403333614,,0.25,مرکز,1.0,0.0,0.0,0.0,1.791759469228055,False
هدیه داد,True,True,داد,5,5,0.0,2.8990061112429473,,0.2,بت,1.0,0.2,0.6,0.0,1.6094379124341003,False
هدیه کرد,True,True,کرد,12,11,0.08333333333333333,3.867806862637328,3.150928094887362,0.18181818181818182,امانت,0.9090909090909091,0.0,0.0,0.0,2.4849066497880004,True
هزیمت داد,True,True,داد,6,6,0.0,3.186085434424891,,0.16666666666666666,سپاه,1.0,0.0,0.0,0.3333333333333333,1.791759469228055,False
هزینه کرد,True,True,کرد,9,8,0.1111111111111111,2.0205053201666807,,0.5,دلار,0.5,0.0,0.75,0.0,2.1972245773362196,False
هم ریخت,True,True,ریخت,11,11,0.0,3.867806862637328,3.161928094887362,0.18181818181818182,برنامه,0.9090909090909091,0.0,0.09090909090909094,0.09090909090909091,2.3978952727983707,True
هم پاشید,True,True,پاشید,13,5,0.6153846153846154,2.8990061112429473,,0.2,کشور,1.0,0.0,0.0,0.0,2.5649493574615367,False
هم کوبید,True,True,کوبید,12,12,0.0,4.2461977277952645,3.321928094887362,0.08333333333333333,میله,1.0,0.0,0.0,0.08333333333333333,2.4849066497880004,True
همانندسازی کرد,True,True,کرد,5,3,0.4,2.065860847684144,,0.3333333333333333,رکورد,1.0,0.0,0.0,0.3333333333333333,1.6094379124341003,False
همسان‌سازی کرد,True,True,کرد,5,4,0.2,2.5410106403333614,,0.25,کتاب,1.0,0.0,0.0,0.0,1.6094379124341003,False
هوادهی کرد,True,True,کرد,5,4,0.2,2.5410106403333614,,0.25,سیلو,1.0,0.0,0.0,0.0,1.6094379124341003,False
وادار کرد,False,True,کرد,13,12,0.07692307692307693,3.3390818876471036,2.780928094887362,0.16666666666666666,من,0.6666666666666666,0.0,0.0,0.5833333333333334,2.5649493574615367,True
وارد آورد,True,True,آورد,8,8,0.0,2.8564812625073674,,0.375,فشار,0.75,0.375,1.0,0.0,2.0794415416798357,False
وارد ساخت,True,True,ساخت,8,8,0.0,3.2910106403333614,,0.25,خسارت,0.875,0.125,0.625,0.0,2.0794415416798357,False
وارد کرد,True,True,کرد,27,22,0.18518518518518517,4.776897771728236,3.2179280948873616,0.09090909090909091,هجمه,0.8636363636363636,0.18181818181818182,0.40909090909090906,0.0,3.295836866004329,True
وارسی کرد,True,True,کرد,7,7,0.0,3.425652796724303,,0.14285714285714285,خودرو,1.0,0.0,0.0,0.0,1.9459101490553132,False
واکس زد,True,True,زد,7,6,0.14285714285714285,1.0385204207952365,,0.6666666666666666,کفش,0.3333333333333333,0.0,0.0,0.0,1.9459101490553132,False
وجدان کرد,True,True,کرد,5,4,0.2,2.5410106403333614,,0.25,عظمت,1.0,0.0,0.0,0.0,1.6094379124341003,False
وجود آورد,True,True,آورد,9,8,0.1111111111111111,3.6311790803889217,,0.125,صحنه,1.0,0.0,0.5,0.0,2.1972245773362196,False
وجین کرد,True,True,کرد,7,6,0.14285714285714285,2.1531550105828186,,0.5,علف,0.6666666666666666,0.0,0.0,0.0,1.9459101490553132,False
ورانداز کرد,True,True,کرد,9,8,0.1111111111111111,3.6311790803889217,,0.125,خانم,1.0,0.0,0.0,0.25,2.1972245773362196,False
ورزید,False,False,,9,6,0.3333333333333333,2.7325275143508105,,0.3333333333333333,کفر,0.8333333333333334,0.5,1.0,0.0,2.1972245773362196,False
ورق زد,True,True,زد,8,8,0.0,2.950842200277801,,0.25,کتاب,0.75,0.0,0.125,0.0,2.0794415416798357,False
وزاند,False,False,,7,7,0.0,1.9736467165338107,,0.5714285714285714,نسیم,0.5714285714285714,0.2857142857142857,0.5714285714285714,0.0,1.9459101490553132,False
وزن کرد,True,True,کرد,7,7,0.0,3.425652796724303,,0.14285714285714285,خودتان,1.0,0.0,0.0,0.42857142857142855,1.9459101490553132,False
وسوسه کرد,True,True,کرد,6,6,0.0,2.7325275143508105,,0.3333333333333333,من,0.8333333333333334,0.0,0.16666666666666663,0.3333333333333333,1.791759469228055,False
وصف کرد,True,True,کرد,8,7,0.125,3.425652796724303,,0.14285714285714285,قرآن,1.0,0.0,0.0,0.0,2.0794415416798357,False
وصله زد,True,True,زد,6,4,0.3333333333333333,2.5410106403333614,,0.25,لباس,1.0,0.0,0.0,0.0,1.791759469228055,False
وصله کرد,True,True,کرد,8,7,0.125,3.425652796724303,,0.14285714285714285,خرده,1.0,0.0,0.0,0.14285714285714285,2.0794415416798357,False
وصول کرد,True,True,کرد,5,5,0.0,2.8990061112429473,,0.2,چک,1.0,0.0,0.0,0.0,1.6094379124341003,False
وعده کرد,True,True,کرد,5,3,0.4,2.065860847684144,,0.3333333333333333,نسل,1.0,0.0,0.0,0.0,1.6094379124341003,False
وفق داد,True,True,داد,10,10,0.0,2.5216378076659223,2.160964047443681,0.5,خود,0.6,0.0,0.0,0.9,2.302585092994046,True
ویراستاری کرد,True,True,کرد,6,4,0.3333333333333333,2.5410106403333614,,0.25,کابینه,1.0,0.0,0.0,0.25,1.791759469228055,False
ویرایش کرد,True,True,کرد,9,8,0.1111111111111111,3.6311790803889217,,0.125,فیلم,1.0,0.0,0.0,0.125,2.1972245773362196,False
ویزیت کرد,True,True,کرد,7,6,0.14285714285714285,2.1531550105828186,,0.5,بیمار,0.6666666666666666,0.0,0.0,0.16666666666666666,1.9459101490553132,False
پا آورد,True,True,آورد,8,8,0.0,3.6311790803889217,,0.125,او,1.0,0.0,0.0,0.25,2.0794415416798357,False
پا داشت,False,True,داشت,13,13,0.0,3.251296617304096,2.536166507674474,0.38461538461538464,نماز,0.6923076923076923,0.23076923076923078,0.3076923076923077,0.0,2.5649493574615367,True
پاره کرد,False,True,کرد,7,6,0.14285714285714285,3.186085434424891,,0.16666666666666666,عکس,1.0,0.0,0.0,0.0,1.9459101490553132,False
پارو کرد,True,True,کرد,7,7,0.0,1.9736467165338107,,0.5714285714285714,برف,0.5714285714285714,0.2857142857142857,0.2857142857142857,0.0,1.9459101490553132,False
پاس داشت,True,True,داشت,11,11,0.0,3.551785496945696,2.916688975976183,0.2727272727272727,حرمت,0.8181818181818182,0.0,0.0,0.09090909090909091,2.3978952727983707,True
پاس کرد,True,True,کرد,5,4,0.2,2.5410106403333614,,0.25,آزمون,1.0,0.0,0.25,0.0,1.6094379124341003,False
پاشویه کرد,True,True,کرد,5,5,0.0,2.3547366071540514,,0.4,او,0.8,0.0,0.19999999999999996,0.4,1.6094379124341003,False
پاشید,False,False,,16,14,0.125,3.114108146411026,2.4988558884394054,0.2857142857142857,بذر,0.5714285714285714,0.35714285714285715,0.6428571428571428,0.0,2.772588722239781,True
پالایش داد,True,True,داد,7,7,0.0,3.425652796724303,,0.14285714285714285,ذهن,1.0,0.0,0.0,0.0,1.9459101490553132,False
پالایش کرد,True,True,کرد,8,7,0.125,3.036888865232234,,0.2857142857142857,آن,0.8571428571428571,0.0,0.0,0.42857142857142855,2.0794415416798357,False
پالود,False,False,,6,6,0.0,3.186085434424891,,0.16666666666666666,همه,1.0,0.0,0.0,0.16666666666666666,1.791759469228055,False
پانسمان کرد,True,True,کرد,8,7,0.125,2.648124933740165,,0.2857142857142857,زخم,0.7142857142857143,0.0,0.0,0.2857142857142857,2.0794415416798357,False
پاک کرد,False,True,کرد,11,9,0.18181818181818182,3.206378903960856,,0.2222222222222222,آن,0.7777777777777778,0.0,0.0,0.2222222222222222,2.3978952727983707,False
پاک‌سازی کرد,True,True,کرد,5,5,0.0,2.8990061112429473,,0.2,مرکز,1.0,0.0,0.0,0.0,1.6094379124341003,False
پایان برد,True,True,برد,6,6,0.0,2.7325275143508105,,0.3333333333333333,سال,0.8333333333333334,0.0,0.0,0.16666666666666666,1.791759469228055,False
پایه‌ریزی کرد,True,True,کرد,6,6,0.0,3.186085434424891,,0.16666666666666666,دانشگاه,1.0,0.0,0.0,0.0,1.791759469228055,False
پایه‌گذاری کرد,True,True,کرد,7,7,0.0,3.425652796724303,,0.14285714285714285,ایران,1.0,0.0,0.0,0.0,1.9459101490553132,False
پایید,False,False,,7,6,0.14285714285714285,3.186085434424891,,0.16666666666666666,زخم,1.0,0.0,0.0,0.16666666666666666,1.9459101490553132,False
پایین زد,True,True,زد,5,4,0.2,2.5410106403333614,,0.25,دکمه,1.0,0.0,0.0,0.0,1.6094379124341003,False
پخت,False,False,,10,8,0.2,3.2910106403333614,,0.25,غذا,0.875,0.375,0.5,0.125,2.302585092994046,False
پخت کرد,True,True,کرد,12,6,0.5,1.4920783408693168,,0.6666666666666666,نان,0.5,0.3333333333333333,0.8333333333333334,0.0,2.4849066497880004,False
پخش کرد,True,True,کرد,9,9,0.0,3.206378903960856,,0.2222222222222222,خبر,0.7777777777777778,0.0,0.11111111111111116,0.2222222222222222,2.1972245773362196,False
پدید آورد,True,True,آورد,14,14,0.0,4.034493152252307,3.055752144809477,0.21428571428571427,اثر,0.8571428571428571,0.0,0.3571428571428571,0.0,2.6390573296152584,True
پدیدار کرد,True,True,کرد,6,6,0.0,3.186085434424891,,0.16666666666666666,هویت,1.0,0.0,0.16666666666666663,0.0,1.791759469228055,False
پذیرش کرد,True,True,کرد,7,7,0.0,2.5402838620025268,,0.42857142857142855,دانشجو,0.7142857142857143,0.2857142857142857,0.4285714285714286,0.0,1.9459101490553132,False
پذیرفت,False,False,,50,40,0.2,5.734234987722199,3.2605506511362803,0.075,او,0.9,0.05,0.17500000000000004,0.175,3.912023005428146,True
پر کرد,False,True,کرد,15,12,0.2,4.019418767758224,3.1879280948873623,0.16666666666666666,همه,0.9166666666666666,0.0,0.0,0.0,2.70805020110221,True
پراند,False,False,,10,10,0.0,3.9711408632873955,3.321928094887362,0.1,مرغ,1.0,0.1,0.09999999999999998,0.0,2.302585092994046,True
پراکند,False,False,,8,8,0.0,3.6311790803889217,,0.125,فکر,1.0,0.0,0.25,0.0,2.0794415416798357,False
پرت کرد,True,True,کرد,10,9,0.1,3.8111227973929624,,0.1111111111111111,ناظم,1.0,0.4444444444444444,0.5555555555555556,0.1111111111111111,2.302585092994046,False
پرتاب کرد,True,True,کرد,11,10,0.09090909090909091,3.699006111242947,3.121928094887362,0.2,سنگ,0.9,0.2,0.19999999999999996,0.4,2.3978952727983707,True
پرداخت کرد,True,True,کرد,13,13,0.0,3.52896126918385,2.8639280948873624,0.15384615384615385,آن,0.6923076923076923,0.0,0.3076923076923077,0.15384615384615385,2.5649493574615367,True
پردازش کرد,True,True,کرد,7,7,0.0,3.425652796724303,,0.14285714285714285,کار,1.0,0.0,0.0,0.0,1.9459101490553132,False
پرس کرد,True,True,کرد,17,11,0.35294117647058826,3.867806862637328,3.158928094887362,0.18181818181818182,وزنه,0.9090909090909091,0.0,0.0,0.18181818181818182,2.833213344056216,True
پرستش کرد,True,True,کرد,7,7,0.0,3.425652796724303,,0.14285714285714285,خدا,1.0,0.0,0.0,0.42857142857142855,1.9459101490553132,False
پرستید,False,False,,13,13,0.0,3.9476301184830014,3.0809280948873616,0.15384615384615385,خدا,0.8461538461538461,0.07692307692307693,0.07692307692307687,0.38461538461538464,2.5649493574615367,True
پرسید,False,False,,18,11,0.3888888888888889,4.115202091768644,3.321928094887362,0.09090909090909091,نظر,1.0,0.09090909090909091,0.36363636363636365,0.09090909090909091,2.8903717578961645,True
پرهیز داد,True,True,داد,6,6,0.0,3.186085434424891,,0.16666666666666666,کودک,1.0,0.0,0.0,0.16666666666666666,1.791759469228055,False
پرواز داد,True,True,داد,7,7,0.0,2.648124933740165,,0.2857142857142857,او,0.7142857142857143,0.0,0.1428571428571429,0.2857142857142857,1.9459101490553132,False
پروراند,False,False,,13,12,0.07692307692307693,4.019418767758224,3.1859280948873616,0.16666666666666666,رؤیا,0.9166666666666666,0.16666666666666666,0.25,0.08333333333333333,2.5649493574615367,True
پرورش داد,True,True,داد,8,7,0.125,3.425652796724303,,0.14285714285714285,گل,1.0,0.0,0.0,0.0,2.0794415416798357,False
پس آورد,True,True,آورد,8,8,0.0,3.6311790803889217,,0.125,چه,1.0,0.0,0.25,0.125,2.0794415416798357,False
پس زد,True,True,زد,8,6,0.25,3.186085434424891,,0.16666666666666666,دود,1.0,0.0,0.0,0.16666666666666666,2.0794415416798357,False
پست کرد,False,True,کرد,7,5,0.2857142857142857,2.8990061112429473,,0.2,خود,1.0,0.0,0.19999999999999996,0.4,1.9459101490553132,False
پسند کرد,True,True,کرد,5,5,0.0,2.8990061112429473,,0.2,همه,1.0,0.0,0.0,0.0,1.6094379124341003,False
پسندید,False,False,,9,8,0.1111111111111111,3.6311790803889217,,0.125,چه,1.0,0.0,0.125,0.125,2.1972245773362196,False
پس‌انداز کرد,True,True,کرد,7,6,0.14285714285714285,2.27896959427673,,0.3333333333333333,پول,0.6666666666666666,0.16666666666666666,0.16666666666666663,0.0,1.9459101490553132,False
پمپ کرد,True,True,کرد,8,6,0.25,2.7325275143508105,,0.3333333333333333,آب,0.8333333333333334,0.0,0.16666666666666663,0.0,2.0794415416798357,False
پمپاژ کرد,True,True,کرد,6,6,0.0,2.7325275143508105,,0.3333333333333333,آب,0.8333333333333334,0.16666666666666666,0.16666666666666663,0.0,1.791759469228055,False
پنهان کرد,False,True,کرد,9,9,0.0,3.8111227973929624,,0.1111111111111111,صورت,1.0,0.0,0.11111111111111116,0.3333333333333333,2.1972245773362196,False
پنچرگیری کرد,True,True,کرد,8,6,0.25,2.7325275143508105,,0.3333333333333333,موتور,0.8333333333333334,0.0,0.0,0.16666666666666666,2.0794415416798357,False
پهن کرد,False,True,کرد,9,9,0.0,3.8111227973929624,,0.1111111111111111,خاطره,1.0,0.2222222222222222,0.33333333333333337,0.2222222222222222,2.1972245773362196,False
پوست کرد,True,True,کرد,6,4,0.3333333333333333,2.5410106403333614,,0.25,تخمه,1.0,0.25,0.25,0.25,1.791759469228055,False
پوست گرفت,True,True,گرفت,8,6,0.25,1.4920783408693168,,0.6666666666666666,میوه,0.5,0.3333333333333333,0.5,0.0,2.0794415416798357,False
پوشاند,False,False,,16,16,0.0,3.608577511364804,2.8359431260886847,0.1875,رو,0.625,0.0,0.125,0.125,2.772588722239781,True
پوشش داد,True,True,داد,11,9,0.18181818181818182,3.8111227973929624,,0.1111111111111111,فعالیت,1.0,0.0,0.0,0.0,2.3978952727983707,False
پوشش داشت,True,True,داشت,7,7,0.0,3.036888865232234,,0.2857142857142857,خانوار,0.8571428571428571,0.0,0.0,0.0,1.9459101490553132,False
پوشید,False,False,,19,15,0.21052631578947367,2.6186639734927626,2.0981229503946714,0.4666666666666667,لباس,0.4666666666666667,0.26666666666666666,0.7333333333333334,0.0,2.9444389791664403,True
پویید,False,False,,6,4,0.3333333333333333,2.5410106403333614,,0.25,چه,1.0,0.0,0.25,0.25,1.791759469228055,False
پی افکند,True,True,افکند,7,6,0.14285714285714285,3.186085434424891,,0.16666666666666666,مقام,1.0,0.0,0.16666666666666663,0.0,1.9459101490553132,False
پی داشت,True,True,داشت,5,5,0.0,2.8990061112429473,,0.2,انحراف,1.0,0.0,0.4,0.0,1.6094379124341003,False
پی نهاد,True,True,نهاد,7,7,0.0,3.425652796724303,,0.14285714285714285,پایه,1.0,0.0,0.0,0.0,1.9459101490553132,False
پی گذارد,True,True,گذارد,5,4,0.2,1.860673760222241,,0.5,بنیان,0.75,0.0,0.0,0.0,1.6094379124341003,False
پی گذاشت,True,True,گذاشت,5,5,0.0,2.8990061112429473,,0.2,بنیاد,1.0,0.0,0.0,0.0,1.6094379124341003,False
پی گرفت,True,True,گرفت,7,7,0.0,3.425652796724303,,0.14285714285714285,مقطع,1.0,0.0,0.0,0.0,1.9459101490553132,False
پیدا کرد,True,True,کرد,207,204,0.014492753623188406,6.8025971228136,3.2555506511362804,0.024509803921568627,فرصت,0.5147058823529411,0.47058823529411764,0.9313725490196079,0.00980392156862745,5.332718793265369,True
پیراست,False,False,,7,7,0.0,3.425652796724303,,0.14285714285714285,وجود,1.0,0.0,0.1428571428571429,0.42857142857142855,1.9459101490553132,False
پیش آورد,True,True,آورد,5,4,0.2,2.5410106403333614,,0.25,معنا,1.0,0.0,0.25,0.0,1.6094379124341003,False
پیش خواند,True,True,خواند,5,5,0.0,2.8990061112429473,,0.2,فرستاده,1.0,0.0,0.0,0.2,1.6094379124341003,False
پیش گرفت,True,True,گرفت,8,8,0.0,1.8193002608620792,,0.625,راه,0.5,0.0,0.5,0.0,2.0794415416798357,False
پیشه کرد,True,True,کرد,11,11,0.0,3.551785496945696,2.904291982216448,0.2727272727272727,تقوا,0.8181818181818182,0.45454545454545453,0.7272727272727273,0.0,2.3978952727983707,True
پیشکش داشت,True,True,داشت,6,5,0.16666666666666666,2.8990061112429473,,0.2,نمونه,1.0,0.0,0.0,0.0,1.791759469228055,False
پیشکش کرد,True,True,کرد,7,7,0.0,3.425652796724303,,0.14285714285714285,شرایط,1.0,0.14285714285714285,0.2857142857142857,0.0,1.9459101490553132,False
پیشگویی کرد,True,True,کرد,11,7,0.36363636363636365,1.9736467165338107,,0.5714285714285714,آینده,0.5714285714285714,0.0,0.0,0.0,2.3978952727983707,False
پیش‌بینی کرد,True,True,کرد,9,8,0.1111111111111111,3.6311790803889217,,0.125,سال,1.0,0.0,0.0,0.125,2.1972245773362196,False
پیش‌خرید کرد,True,True,کرد,5,5,0.0,2.8990061112429473,,0.2,دستگاه,1.0,0.0,0.19999999999999996,0.0,1.6094379124341003,False
پیش‌فروش کرد,True,True,کرد,7,6,0.14285714285714285,3.186085434424891,,0.16666666666666666,نفت,1.0,0.0,0.0,0.0,1.9459101490553132,False
پیمانه زد,True,True,زد,6,3,0.5,2.065860847684144,,0.3333333333333333,سرشت,1.0,0.0,0.0,0.0,1.791759469228055,False
پیمانه کرد,True,True,کرد,7,7,0.0,3.425652796724303,,0.14285714285714285,دریا,1.0,0.0,0.0,0.0,1.9459101490553132,False
پیمایش کرد,True,True,کرد,8,7,0.125,3.036888865232234,,0.2857142857142857,صفحه,0.8571428571428571,0.0,0.0,0.0,2.0794415416798357,False
پیمود,False,False,,14,14,0.0,2.4746460003241757,2.0480086644596835,0.42857142857142855,راه,0.42857142857142855,0.14285714285714285,0.3571428571428571,0.0,2.6390573296152584,True
پیوند داد,True,True,داد,9,9,0.0,3.8111227973929624,,0.1111111111111111,گیلاس,1.0,0.0,0.0,0.0,2.1972245773362196,False
پیوند زد,True,True,زد,8,8,0.0,3.6311790803889217,,0.125,ایران,1.0,0.0,0.0,0.125,2.0794415416798357,False
پیچ داد,True,True,داد,6,4,0.3333333333333333,2.5410106403333614,,0.25,پیراهن,1.0,0.0,0.0,0.0,1.791759469228055,False
پیچ زد,True,True,زد,6,3,0.5,2.065860847684144,,0.3333333333333333,طناب,1.0,0.0,0.0,0.0,1.791759469228055,False
پیچاند,False,False,,9,8,0.1111111111111111,3.6311790803889217,,0.125,نخ,1.0,0.125,0.125,0.125,2.1972245773362196,False
پیگیری کرد,True,True,کرد,12,11,0.08333333333333333,3.6204116335060115,3.0029280948873622,0.18181818181818182,اعتراض,0.8181818181818182,0.0,0.0,0.0,2.4849066497880004,True
پی‌ریزی کرد,True,True,کرد,7,6,0.14285714285714285,3.186085434424891,,0.16666666666666666,بنیان,1.0,0.0,0.0,0.0,1.9459101490553132,False
چاره کرد,True,True,کرد,8,8,0.0,3.6311790803889217,,0.125,بحران,1.0,0.0,0.0,0.125,2.0794415416798357,False
چاشنی کرد,True,True,کرد,5,5,0.0,2.8990061112429473,,0.2,نکته,1.0,0.4,0.4,0.0,1.6094379124341003,False
چاپ کرد,True,True,کرد,13,13,0.0,4.366298967782153,3.321928094887362,0.07692307692307693,مقاله,1.0,0.07692307692307693,0.3846153846153846,0.0,2.5649493574615367,True
چاک داد,True,True,داد,7,7,0.0,2.648124933740165,,0.2857142857142857,سینه,0.7142857142857143,0.42857142857142855,0.4285714285714286,0.14285714285714285,1.9459101490553132,False
چراند,False,False,,6,6,0.0,2.7325275143508105,,0.3333333333333333,گوسفند,0.8333333333333334,0.6666666666666666,0.6666666666666667,0.16666666666666666,1.791759469228055,False
چرخ کرد,True,True,کرد,6,6,0.0,2.1531550105828186,,0.5,گوشت,0.6666666666666666,0.0,0.0,0.0,1.791759469228055,False
چرخاند,False,False,,11,11,0.0,4.115202091768644,3.321928094887362,0.09090909090909091,سگ,1.0,0.09090909090909091,0.09090909090909094,0.09090909090909091,2.3978952727983707,True
چسباند,False,False,,12,12,0.0,4.019418767758224,3.183928094887362,0.16666666666666666,گوش,0.9166666666666666,0.16666666666666666,0.25,0.16666666666666666,2.4849066497880004,True
چشاند,False,False,,8,6,0.25,2.7325275143508105,,0.3333333333333333,لذت,0.8333333333333334,0.0,0.0,0.0,2.0794415416798357,False
چشم زد,True,True,زد,5,5,0.0,2.8990061112429473,,0.2,ورزشگاه,1.0,0.0,0.0,0.4,1.6094379124341003,False
چشم کرد,True,True,کرد,5,5,0.0,2.8990061112429473,,0.2,حمیدرضا,1.0,0.0,0.0,0.6,1.6094379124341003,False
چشید,False,False,,10,9,0.1,3.206378903960856,,0.2222222222222222,طعم,0.7777777777777778,0.0,0.0,0.0,2.302585092994046,False
چلاند,False,False,,13,11,0.15384615384615385,4.115202091768644,3.321928094887362,0.09090909090909091,خودم,1.0,0.0,0.0,0.09090909090909091,2.5649493574615367,True
چماق کرد,True,True,کرد,5,5,0.0,2.8990061112429473,,0.2,سیگار,1.0,0.2,0.19999999999999996,0.2,1.6094379124341003,False
چمن‌کاری کرد,True,True,کرد,7,5,0.2857142857142857,2.8990061112429473,,0.2,متر,1.0,0.0,0.0,0.0,1.9459101490553132,False
چپاند,False,False,,8,8,0.0,3.2910106403333614,,0.25,تکه,0.875,0.125,0.5,0.25,2.0794415416798357,False
چپاول کرد,True,True,کرد,7,7,0.0,1.5848827850417415,,0.5714285714285714,ثروت,0.42857142857142855,0.0,0.0,0.0,1.9459101490553132,False
چک کرد,True,True,کرد,10,10,0.0,3.9711408632873955,3.321928094887362,0.1,فیش,1.0,0.0,0.0,0.0,2.302585092994046,True
چکاند,False,False,,9,9,0.0,2.8201305681155278,,0.3333333333333333,ماشه,0.6666666666666666,0.2222222222222222,0.33333333333333337,0.0,2.1972245773362196,False
چکاپ کرد,True,True,کرد,6,3,0.5,2.065860847684144,,0.3333333333333333,جسم,1.0,0.0,0.0,0.3333333333333333,1.791759469228055,False
چید,False,False,,23,22,0.043478260869565216,4.653200157162578,3.1689280948873626,0.09090909090909091,همه,0.8181818181818182,0.09090909090909091,0.13636363636363635,0.0,3.1354942159291497,True
کار برد,True,True,برد,6,6,0.0,2.7325275143508105,,0.3333333333333333,لفظ,0.8333333333333334,0.0,0.16666666666666663,0.0,1.791759469228055,False
کارشناسی کرد,True,True,کرد,6,5,0.16666666666666666,2.8990061112429473,,0.2,نیمه,1.0,0.0,0.0,0.0,1.791759469228055,False
کارگردانی کرد,True,True,کرد,6,4,0.3333333333333333,0.9916150045702532,,0.75,فیلم,0.5,0.0,0.0,0.0,1.791759469228055,False
کاشت,False,False,,20,17,0.15,3.688255500335329,2.7928649260540688,0.23529411764705882,درخت,0.6470588235294118,0.4117647058823529,0.7058823529411764,0.0,2.995732273553991,True
کالبدشکافی کرد,True,True,کرد,8,8,0.0,2.950842200277801,,0.25,جسد,0.75,0.0,0.0,0.125,2.0794415416798357,False
کاهش داد,True,True,داد,15,15,0.0,3.98555294379024,3.0185461323289484,0.2,نرخ,0.8,0.0,0.0,0.0,2.70805020110221,True
کاوید,False,False,,13,12,0.07692307692307693,4.019418767758224,3.191928094887362,0.16666666666666666,زمین,0.9166666666666666,0.0,0.0,0.0,2.5649493574615367,True
کباب کرد,True,True,کرد,7,7,0.0,3.036888865232234,,0.2857142857142857,ماهی,0.8571428571428571,0.0,0.0,0.14285714285714285,1.9459101490553132,False
کتک زد,True,True,زد,13,12,0.07692307692307693,3.792639807721184,3.0429280948873623,0.16666666666666666,او,0.8333333333333334,0.0,0.0,0.3333333333333333,2.5649493574615367,True
کدگذاری کرد,True,True,کرد,6,6,0.0,3.186085434424891,,0.16666666666666666,واحد,1.0,0.0,0.0,0.0,1.791759469228055,False
کرایه داد,True,True,داد,6,5,0.16666666666666666,2.8990061112429473,,0.2,ظرف,1.0,0.0,0.19999999999999996,0.0,1.791759469228055,False
کرد,False,False,,175,135,0.22857142857142856,4.971508687849217,2.6162497264900844,0.34814814814814815,کار,0.4666666666666667,0.3111111111111111,0.6518518518518519,0.0962962962962963,5.1647859739235145,True
کسب کرد,True,True,کرد,15,10,0.3333333333333333,3.9711408632873955,3.321928094887362,0.1,موافقت,1.0,0.0,0.4,0.0,2.70805020110221,True
کشاند,False,False,,17,16,0.058823529411764705,4.166010640333361,3.0899280948873615,0.125,ما,0.8125,0.0,0.0625,0.4375,2.833213344056216,True
کشت,False,False,,50,43,0.14,5.923419773194454,3.28555065113628,0.06976744186046512,او,0.9302325581395349,0.06976744186046512,0.06976744186046513,0.27906976744186046,3.912023005428146,True
کشف کرد,True,True,کرد,15,13,0.13333333333333333,3.9476301184830014,3.101928094887362,0.15384615384615385,چیز,0.8461538461538461,0.0,0.3846153846153846,0.07692307692307693,2.70805020110221,True
کشید,False,False,,135,124,0.08148148148148149,7.0406308954878565,3.270550651136281,0.04032258064516129,دست,0.7983870967741935,0.22580645161290322,0.3709677419354839,0.16129032258064516,4.90527477843843,True
کفاف کرد,True,True,کرد,5,3,0.4,2.065860847684144,,0.3333333333333333,توشه,1.0,0.0,0.33333333333333337,0.0,1.6094379124341003,False
کفسازی کرد,True,True,کرد,5,4,0.2,2.5410106403333614,,0.25,کل,1.0,0.0,0.0,0.0,1.6094379124341003,False
کلید زد,True,True,زد,7,7,0.0,2.648124933740165,,0.2857142857142857,فیلم,0.7142857142857143,0.0,0.0,0.0,1.9459101490553132,False
کم آورد,True,True,آورد,13,3,0.7692307692307693,2.065860847684144,,0.3333333333333333,من,1.0,0.6666666666666666,0.6666666666666667,0.3333333333333333,2.5649493574615367,False
کنار زد,True,True,زد,13,13,0.0,4.156964543132577,3.1999280948873623,0.15384615384615385,او,0.9230769230769231,0.0,0.07692307692307687,0.23076923076923078,2.5649493574615367,True
کنار گذاشت,True,True,گذاشت,12,12,0.0,4.2461977277952645,3.321928094887362,0.08333333333333333,مقایسه,1.0,0.0,0.0,0.08333333333333333,2.4849066497880004,True
کنترل کرد,True,True,کرد,14,14,0.0,4.2827956538671605,3.2299280948873617,0.14285714285714285,بحران,0.9285714285714286,0.0,0.0714285714285714,0.07142857142857142,2.6390573296152584,True
کند,False,False,,17,16,0.058823529411764705,4.041010640333361,2.954752144809478,0.25,ریشه,0.8125,0.125,0.25,0.0625,2.833213344056216,True
کوبید,False,False,,29,21,0.27586206896551724,4.820139106969268,3.232928094887362,0.09523809523809523,میخ,0.9047619047619048,0.14285714285714285,0.1428571428571429,0.19047619047619047,3.367295829986474,True
کوفت,False,False,,12,8,0.3333333333333333,3.2910106403333614,,0.25,پا,0.875,0.5,0.5,0.0,2.4849066497880004,False
کوچ داد,True,True,داد,8,8,0.0,3.2910106403333614,,0.25,بخش,0.875,0.0,0.0,0.125,2.0794415416798357,False
کوک زد,True,True,زد,6,5,0.16666666666666666,2.8990061112429473,,0.2,شلوار,1.0,0.0,0.0,0.2,1.791759469228055,False
کیفر داد,True,True,داد,5,4,0.2,2.5410106403333614,,0.25,کافر,1.0,0.25,0.25,0.5,1.6094379124341003,False
گاز زد,True,True,زد,6,5,0.16666666666666666,1.6594896026324615,,0.6,سیب,0.6,0.0,0.0,0.0,1.791759469228055,False
گاز گرفت,True,True,گرفت,6,4,0.3333333333333333,2.5410106403333614,,0.25,سگ,1.0,0.0,0.0,0.0,1.791759469228055,False
گداخت,False,False,,7,4,0.42857142857142855,2.5410106403333614,,0.25,منجنیق,1.0,0.0,0.0,0.25,1.9459101490553132,False
گدایی کرد,True,True,کرد,6,4,0.3333333333333333,2.5410106403333614,,0.25,خوبی,1.0,0.0,0.0,0.25,1.791759469228055,False
گذارد,False,False,,49,45,0.08163265306122448,5.740299390821204,3.248040876131953,0.06666666666666667,چیز,0.8444444444444444,0.4,0.5777777777777777,0.06666666666666667,3.8918202981106265,True
گذاشت,False,False,,165,148,0.10303030303030303,6.867486670934334,3.223531101127626,0.06756756756756757,پا,0.7027027027027027,0.23648648648648649,0.3581081081081081,0.05405405405405406,5.10594547390058,True
گذراند,False,False,,29,27,0.06896551724137931,4.688066312686367,3.1115311011276265,0.1111111111111111,وقت,0.7407407407407407,0.037037037037037035,0.03703703703703709,0.037037037037037035,3.367295829986474,True
گرد آورد,True,True,آورد,8,8,0.0,3.6311790803889217,,0.125,همه,1.0,0.0,0.125,0.375,2.0794415416798357,False
گردآوری کرد,True,True,کرد,6,6,0.0,3.186085434424891,,0.16666666666666666,قرآن,1.0,0.0,0.0,0.0,1.791759469228055,False
گرداند,False,False,,35,34,0.02857142857142857,5.5252727856965445,3.2456634323808715,0.08823529411764706,نگاه,0.9117647058823529,0.08823529411764706,0.08823529411764708,0.11764705882352941,3.5553480614894135,True
گردانید,False,False,,9,8,0.1111111111111111,3.2910106403333614,,0.25,آنها,0.875,0.0,0.0,0.375,2.1972245773362196,False
گردن زد,True,True,زد,7,7,0.0,3.425652796724303,,0.14285714285714285,پلیس,1.0,0.0,0.0,0.14285714285714285,1.9459101490553132,False
گردن گرفت,True,True,گرفت,6,6,0.0,3.186085434424891,,0.16666666666666666,شکست,1.0,0.0,0.0,0.0,1.791759469228055,False
گرفت,False,False,,375,352,0.06133333333333333,7.9278430914560305,3.2751732073851985,0.03125,جان,0.6420454545454546,0.23579545454545456,0.37784090909090906,0.08522727272727272,5.926926025970411,True
گره داد,True,True,داد,7,7,0.0,3.425652796724303,,0.14285714285714285,نگاه,1.0,0.0,0.0,0.0,1.9459101490553132,False
گرو کشید,True,True,کشید,5,5,0.0,2.8990061112429473,,0.2,سند,1.0,0.0,0.0,0.0,1.6094379124341003,False
گرو گذاشت,True,True,گذاشت,8,8,0.0,3.2910106403333614,,0.25,سند,0.875,0.125,0.25,0.0,2.0794415416798357,False
گریاند,False,False,,9,8,0.1111111111111111,2.8564812625073674,,0.375,من,0.75,0.0,0.0,0.625,2.1972245773362196,False
گریم کرد,True,True,کرد,5,3,0.4,2.065860847684144,,0.3333333333333333,صورت,1.0,0.0,0.0,0.0,1.6094379124341003,False
گزارش کرد,True,True,کرد,7,7,0.0,3.425652796724303,,0.14285714285714285,میزان,1.0,0.0,0.0,0.0,1.9459101490553132,False
گزید,False,False,,28,28,0.0,5.114176099565572,3.2259280948873617,0.07142857142857142,کس,0.8571428571428571,0.07142857142857142,0.3214285714285714,0.07142857142857142,3.332204510175204,True
گزین کرد,True,True,کرد,6,6,0.0,2.7325275143508105,,0.3333333333333333,راه,0.8333333333333334,0.0,0.33333333333333337,0.0,1.791759469228055,False
گزینش کرد,True,True,کرد,7,7,0.0,3.036888865232234,,0.2857142857142857,فرد,0.8571428571428571,0.0,0.0,0.14285714285714285,1.9459101490553132,False
گستراند,False,False,,7,7,0.0,3.425652796724303,,0.14285714285714285,خوان,1.0,0.14285714285714285,0.2857142857142857,0.0,1.9459101490553132,False
گسترد,False,False,,10,10,0.0,3.699006111242947,3.121928094887362,0.2,سفره,0.9,0.2,0.6,0.1,2.302585092994046,True
گسترش داد,True,True,داد,10,10,0.0,3.699006111242947,3.121928094887362,0.2,فعالیت,0.9,0.0,0.0,0.1,2.302585092994046,True
گسست,False,False,,9,8,0.1111111111111111,2.516312822451807,,0.375,بند,0.625,0.25,0.5,0.0,2.1972245773362196,False
گسیخت,False,False,,6,4,0.3333333333333333,2.5410106403333614,,0.25,امید,1.0,0.0,0.0,0.0,1.791759469228055,False
گسیل کرد,True,True,کرد,5,5,0.0,2.3547366071540514,,0.4,نماینده,0.8,0.0,0.6,0.0,1.6094379124341003,False
گشایش کرد,True,True,کرد,8,4,0.5,2.5410106403333614,,0.25,واحد,1.0,0.25,0.5,0.0,2.0794415416798357,False
گشود,False,False,,32,32,0.0,4.506119621378694,2.999962676097338,0.125,پنجره,0.625,0.1875,0.375,0.03125,3.4657359027997265,True
گفت,False,False,,144,103,0.2847222222222222,5.8484323997567245,3.123624332363564,0.10679611650485436,دروغ,0.5631067961165048,0.5242718446601942,0.6699029126213591,0.04854368932038835,4.969813299576001,True
گلدوزی کرد,True,True,کرد,7,4,0.42857142857142855,2.5410106403333614,,0.25,چادر,1.0,0.25,0.25,0.0,1.9459101490553132,False
گلوله‌باران کرد,True,True,کرد,6,6,0.0,3.186085434424891,,0.16666666666666666,خانه,1.0,0.0,0.0,0.0,1.791759469228055,False
گل‌افشانی کرد,True,True,کرد,6,3,0.5,2.065860847684144,,0.3333333333333333,غار,1.0,0.0,0.0,0.0,1.791759469228055,False
گل‌کاری کرد,True,True,کرد,8,5,0.375,2.3547366071540514,,0.4,تپه,0.8,0.0,0.0,0.0,2.0794415416798357,False
گم کرد,True,True,کرد,9,9,0.0,3.1225025148315813,,0.3333333333333333,راه,0.7777777777777778,0.0,0.0,0.0,2.1972245773362196,False
گمارد,False,False,,6,5,0.16666666666666666,2.8990061112429473,,0.2,کمیته,1.0,0.0,0.0,0.2,1.791759469228055,False
گماشت,False,False,,12,12,0.0,4.019418767758224,3.1809280948873617,0.16666666666666666,کس,0.9166666666666666,0.16666666666666666,0.16666666666666663,0.08333333333333333,2.4849066497880004,True
گنجاند,False,False,,12,11,0.08333333333333333,4.115202091768644,3.321928094887362,0.09090909090909091,شعر,1.0,0.0,0.18181818181818177,0.09090909090909091,2.4849066497880004,True
گنجانید,False,False,,5,5,0.0,2.8990061112429473,,0.2,رویداد,1.0,0.0,0.0,0.0,1.6094379124341003,False
گواه گرفت,True,True,گرفت,5,4,0.2,2.5410106403333614,,0.25,فرستاده,1.0,0.0,0.0,0.25,1.6094379124341003,False
گوش کرد,True,True,کرد,13,7,0.46153846153846156,3.036888865232234,,0.2857142857142857,حرف,0.8571428571428571,0.14285714285714285,0.1428571428571429,0.0,2.5649493574615367,False
گچ گرفت,True,True,گرفت,8,8,0.0,1.6803368801111205,,0.5,پا,0.375,0.0,0.0,0.0,2.0794415416798357,False
یاد آورد,True,True,آورد,5,4,0.2,2.5410106403333614,,0.25,فرمایش,1.0,0.0,0.0,0.0,1.6094379124341003,False
یاد داد,True,True,داد,7,6,0.14285714285714285,3.186085434424891,,0.16666666666666666,کردن,1.0,0.0,0.0,0.0,1.9459101490553132,False
یاد داشت,True,True,داشت,7,6,0.14285714285714285,3.186085434424891,,0.16666666666666666,بار,1.0,0.0,0.33333333333333337,0.16666666666666666,1.9459101490553132,False
یاد گرفت,True,True,گرفت,17,13,0.23529411764705882,3.6802274244362363,2.920374701058396,0.23076923076923078,زبان,0.7692307692307693,0.07692307692307693,0.5384615384615384,0.07692307692307693,2.833213344056216,True
یادداشت کرد,True,True,کرد,8,7,0.125,3.425652796724303,,0.14285714285714285,اندیشه,1.0,0.0,0.0,0.2857142857142857,2.0794415416798357,False
یاری داد,True,True,داد,8,6,0.25,3.186085434424891,,0.16666666666666666,قلب,1.0,0.0,0.0,0.0,2.0794415416798357,False
یاری کرد,True,True,کرد,8,6,0.25,3.186085434424891,,0.16666666666666666,آنها,1.0,0.0,0.0,0.5,2.0794415416798357,False
یافت,False,False,,85,83,0.023529411764705882,6.693844087363729,3.2895506511362798,0.04819277108433735,خود,0.8674698795180723,0.10843373493975904,0.37349397590361444,0.10843373493975904,4.442651256490317,True
